> Task :compileJava UP-TO-DATE
> Task :processResources UP-TO-DATE
> Task :classes UP-TO-DATE
> Task :resolveMainClassName

> Task :bootRun

  .   ____          _            __ _ _
 /\\ / ___'_ __ _ _(_)_ __  __ _ \ \ \ \
( ( )\___ | '_ | '_| | '_ \/ _` | \ \ \ \
 \\/  ___)| |_)| | | | | || (_| |  ) ) ) )
  '  |____| .__|_| |_|_| |_\__, | / / / /
 =========|_|==============|___/=/_/_/_/

 :: Spring Boot ::                (v4.0.3)

2026-05-26T18:49:46.906+09:00  INFO 35489 --- [dagalle] [           main] org.jkh.com.dagalle.DagalleApplication   : Starting DagalleApplication using Java 17.0.17 with PID 35489 (/Users/jang-gunho/Library/Mobile Documents/com~apple~CloudDocs/Desktop/Spring/dagalle/build/classes/java/main started by jang-gunho in /Users/jang-gunho/Library/Mobile Documents/com~apple~CloudDocs/Desktop/Spring/dagalle)
2026-05-26T18:49:46.908+09:00  INFO 35489 --- [dagalle] [           main] org.jkh.com.dagalle.DagalleApplication   : The following 1 profile is active: "local"
2026-05-26T18:49:47.426+09:00  INFO 35489 --- [dagalle] [           main] .s.d.r.c.RepositoryConfigurationDelegate : Multiple Spring Data modules found, entering strict repository configuration mode
2026-05-26T18:49:47.427+09:00  INFO 35489 --- [dagalle] [           main] .s.d.r.c.RepositoryConfigurationDelegate : Bootstrapping Spring Data JPA repositories in DEFAULT mode.
2026-05-26T18:49:47.536+09:00  INFO 35489 --- [dagalle] [           main] .s.d.r.c.RepositoryConfigurationDelegate : Finished Spring Data repository scanning in 104 ms. Found 9 JPA repository interfaces.
2026-05-26T18:49:47.559+09:00  INFO 35489 --- [dagalle] [           main] .s.d.r.c.RepositoryConfigurationDelegate : Multiple Spring Data modules found, entering strict repository configuration mode
2026-05-26T18:49:47.559+09:00  INFO 35489 --- [dagalle] [           main] .s.d.r.c.RepositoryConfigurationDelegate : Bootstrapping Spring Data Redis repositories in DEFAULT mode.
2026-05-26T18:49:47.578+09:00  INFO 35489 --- [dagalle] [           main] .RepositoryConfigurationExtensionSupport : Spring Data Redis - Could not safely identify store assignment for repository candidate interface org.jkh.com.dagalle.domain.accommodation.repository.AccommodationRepository; If you want this repository to be a Redis repository, consider annotating your entities with one of these annotations: org.springframework.data.redis.core.RedisHash (preferred), or consider extending one of the following types with your repository: org.springframework.data.keyvalue.repository.KeyValueRepository
2026-05-26T18:49:47.578+09:00  INFO 35489 --- [dagalle] [           main] .RepositoryConfigurationExtensionSupport : Spring Data Redis - Could not safely identify store assignment for repository candidate interface org.jkh.com.dagalle.domain.location.repository.LocationRepository; If you want this repository to be a Redis repository, consider annotating your entities with one of these annotations: org.springframework.data.redis.core.RedisHash (preferred), or consider extending one of the following types with your repository: org.springframework.data.keyvalue.repository.KeyValueRepository
2026-05-26T18:49:47.579+09:00  INFO 35489 --- [dagalle] [           main] .RepositoryConfigurationExtensionSupport : Spring Data Redis - Could not safely identify store assignment for repository candidate interface org.jkh.com.dagalle.domain.plan.repository.PlanDayRepository; If you want this repository to be a Redis repository, consider annotating your entities with one of these annotations: org.springframework.data.redis.core.RedisHash (preferred), or consider extending one of the following types with your repository: org.springframework.data.keyvalue.repository.KeyValueRepository
2026-05-26T18:49:47.579+09:00  INFO 35489 --- [dagalle] [           main] .RepositoryConfigurationExtensionSupport : Spring Data Redis - Could not safely identify store assignment for repository candidate interface org.jkh.com.dagalle.domain.plan.repository.PlanRouteRepository; If you want this repository to be a Redis repository, consider annotating your entities with one of these annotations: org.springframework.data.redis.core.RedisHash (preferred), or consider extending one of the following types with your repository: org.springframework.data.keyvalue.repository.KeyValueRepository
2026-05-26T18:49:47.579+09:00  INFO 35489 --- [dagalle] [           main] .RepositoryConfigurationExtensionSupport : Spring Data Redis - Could not safely identify store assignment for repository candidate interface org.jkh.com.dagalle.domain.rental.repository.CarRentalRepository; If you want this repository to be a Redis repository, consider annotating your entities with one of these annotations: org.springframework.data.redis.core.RedisHash (preferred), or consider extending one of the following types with your repository: org.springframework.data.keyvalue.repository.KeyValueRepository
2026-05-26T18:49:47.579+09:00  INFO 35489 --- [dagalle] [           main] .RepositoryConfigurationExtensionSupport : Spring Data Redis - Could not safely identify store assignment for repository candidate interface org.jkh.com.dagalle.domain.restaurant.repository.RestaurantScoreRepository; If you want this repository to be a Redis repository, consider annotating your entities with one of these annotations: org.springframework.data.redis.core.RedisHash (preferred), or consider extending one of the following types with your repository: org.springframework.data.keyvalue.repository.KeyValueRepository
2026-05-26T18:49:47.579+09:00  INFO 35489 --- [dagalle] [           main] .RepositoryConfigurationExtensionSupport : Spring Data Redis - Could not safely identify store assignment for repository candidate interface org.jkh.com.dagalle.domain.travel.repository.TravelMemberRepository; If you want this repository to be a Redis repository, consider annotating your entities with one of these annotations: org.springframework.data.redis.core.RedisHash (preferred), or consider extending one of the following types with your repository: org.springframework.data.keyvalue.repository.KeyValueRepository
2026-05-26T18:49:47.580+09:00  INFO 35489 --- [dagalle] [           main] .RepositoryConfigurationExtensionSupport : Spring Data Redis - Could not safely identify store assignment for repository candidate interface org.jkh.com.dagalle.domain.travel.repository.TravelPlanRepository; If you want this repository to be a Redis repository, consider annotating your entities with one of these annotations: org.springframework.data.redis.core.RedisHash (preferred), or consider extending one of the following types with your repository: org.springframework.data.keyvalue.repository.KeyValueRepository
2026-05-26T18:49:47.581+09:00  INFO 35489 --- [dagalle] [           main] .RepositoryConfigurationExtensionSupport : Spring Data Redis - Could not safely identify store assignment for repository candidate interface org.jkh.com.dagalle.domain.user.repository.UserRepository; If you want this repository to be a Redis repository, consider annotating your entities with one of these annotations: org.springframework.data.redis.core.RedisHash (preferred), or consider extending one of the following types with your repository: org.springframework.data.keyvalue.repository.KeyValueRepository
2026-05-26T18:49:47.581+09:00  INFO 35489 --- [dagalle] [           main] .s.d.r.c.RepositoryConfigurationDelegate : Finished Spring Data repository scanning in 10 ms. Found 0 Redis repository interfaces.
2026-05-26T18:49:47.861+09:00  INFO 35489 --- [dagalle] [           main] o.s.boot.tomcat.TomcatWebServer          : Tomcat initialized with port 8080 (http)
2026-05-26T18:49:47.868+09:00  INFO 35489 --- [dagalle] [           main] o.apache.catalina.core.StandardService   : Starting service [Tomcat]
2026-05-26T18:49:47.869+09:00  INFO 35489 --- [dagalle] [           main] o.apache.catalina.core.StandardEngine    : Starting Servlet engine: [Apache Tomcat/11.0.18]
2026-05-26T18:49:47.898+09:00  INFO 35489 --- [dagalle] [           main] b.w.c.s.WebApplicationContextInitializer : Root WebApplicationContext: initialization completed in 963 ms
2026-05-26T18:49:47.995+09:00  INFO 35489 --- [dagalle] [           main] org.hibernate.orm.jpa                    : HHH008540: Processing PersistenceUnitInfo [name: default]
2026-05-26T18:49:48.034+09:00  INFO 35489 --- [dagalle] [           main] org.hibernate.orm.core                   : HHH000001: Hibernate ORM core version 7.2.4.Final
2026-05-26T18:49:48.300+09:00  INFO 35489 --- [dagalle] [           main] o.s.o.j.p.SpringPersistenceUnitInfo      : No LoadTimeWeaver setup: ignoring JPA class transformer
2026-05-26T18:49:48.319+09:00  INFO 35489 --- [dagalle] [           main] com.zaxxer.hikari.HikariDataSource       : HikariPool-1 - Starting...
2026-05-26T18:49:48.409+09:00  INFO 35489 --- [dagalle] [           main] com.zaxxer.hikari.pool.HikariPool        : HikariPool-1 - Added connection conn0: url=jdbc:h2:mem:dagalle user=SA
2026-05-26T18:49:48.410+09:00  INFO 35489 --- [dagalle] [           main] com.zaxxer.hikari.HikariDataSource       : HikariPool-1 - Start completed.
2026-05-26T18:49:48.425+09:00  WARN 35489 --- [dagalle] [           main] org.hibernate.orm.deprecation            : HHH90000025: H2Dialect does not need to be specified explicitly using 'hibernate.dialect' (remove the property setting and it will be selected by default)
2026-05-26T18:49:48.436+09:00  INFO 35489 --- [dagalle] [           main] org.hibernate.orm.connections.pooling    : HHH10001005: Database info:
	Database JDBC URL [jdbc:h2:mem:dagalle]
	Database driver: H2 JDBC Driver
	Database dialect: H2Dialect
	Database version: 2.4.240
	Default catalog/schema: DAGALLE/PUBLIC
	Autocommit mode: undefined/unknown
	Isolation level: READ_COMMITTED [default READ_COMMITTED]
	JDBC fetch size: 100
	Pool: DataSourceConnectionProvider
	Minimum pool size: undefined/unknown
	Maximum pool size: undefined/unknown
2026-05-26T18:49:49.108+09:00  INFO 35489 --- [dagalle] [           main] org.hibernate.orm.core                   : HHH000489: No JTA platform available (set 'hibernate.transaction.jta.platform' to enable JTA platform integration)
2026-05-26T18:49:49.110+09:00  INFO 35489 --- [dagalle] [           main] org.hibernate.orm.jdbc.batch             : HHH100501: Automatic JDBC statement batching enabled (maximum batch size 50)
Hibernate: 
    drop table if exists accommodations cascade 
Hibernate: 
    drop table if exists car_rentals cascade 
Hibernate: 
    drop table if exists locations cascade 
Hibernate: 
    drop table if exists plan_days cascade 
Hibernate: 
    drop table if exists plan_routes cascade 
Hibernate: 
    drop table if exists restaurant_scores cascade 
Hibernate: 
    drop table if exists travel_members cascade 
Hibernate: 
    drop table if exists travel_plans cascade 
Hibernate: 
    drop table if exists users cascade 
Hibernate: 
    create table accommodations (
        check_in date,
        check_out date,
        price_per_night_krw integer,
        id bigint generated by default as identity,
        travel_plan_id bigint not null,
        hotel_name varchar(200),
        primary key (id)
    )
Hibernate: 
    create table car_rentals (
        daily_rate_krw integer,
        estimated_fuel_krw integer,
        estimated_toll_krw integer,
        rental_days integer,
        id bigint generated by default as identity,
        travel_plan_id bigint not null,
        car_type varchar(100),
        primary key (id)
    )
Hibernate: 
    create table locations (
        is_open_now boolean,
        lat float(53) not null,
        lng float(53) not null,
        rating float(53),
        review_count integer,
        cached_at timestamp(6),
        id bigint generated by default as identity,
        external_id varchar(200),
        name varchar(200) not null,
        address varchar(500),
        description TEXT,
        source enum ('AI','GOOGLE','KAKAO','NAVER','USER') not null,
        type enum ('AIRPORT','BEACH','CAFE','ETC','HOTEL','MOUNTAIN','MUSEUM','PARK','RESTAURANT','SHOPPING','STATION'),
        primary key (id)
    )
Hibernate: 
    create table plan_days (
        date date not null,
        day_number integer not null,
        id bigint generated by default as identity,
        travel_plan_id bigint not null,
        primary key (id),
        unique (travel_plan_id, day_number)
    )
Hibernate: 
    create table plan_routes (
        distance_km float(53),
        duration_minutes integer,
        estimated_cost integer,
        place_cost integer,
        sequence integer not null,
        departure_time timestamp(6),
        from_location_id bigint not null,
        id bigint generated by default as identity,
        plan_day_id bigint not null,
        to_location_id bigint not null,
        note TEXT,
        transport enum ('BUS','CAR','SUBWAY','TRAIN','WALK') not null,
        primary key (id)
    )
Hibernate: 
    create table restaurant_scores (
        positive_ratio float(53) not null,
        rating float(53) not null,
        recommend_score integer not null,
        id bigint generated by default as identity,
        location_id bigint not null unique,
        updated_at timestamp(6) not null,
        recent_trend enum ('DOWN','STABLE','UP') not null,
        primary key (id)
    )
Hibernate: 
    create table travel_members (
        id bigint generated by default as identity,
        travel_plan_id bigint not null,
        user_id bigint not null,
        role enum ('MEMBER','OWNER') not null,
        primary key (id),
        unique (travel_plan_id, user_id)
    )
Hibernate: 
    create table travel_plans (
        accommodation_score integer not null,
        budget_total integer,
        country_code varchar(2),
        end_date date not null,
        extreme_score integer not null,
        food_score integer not null,
        is_ai_generated boolean not null,
        member_count integer,
        start_date date not null,
        transport_score integer not null,
        with_car boolean,
        arrival_at_dest_time varchar(5),
        departure_flight_time varchar(5),
        return_flight_time varchar(5),
        id bigint generated by default as identity,
        owner_id bigint not null,
        theme varchar(100),
        title varchar(100) not null,
        end_location varchar(200) not null,
        start_location varchar(200) not null,
        keywords varchar(500),
        status enum ('COMPLETED','CONFIRMED','DRAFT') not null,
        primary key (id)
    )
Hibernate: 
    create table users (
        deleted_at timestamp(6),
        id bigint generated by default as identity,
        username varchar(50) not null,
        email varchar(100) not null unique,
        password varchar(255) not null,
        tendency enum ('ACTIVE','BALANCED','RELAX') not null,
        primary key (id)
    )
Hibernate: 
    alter table if exists accommodations 
       add constraint FK7fv4o6ir66cjbdk459adu48a9 
       foreign key (travel_plan_id) 
       references travel_plans
Hibernate: 
    alter table if exists car_rentals 
       add constraint FKlb9iglwe6va80rt5n8hwh033u 
       foreign key (travel_plan_id) 
       references travel_plans
Hibernate: 
    alter table if exists plan_days 
       add constraint FKgvvijwbb13muqk11m649x37bw 
       foreign key (travel_plan_id) 
       references travel_plans
Hibernate: 
    alter table if exists plan_routes 
       add constraint FKdpmssuq0qt72nbk3rinv4uehy 
       foreign key (from_location_id) 
       references locations
Hibernate: 
    alter table if exists plan_routes 
       add constraint FKhai5f94nl4sumv5n42minsd1m 
       foreign key (plan_day_id) 
       references plan_days
Hibernate: 
    alter table if exists plan_routes 
       add constraint FKec3gnpl12wfh3pprlqnds093s 
       foreign key (to_location_id) 
       references locations
Hibernate: 
    alter table if exists restaurant_scores 
       add constraint FKjt9t378vmc1ootcw9kc5dtabs 
       foreign key (location_id) 
       references locations
Hibernate: 
    alter table if exists travel_members 
       add constraint FKn34v5dq7hmq9rbtsk85x57r6c 
       foreign key (travel_plan_id) 
       references travel_plans
Hibernate: 
    alter table if exists travel_members 
       add constraint FKis71k8dsarckcphsut4t6k6dq 
       foreign key (user_id) 
       references users
Hibernate: 
    alter table if exists travel_plans 
       add constraint FK9m5ilthn9i8bk1te3kxjcuyww 
       foreign key (owner_id) 
       references users
2026-05-26T18:49:49.151+09:00  INFO 35489 --- [dagalle] [           main] j.LocalContainerEntityManagerFactoryBean : Initialized JPA EntityManagerFactory for persistence unit 'default'
2026-05-26T18:49:49.216+09:00  INFO 35489 --- [dagalle] [           main] o.s.d.j.r.query.QueryEnhancerFactories   : Hibernate is in classpath; If applicable, HQL parser will be used.
2026-05-26T18:49:49.898+09:00  INFO 35489 --- [dagalle] [           main] r$InitializeUserDetailsManagerConfigurer : Global AuthenticationManager configured with UserDetailsService bean with name userDetailsServiceImpl
2026-05-26T18:49:50.187+09:00  WARN 35489 --- [dagalle] [           main] i.n.r.d.DnsServerAddressStreamProviders  : Can not find io.netty.resolver.dns.macos.MacOSDnsServerAddressStreamProvider in the classpath, fallback to system defaults. This may result in incorrect DNS resolutions on MacOS. Check whether you have a dependency on 'io.netty:netty-resolver-dns-native-macos'
2026-05-26T18:49:50.353+09:00  INFO 35489 --- [dagalle] [           main] o.s.boot.tomcat.TomcatWebServer          : Tomcat started on port 8080 (http) with context path '/'
2026-05-26T18:49:50.360+09:00  INFO 35489 --- [dagalle] [           main] org.jkh.com.dagalle.DagalleApplication   : Started DagalleApplication in 3.696 seconds (process running for 3.908)
2026-05-26T18:50:02.911+09:00  INFO 35489 --- [dagalle] [nio-8080-exec-1] o.a.c.c.C.[Tomcat].[localhost].[/]       : Initializing Spring DispatcherServlet 'dispatcherServlet'
2026-05-26T18:50:02.911+09:00  INFO 35489 --- [dagalle] [nio-8080-exec-1] o.s.web.servlet.DispatcherServlet        : Initializing Servlet 'dispatcherServlet'
2026-05-26T18:50:02.912+09:00  INFO 35489 --- [dagalle] [nio-8080-exec-1] o.s.web.servlet.DispatcherServlet        : Completed initialization in 1 ms
2026-05-26T19:11:14.863+09:00  WARN 35489 --- [dagalle] [l-1:housekeeper] com.zaxxer.hikari.pool.HikariPool        : HikariPool-1 - Thread starvation or clock leap detected (housekeeper delta=13m26s281ms).
2026-05-26T19:27:41.790+09:00  WARN 35489 --- [dagalle] [l-1:housekeeper] com.zaxxer.hikari.pool.HikariPool        : HikariPool-1 - Thread starvation or clock leap detected (housekeeper delta=15m56s917ms).
2026-05-27T03:28:23.417+09:00  INFO 35489 --- [dagalle] [   scheduling-1] o.j.c.d.d.r.s.RestaurantScoreScheduler   : 식당 추천 점수 배치 재계산 시작
Hibernate: 
    select
        l1_0.id,
        l1_0.address,
        l1_0.cached_at,
        l1_0.description,
        l1_0.external_id,
        l1_0.is_open_now,
        l1_0.lat,
        l1_0.lng,
        l1_0.name,
        l1_0.rating,
        l1_0.review_count,
        l1_0.source,
        l1_0.type 
    from
        locations l1_0
2026-05-27T03:28:23.506+09:00  INFO 35489 --- [dagalle] [   scheduling-1] o.j.c.d.d.r.s.RestaurantScoreScheduler   : 식당 추천 점수 배치 재계산 완료
2026-05-27T08:37:50.545+09:00  WARN 35489 --- [dagalle] [l-1:housekeeper] com.zaxxer.hikari.pool.HikariPool        : HikariPool-1 - Thread starvation or clock leap detected (housekeeper delta=1m59s465ms).
Hibernate: 
    select
        u1_0.id 
    from
        users u1_0 
    where
        (
            u1_0.deleted_at IS NULL
        ) 
        and u1_0.email=? 
    fetch
        first ? rows only
Hibernate: 
    insert 
    into
        users
        (deleted_at, email, password, tendency, username, id) 
    values
        (?, ?, ?, ?, ?, default)
Hibernate: 
    select
        u1_0.id,
        u1_0.deleted_at,
        u1_0.email,
        u1_0.password,
        u1_0.tendency,
        u1_0.username 
    from
        users u1_0 
    where
        (
            u1_0.deleted_at IS NULL
        ) 
        and u1_0.email=?
Hibernate: 
    select
        u1_0.id,
        u1_0.deleted_at,
        u1_0.email,
        u1_0.password,
        u1_0.tendency,
        u1_0.username 
    from
        users u1_0 
    where
        (
            u1_0.deleted_at IS NULL
        ) 
        and u1_0.email=?
Hibernate: 
    select
        u1_0.id,
        u1_0.deleted_at,
        u1_0.email,
        u1_0.password,
        u1_0.tendency,
        u1_0.username 
    from
        users u1_0 
    where
        u1_0.id=? 
        and (
            u1_0.deleted_at IS NULL
        )
Hibernate: 
    select
        u1_0.id,
        u1_0.deleted_at,
        u1_0.email,
        u1_0.password,
        u1_0.tendency,
        u1_0.username 
    from
        users u1_0 
    where
        u1_0.id=? 
        and (
            u1_0.deleted_at IS NULL
        )
Hibernate: 
    select
        u1_0.id,
        u1_0.deleted_at,
        u1_0.email,
        u1_0.password,
        u1_0.tendency,
        u1_0.username 
    from
        users u1_0 
    where
        (
            u1_0.deleted_at IS NULL
        ) 
        and u1_0.email=?
Hibernate: 
    select
        u1_0.id,
        u1_0.deleted_at,
        u1_0.email,
        u1_0.password,
        u1_0.tendency,
        u1_0.username 
    from
        users u1_0 
    where
        u1_0.id=? 
        and (
            u1_0.deleted_at IS NULL
        )
Hibernate: 
    select
        u1_0.id,
        u1_0.deleted_at,
        u1_0.email,
        u1_0.password,
        u1_0.tendency,
        u1_0.username 
    from
        users u1_0 
    where
        u1_0.id=? 
        and (
            u1_0.deleted_at IS NULL
        )
Hibernate: 
    insert 
    into
        travel_plans
        (accommodation_score, arrival_at_dest_time, budget_total, country_code, departure_flight_time, end_date, end_location, extreme_score, food_score, is_ai_generated, keywords, member_count, owner_id, return_flight_time, start_date, start_location, status, theme, title, transport_score, with_car, id) 
    values
        (?, ?, ?, ?, ?, ?, ?, ?, ?, ?, ?, ?, ?, ?, ?, ?, ?, ?, ?, ?, ?, default)
Hibernate: 
    insert 
    into
        travel_members
        (role, travel_plan_id, user_id, id) 
    values
        (?, ?, ?, default)
Hibernate: 
    insert 
    into
        plan_days
        (date, day_number, travel_plan_id, id) 
    values
        (?, ?, ?, default)
Hibernate: 
    insert 
    into
        plan_days
        (date, day_number, travel_plan_id, id) 
    values
        (?, ?, ?, default)
Hibernate: 
    insert 
    into
        plan_days
        (date, day_number, travel_plan_id, id) 
    values
        (?, ?, ?, default)
Hibernate: 
    insert 
    into
        plan_days
        (date, day_number, travel_plan_id, id) 
    values
        (?, ?, ?, default)
Hibernate: 
    insert 
    into
        plan_days
        (date, day_number, travel_plan_id, id) 
    values
        (?, ?, ?, default)
Hibernate: 
    select
        u1_0.id,
        u1_0.deleted_at,
        u1_0.email,
        u1_0.password,
        u1_0.tendency,
        u1_0.username 
    from
        users u1_0 
    where
        (
            u1_0.deleted_at IS NULL
        ) 
        and u1_0.email=?
Hibernate: 
    select
        u1_0.id,
        u1_0.deleted_at,
        u1_0.email,
        u1_0.password,
        u1_0.tendency,
        u1_0.username 
    from
        users u1_0 
    where
        u1_0.id=? 
        and (
            u1_0.deleted_at IS NULL
        )
Hibernate: 
    select
        tp1_0.id,
        tp1_0.accommodation_score,
        tp1_0.arrival_at_dest_time,
        tp1_0.budget_total,
        tp1_0.country_code,
        tp1_0.departure_flight_time,
        tp1_0.end_date,
        tp1_0.end_location,
        tp1_0.extreme_score,
        tp1_0.food_score,
        tp1_0.is_ai_generated,
        tp1_0.keywords,
        tp1_0.member_count,
        tp1_0.owner_id,
        tp1_0.return_flight_time,
        tp1_0.start_date,
        tp1_0.start_location,
        tp1_0.status,
        tp1_0.theme,
        tp1_0.title,
        tp1_0.transport_score,
        tp1_0.with_car 
    from
        travel_plans tp1_0 
    where
        tp1_0.id=?
Hibernate: 
    select
        u1_0.id,
        u1_0.deleted_at,
        u1_0.email,
        u1_0.password,
        u1_0.tendency,
        u1_0.username 
    from
        users u1_0 
    where
        u1_0.id=? 
        and (
            u1_0.deleted_at IS NULL
        )
Hibernate: 
    select
        tm1_0.id 
    from
        travel_members tm1_0 
    where
        tm1_0.travel_plan_id=? 
        and tm1_0.user_id=? 
        and tm1_0.role=? 
    fetch
        first ? rows only
Hibernate: 
    select
        m1_0.travel_plan_id,
        m1_0.id,
        m1_0.role,
        m1_0.user_id 
    from
        travel_members m1_0 
    where
        m1_0.travel_plan_id=?
Hibernate: 
    delete 
    from
        travel_members 
    where
        id=?
Hibernate: 
    delete 
    from
        travel_plans 
    where
        id=?
2026-05-27T08:42:19.748+09:00  INFO 35489 --- [dagalle] [nio-8080-exec-8] org.hibernate.orm.jdbc.batch             : HHH100503: JDBC batch still contained JDBC statements on release
2026-05-27T08:42:19.749+09:00  WARN 35489 --- [dagalle] [nio-8080-exec-8] org.hibernate.orm.jdbc.error             : HHH000247: ErrorCode: 23503, SQLState: 23503
2026-05-27T08:42:19.749+09:00  WARN 35489 --- [dagalle] [nio-8080-exec-8] org.hibernate.orm.jdbc.error             : Referential integrity constraint violation: "FKGVVIJWBB13MUQK11M649X37BW: PUBLIC.PLAN_DAYS FOREIGN KEY(TRAVEL_PLAN_ID) REFERENCES PUBLIC.TRAVEL_PLANS(ID) (CAST(1 AS BIGINT))"; SQL statement:
delete from travel_plans where id=? [23503-240]
2026-05-27T08:42:19.753+09:00 ERROR 35489 --- [dagalle] [nio-8080-exec-8] o.j.c.d.c.e.GlobalExceptionHandler       : [서버 내부 오류] DataIntegrityViolationException - could not execute batch [Referential integrity constraint violation: "FKGVVIJWBB13MUQK11M649X37BW: PUBLIC.PLAN_DAYS FOREIGN KEY(TRAVEL_PLAN_ID) REFERENCES PUBLIC.TRAVEL_PLANS(ID) (CAST(1 AS BIGINT))"; SQL statement:
delete from travel_plans where id=? [23503-240]] [delete from travel_plans where id=?]; SQL [delete from travel_plans where id=?]; constraint [FKGVVIJWBB13MUQK11M649X37BW]

org.springframework.dao.DataIntegrityViolationException: could not execute batch [Referential integrity constraint violation: "FKGVVIJWBB13MUQK11M649X37BW: PUBLIC.PLAN_DAYS FOREIGN KEY(TRAVEL_PLAN_ID) REFERENCES PUBLIC.TRAVEL_PLANS(ID) (CAST(1 AS BIGINT))"; SQL statement:
delete from travel_plans where id=? [23503-240]] [delete from travel_plans where id=?]; SQL [delete from travel_plans where id=?]; constraint [FKGVVIJWBB13MUQK11M649X37BW]
	at org.springframework.orm.jpa.hibernate.HibernateExceptionTranslator.convertHibernateAccessException(HibernateExceptionTranslator.java:169) ~[spring-orm-7.0.5.jar:7.0.5]
	at org.springframework.orm.jpa.hibernate.HibernateExceptionTranslator.convertHibernateAccessException(HibernateExceptionTranslator.java:131) ~[spring-orm-7.0.5.jar:7.0.5]
	at org.springframework.orm.jpa.hibernate.HibernateExceptionTranslator.translateExceptionIfPossible(HibernateExceptionTranslator.java:105) ~[spring-orm-7.0.5.jar:7.0.5]
	at org.springframework.orm.jpa.vendor.HibernateJpaDialect.translateExceptionIfPossible(HibernateJpaDialect.java:223) ~[spring-orm-7.0.5.jar:7.0.5]
	at org.springframework.orm.jpa.JpaTransactionManager.doCommit(JpaTransactionManager.java:557) ~[spring-orm-7.0.5.jar:7.0.5]
	at org.springframework.transaction.support.AbstractPlatformTransactionManager.processCommit(AbstractPlatformTransactionManager.java:794) ~[spring-tx-7.0.5.jar:7.0.5]
	at org.springframework.transaction.support.AbstractPlatformTransactionManager.commit(AbstractPlatformTransactionManager.java:757) ~[spring-tx-7.0.5.jar:7.0.5]
	at org.springframework.transaction.interceptor.TransactionAspectSupport.commitTransactionAfterReturning(TransactionAspectSupport.java:687) ~[spring-tx-7.0.5.jar:7.0.5]
	at org.springframework.transaction.interceptor.TransactionAspectSupport.invokeWithinTransaction(TransactionAspectSupport.java:408) ~[spring-tx-7.0.5.jar:7.0.5]
	at org.springframework.transaction.interceptor.TransactionInterceptor.invoke(TransactionInterceptor.java:130) ~[spring-tx-7.0.5.jar:7.0.5]
	at org.springframework.aop.framework.ReflectiveMethodInvocation.proceed(ReflectiveMethodInvocation.java:179) ~[spring-aop-7.0.5.jar:7.0.5]
	at org.springframework.aop.framework.CglibAopProxy$DynamicAdvisedInterceptor.intercept(CglibAopProxy.java:719) ~[spring-aop-7.0.5.jar:7.0.5]
	at org.jkh.com.dagalle.domain.travel.service.TravelPlanService$$SpringCGLIB$$0.delete(<generated>) ~[main/:na]
	at org.jkh.com.dagalle.domain.travel.controller.TravelPlanController.delete(TravelPlanController.java:76) ~[main/:na]
	at java.base/jdk.internal.reflect.NativeMethodAccessorImpl.invoke0(Native Method) ~[na:na]
	at java.base/jdk.internal.reflect.NativeMethodAccessorImpl.invoke(NativeMethodAccessorImpl.java:77) ~[na:na]
	at java.base/jdk.internal.reflect.DelegatingMethodAccessorImpl.invoke(DelegatingMethodAccessorImpl.java:43) ~[na:na]
	at java.base/java.lang.reflect.Method.invoke(Method.java:569) ~[na:na]
	at org.springframework.web.method.support.InvocableHandlerMethod.doInvoke(InvocableHandlerMethod.java:252) ~[spring-web-7.0.5.jar:7.0.5]
	at org.springframework.web.method.support.InvocableHandlerMethod.invokeForRequest(InvocableHandlerMethod.java:184) ~[spring-web-7.0.5.jar:7.0.5]
	at org.springframework.web.servlet.mvc.method.annotation.ServletInvocableHandlerMethod.invokeAndHandle(ServletInvocableHandlerMethod.java:117) ~[spring-webmvc-7.0.5.jar:7.0.5]
	at org.springframework.web.servlet.mvc.method.annotation.RequestMappingHandlerAdapter.invokeHandlerMethod(RequestMappingHandlerAdapter.java:934) ~[spring-webmvc-7.0.5.jar:7.0.5]
	at org.springframework.web.servlet.mvc.method.annotation.RequestMappingHandlerAdapter.handleInternal(RequestMappingHandlerAdapter.java:853) ~[spring-webmvc-7.0.5.jar:7.0.5]
	at org.springframework.web.servlet.mvc.method.AbstractHandlerMethodAdapter.handle(AbstractHandlerMethodAdapter.java:86) ~[spring-webmvc-7.0.5.jar:7.0.5]
	at org.springframework.web.servlet.DispatcherServlet.doDispatch(DispatcherServlet.java:963) ~[spring-webmvc-7.0.5.jar:7.0.5]
	at org.springframework.web.servlet.DispatcherServlet.doService(DispatcherServlet.java:866) ~[spring-webmvc-7.0.5.jar:7.0.5]
	at org.springframework.web.servlet.FrameworkServlet.processRequest(FrameworkServlet.java:1000) ~[spring-webmvc-7.0.5.jar:7.0.5]
	at org.springframework.web.servlet.FrameworkServlet.doDelete(FrameworkServlet.java:925) ~[spring-webmvc-7.0.5.jar:7.0.5]
	at jakarta.servlet.http.HttpServlet.service(HttpServlet.java:651) ~[tomcat-embed-core-11.0.18.jar:6.1]
	at org.springframework.web.servlet.FrameworkServlet.service(FrameworkServlet.java:874) ~[spring-webmvc-7.0.5.jar:7.0.5]
	at jakarta.servlet.http.HttpServlet.service(HttpServlet.java:710) ~[tomcat-embed-core-11.0.18.jar:6.1]
	at org.apache.catalina.core.ApplicationFilterChain.doFilter(ApplicationFilterChain.java:128) ~[tomcat-embed-core-11.0.18.jar:11.0.18]
	at org.apache.tomcat.websocket.server.WsFilter.doFilter(WsFilter.java:53) ~[tomcat-embed-websocket-11.0.18.jar:11.0.18]
	at org.apache.catalina.core.ApplicationFilterChain.doFilter(ApplicationFilterChain.java:107) ~[tomcat-embed-core-11.0.18.jar:11.0.18]
	at org.springframework.web.filter.CompositeFilter$VirtualFilterChain.doFilter(CompositeFilter.java:108) ~[spring-web-7.0.5.jar:7.0.5]
	at org.springframework.security.web.FilterChainProxy.lambda$doFilterInternal$3(FilterChainProxy.java:235) ~[spring-security-web-7.0.3.jar:7.0.3]
	at org.springframework.security.web.FilterChainProxy$VirtualFilterChain.doFilter(FilterChainProxy.java:371) ~[spring-security-web-7.0.3.jar:7.0.3]
	at org.springframework.security.web.access.intercept.AuthorizationFilter.doFilter(AuthorizationFilter.java:101) ~[spring-security-web-7.0.3.jar:7.0.3]
	at org.springframework.security.web.FilterChainProxy$VirtualFilterChain.doFilter(FilterChainProxy.java:380) ~[spring-security-web-7.0.3.jar:7.0.3]
	at org.springframework.security.web.access.ExceptionTranslationFilter.doFilter(ExceptionTranslationFilter.java:126) ~[spring-security-web-7.0.3.jar:7.0.3]
	at org.springframework.security.web.access.ExceptionTranslationFilter.doFilter(ExceptionTranslationFilter.java:120) ~[spring-security-web-7.0.3.jar:7.0.3]
	at org.springframework.security.web.FilterChainProxy$VirtualFilterChain.doFilter(FilterChainProxy.java:380) ~[spring-security-web-7.0.3.jar:7.0.3]
	at org.springframework.security.web.session.SessionManagementFilter.doFilter(SessionManagementFilter.java:132) ~[spring-security-web-7.0.3.jar:7.0.3]
	at org.springframework.security.web.session.SessionManagementFilter.doFilter(SessionManagementFilter.java:86) ~[spring-security-web-7.0.3.jar:7.0.3]
	at org.springframework.security.web.FilterChainProxy$VirtualFilterChain.doFilter(FilterChainProxy.java:380) ~[spring-security-web-7.0.3.jar:7.0.3]
	at org.springframework.security.web.authentication.AnonymousAuthenticationFilter.doFilter(AnonymousAuthenticationFilter.java:100) ~[spring-security-web-7.0.3.jar:7.0.3]
	at org.springframework.security.web.FilterChainProxy$VirtualFilterChain.doFilter(FilterChainProxy.java:380) ~[spring-security-web-7.0.3.jar:7.0.3]
	at org.springframework.security.web.servletapi.SecurityContextHolderAwareRequestFilter.doFilter(SecurityContextHolderAwareRequestFilter.java:181) ~[spring-security-web-7.0.3.jar:7.0.3]
	at org.springframework.security.web.FilterChainProxy$VirtualFilterChain.doFilter(FilterChainProxy.java:380) ~[spring-security-web-7.0.3.jar:7.0.3]
	at org.springframework.security.web.savedrequest.RequestCacheAwareFilter.doFilter(RequestCacheAwareFilter.java:63) ~[spring-security-web-7.0.3.jar:7.0.3]
	at org.springframework.security.web.FilterChainProxy$VirtualFilterChain.doFilter(FilterChainProxy.java:380) ~[spring-security-web-7.0.3.jar:7.0.3]
	at org.jkh.com.dagalle.common.security.JwtAuthenticationFilter.doFilterInternal(JwtAuthenticationFilter.java:43) ~[main/:na]
	at org.springframework.web.filter.OncePerRequestFilter.doFilter(OncePerRequestFilter.java:116) ~[spring-web-7.0.5.jar:7.0.5]
	at org.springframework.security.web.FilterChainProxy$VirtualFilterChain.doFilter(FilterChainProxy.java:380) ~[spring-security-web-7.0.3.jar:7.0.3]
	at org.springframework.security.web.authentication.logout.LogoutFilter.doFilter(LogoutFilter.java:110) ~[spring-security-web-7.0.3.jar:7.0.3]
	at org.springframework.security.web.authentication.logout.LogoutFilter.doFilter(LogoutFilter.java:96) ~[spring-security-web-7.0.3.jar:7.0.3]
	at org.springframework.security.web.FilterChainProxy$VirtualFilterChain.doFilter(FilterChainProxy.java:380) ~[spring-security-web-7.0.3.jar:7.0.3]
	at org.springframework.web.filter.CorsFilter.doFilterInternal(CorsFilter.java:91) ~[spring-web-7.0.5.jar:7.0.5]
	at org.springframework.web.filter.OncePerRequestFilter.doFilter(OncePerRequestFilter.java:116) ~[spring-web-7.0.5.jar:7.0.5]
	at org.springframework.security.web.FilterChainProxy$VirtualFilterChain.doFilter(FilterChainProxy.java:380) ~[spring-security-web-7.0.3.jar:7.0.3]
	at org.springframework.security.web.header.HeaderWriterFilter.doHeadersAfter(HeaderWriterFilter.java:90) ~[spring-security-web-7.0.3.jar:7.0.3]
	at org.springframework.security.web.header.HeaderWriterFilter.doFilterInternal(HeaderWriterFilter.java:75) ~[spring-security-web-7.0.3.jar:7.0.3]
	at org.springframework.web.filter.OncePerRequestFilter.doFilter(OncePerRequestFilter.java:116) ~[spring-web-7.0.5.jar:7.0.5]
	at org.springframework.security.web.FilterChainProxy$VirtualFilterChain.doFilter(FilterChainProxy.java:380) ~[spring-security-web-7.0.3.jar:7.0.3]
	at org.springframework.security.web.context.SecurityContextHolderFilter.doFilter(SecurityContextHolderFilter.java:82) ~[spring-security-web-7.0.3.jar:7.0.3]
	at org.springframework.security.web.context.SecurityContextHolderFilter.doFilter(SecurityContextHolderFilter.java:69) ~[spring-security-web-7.0.3.jar:7.0.3]
	at org.springframework.security.web.FilterChainProxy$VirtualFilterChain.doFilter(FilterChainProxy.java:380) ~[spring-security-web-7.0.3.jar:7.0.3]
	at org.springframework.security.web.context.request.async.WebAsyncManagerIntegrationFilter.doFilterInternal(WebAsyncManagerIntegrationFilter.java:62) ~[spring-security-web-7.0.3.jar:7.0.3]
	at org.springframework.web.filter.OncePerRequestFilter.doFilter(OncePerRequestFilter.java:116) ~[spring-web-7.0.5.jar:7.0.5]
	at org.springframework.security.web.FilterChainProxy$VirtualFilterChain.doFilter(FilterChainProxy.java:380) ~[spring-security-web-7.0.3.jar:7.0.3]
	at org.springframework.security.web.session.DisableEncodeUrlFilter.doFilterInternal(DisableEncodeUrlFilter.java:42) ~[spring-security-web-7.0.3.jar:7.0.3]
	at org.springframework.web.filter.OncePerRequestFilter.doFilter(OncePerRequestFilter.java:116) ~[spring-web-7.0.5.jar:7.0.5]
	at org.springframework.security.web.FilterChainProxy$VirtualFilterChain.doFilter(FilterChainProxy.java:380) ~[spring-security-web-7.0.3.jar:7.0.3]
	at org.springframework.security.web.FilterChainProxy.doFilterInternal(FilterChainProxy.java:237) ~[spring-security-web-7.0.3.jar:7.0.3]
	at org.springframework.security.web.FilterChainProxy.doFilter(FilterChainProxy.java:195) ~[spring-security-web-7.0.3.jar:7.0.3]
	at org.springframework.web.filter.CompositeFilter$VirtualFilterChain.doFilter(CompositeFilter.java:113) ~[spring-web-7.0.5.jar:7.0.5]
	at org.springframework.web.filter.ServletRequestPathFilter.doFilter(ServletRequestPathFilter.java:52) ~[spring-web-7.0.5.jar:7.0.5]
	at org.springframework.web.filter.CompositeFilter$VirtualFilterChain.doFilter(CompositeFilter.java:113) ~[spring-web-7.0.5.jar:7.0.5]
	at org.springframework.web.filter.CompositeFilter.doFilter(CompositeFilter.java:74) ~[spring-web-7.0.5.jar:7.0.5]
	at org.springframework.security.config.annotation.web.configuration.WebSecurityConfiguration$CompositeFilterChainProxy.doFilter(WebSecurityConfiguration.java:317) ~[spring-security-config-7.0.3.jar:7.0.3]
	at org.springframework.web.filter.DelegatingFilterProxy.invokeDelegate(DelegatingFilterProxy.java:355) ~[spring-web-7.0.5.jar:7.0.5]
	at org.springframework.web.filter.DelegatingFilterProxy.doFilter(DelegatingFilterProxy.java:272) ~[spring-web-7.0.5.jar:7.0.5]
	at org.apache.catalina.core.ApplicationFilterChain.doFilter(ApplicationFilterChain.java:107) ~[tomcat-embed-core-11.0.18.jar:11.0.18]
	at org.springframework.web.filter.RequestContextFilter.doFilterInternal(RequestContextFilter.java:100) ~[spring-web-7.0.5.jar:7.0.5]
	at org.springframework.web.filter.OncePerRequestFilter.doFilter(OncePerRequestFilter.java:116) ~[spring-web-7.0.5.jar:7.0.5]
	at org.apache.catalina.core.ApplicationFilterChain.doFilter(ApplicationFilterChain.java:107) ~[tomcat-embed-core-11.0.18.jar:11.0.18]
	at org.springframework.web.filter.FormContentFilter.doFilterInternal(FormContentFilter.java:93) ~[spring-web-7.0.5.jar:7.0.5]
	at org.springframework.web.filter.OncePerRequestFilter.doFilter(OncePerRequestFilter.java:116) ~[spring-web-7.0.5.jar:7.0.5]
	at org.apache.catalina.core.ApplicationFilterChain.doFilter(ApplicationFilterChain.java:107) ~[tomcat-embed-core-11.0.18.jar:11.0.18]
	at org.springframework.web.filter.CharacterEncodingFilter.doFilterInternal(CharacterEncodingFilter.java:199) ~[spring-web-7.0.5.jar:7.0.5]
	at org.springframework.web.filter.OncePerRequestFilter.doFilter(OncePerRequestFilter.java:116) ~[spring-web-7.0.5.jar:7.0.5]
	at org.apache.catalina.core.ApplicationFilterChain.doFilter(ApplicationFilterChain.java:107) ~[tomcat-embed-core-11.0.18.jar:11.0.18]
	at org.apache.catalina.core.StandardWrapperValve.invoke(StandardWrapperValve.java:165) ~[tomcat-embed-core-11.0.18.jar:11.0.18]
	at org.apache.catalina.core.StandardContextValve.invoke(StandardContextValve.java:77) ~[tomcat-embed-core-11.0.18.jar:11.0.18]
	at org.apache.catalina.authenticator.AuthenticatorBase.invoke(AuthenticatorBase.java:492) ~[tomcat-embed-core-11.0.18.jar:11.0.18]
	at org.apache.catalina.core.StandardHostValve.invoke(StandardHostValve.java:113) ~[tomcat-embed-core-11.0.18.jar:11.0.18]
	at org.apache.catalina.valves.ErrorReportValve.invoke(ErrorReportValve.java:83) ~[tomcat-embed-core-11.0.18.jar:11.0.18]
	at org.apache.catalina.core.StandardEngineValve.invoke(StandardEngineValve.java:72) ~[tomcat-embed-core-11.0.18.jar:11.0.18]
	at org.apache.catalina.connector.CoyoteAdapter.service(CoyoteAdapter.java:341) ~[tomcat-embed-core-11.0.18.jar:11.0.18]
	at org.apache.coyote.http11.Http11Processor.service(Http11Processor.java:397) ~[tomcat-embed-core-11.0.18.jar:11.0.18]
	at org.apache.coyote.AbstractProcessorLight.process(AbstractProcessorLight.java:63) ~[tomcat-embed-core-11.0.18.jar:11.0.18]
	at org.apache.coyote.AbstractProtocol$ConnectionHandler.process(AbstractProtocol.java:903) ~[tomcat-embed-core-11.0.18.jar:11.0.18]
	at org.apache.tomcat.util.net.NioEndpoint$SocketProcessor.doRun(NioEndpoint.java:1779) ~[tomcat-embed-core-11.0.18.jar:11.0.18]
	at org.apache.tomcat.util.net.SocketProcessorBase.run(SocketProcessorBase.java:52) ~[tomcat-embed-core-11.0.18.jar:11.0.18]
	at org.apache.tomcat.util.threads.ThreadPoolExecutor.runWorker(ThreadPoolExecutor.java:946) ~[tomcat-embed-core-11.0.18.jar:11.0.18]
	at org.apache.tomcat.util.threads.ThreadPoolExecutor$Worker.run(ThreadPoolExecutor.java:480) ~[tomcat-embed-core-11.0.18.jar:11.0.18]
	at org.apache.tomcat.util.threads.TaskThread$WrappingRunnable.run(TaskThread.java:57) ~[tomcat-embed-core-11.0.18.jar:11.0.18]
	at java.base/java.lang.Thread.run(Thread.java:840) ~[na:na]
Caused by: org.hibernate.exception.ConstraintViolationException: could not execute batch [Referential integrity constraint violation: "FKGVVIJWBB13MUQK11M649X37BW: PUBLIC.PLAN_DAYS FOREIGN KEY(TRAVEL_PLAN_ID) REFERENCES PUBLIC.TRAVEL_PLANS(ID) (CAST(1 AS BIGINT))"; SQL statement:
delete from travel_plans where id=? [23503-240]] [delete from travel_plans where id=?]
	at org.hibernate.dialect.H2Dialect.lambda$buildSQLExceptionConversionDelegate$0(H2Dialect.java:840) ~[hibernate-core-7.2.4.Final.jar:7.2.4.Final]
	at org.hibernate.exception.internal.StandardSQLExceptionConverter.convert(StandardSQLExceptionConverter.java:34) ~[hibernate-core-7.2.4.Final.jar:7.2.4.Final]
	at org.hibernate.engine.jdbc.spi.SqlExceptionHelper.convert(SqlExceptionHelper.java:115) ~[hibernate-core-7.2.4.Final.jar:7.2.4.Final]
	at org.hibernate.engine.jdbc.batch.internal.BatchImpl.lambda$performExecution$0(BatchImpl.java:270) ~[hibernate-core-7.2.4.Final.jar:7.2.4.Final]
	at org.hibernate.engine.jdbc.mutation.internal.PreparedStatementGroupSingleTable.forEachStatement(PreparedStatementGroupSingleTable.java:63) ~[hibernate-core-7.2.4.Final.jar:7.2.4.Final]
	at org.hibernate.engine.jdbc.batch.internal.BatchImpl.performExecution(BatchImpl.java:245) ~[hibernate-core-7.2.4.Final.jar:7.2.4.Final]
	at org.hibernate.engine.jdbc.batch.internal.BatchImpl.execute(BatchImpl.java:224) ~[hibernate-core-7.2.4.Final.jar:7.2.4.Final]
	at org.hibernate.engine.jdbc.internal.JdbcCoordinatorImpl.executeBatch(JdbcCoordinatorImpl.java:194) ~[hibernate-core-7.2.4.Final.jar:7.2.4.Final]
	at org.hibernate.engine.spi.ActionQueue.executeActions(ActionQueue.java:658) ~[hibernate-core-7.2.4.Final.jar:7.2.4.Final]
	at org.hibernate.engine.spi.ActionQueue.executeActions(ActionQueue.java:505) ~[hibernate-core-7.2.4.Final.jar:7.2.4.Final]
	at org.hibernate.event.internal.AbstractFlushingEventListener.performExecutions(AbstractFlushingEventListener.java:381) ~[hibernate-core-7.2.4.Final.jar:7.2.4.Final]
	at org.hibernate.event.internal.DefaultFlushEventListener.onFlush(DefaultFlushEventListener.java:40) ~[hibernate-core-7.2.4.Final.jar:7.2.4.Final]
	at org.hibernate.event.service.internal.EventListenerGroupImpl.fireEventOnEachListener(EventListenerGroupImpl.java:138) ~[hibernate-core-7.2.4.Final.jar:7.2.4.Final]
	at org.hibernate.internal.SessionImpl.fireFlush(SessionImpl.java:1489) ~[hibernate-core-7.2.4.Final.jar:7.2.4.Final]
	at org.hibernate.internal.SessionImpl.managedFlush(SessionImpl.java:481) ~[hibernate-core-7.2.4.Final.jar:7.2.4.Final]
	at org.hibernate.internal.SessionImpl.flushBeforeTransactionCompletion(SessionImpl.java:2116) ~[hibernate-core-7.2.4.Final.jar:7.2.4.Final]
	at org.hibernate.internal.SessionImpl.beforeTransactionCompletion(SessionImpl.java:2038) ~[hibernate-core-7.2.4.Final.jar:7.2.4.Final]
	at org.hibernate.engine.jdbc.internal.JdbcCoordinatorImpl.beforeTransactionCompletion(JdbcCoordinatorImpl.java:410) ~[hibernate-core-7.2.4.Final.jar:7.2.4.Final]
	at org.hibernate.resource.transaction.backend.jdbc.internal.JdbcResourceLocalTransactionCoordinatorImpl.beforeCompletionCallback(JdbcResourceLocalTransactionCoordinatorImpl.java:166) ~[hibernate-core-7.2.4.Final.jar:7.2.4.Final]
	at org.hibernate.resource.transaction.backend.jdbc.internal.JdbcResourceLocalTransactionCoordinatorImpl$TransactionDriverControlImpl.commitNoRollbackOnly(JdbcResourceLocalTransactionCoordinatorImpl.java:248) ~[hibernate-core-7.2.4.Final.jar:7.2.4.Final]
	at org.hibernate.resource.transaction.backend.jdbc.internal.JdbcResourceLocalTransactionCoordinatorImpl$TransactionDriverControlImpl.commit(JdbcResourceLocalTransactionCoordinatorImpl.java:242) ~[hibernate-core-7.2.4.Final.jar:7.2.4.Final]
	at org.hibernate.engine.transaction.internal.TransactionImpl.commit(TransactionImpl.java:89) ~[hibernate-core-7.2.4.Final.jar:7.2.4.Final]
	at org.springframework.orm.jpa.JpaTransactionManager.doCommit(JpaTransactionManager.java:553) ~[spring-orm-7.0.5.jar:7.0.5]
	... 103 common frames omitted
Caused by: org.h2.jdbc.JdbcBatchUpdateException: Referential integrity constraint violation: "FKGVVIJWBB13MUQK11M649X37BW: PUBLIC.PLAN_DAYS FOREIGN KEY(TRAVEL_PLAN_ID) REFERENCES PUBLIC.TRAVEL_PLANS(ID) (CAST(1 AS BIGINT))"; SQL statement:
delete from travel_plans where id=? [23503-240]
	at org.h2.jdbc.JdbcPreparedStatement.executeBatch(JdbcPreparedStatement.java:1277) ~[h2-2.4.240.jar:2.4.240]
	at com.zaxxer.hikari.pool.ProxyStatement.executeBatch(ProxyStatement.java:128) ~[HikariCP-7.0.2.jar:na]
	at com.zaxxer.hikari.pool.HikariProxyPreparedStatement.executeBatch(HikariProxyPreparedStatement.java) ~[HikariCP-7.0.2.jar:na]
	at org.hibernate.engine.jdbc.batch.internal.BatchImpl.lambda$performExecution$0(BatchImpl.java:256) ~[hibernate-core-7.2.4.Final.jar:7.2.4.Final]
	... 122 common frames omitted

Hibernate: 
    select
        u1_0.id,
        u1_0.deleted_at,
        u1_0.email,
        u1_0.password,
        u1_0.tendency,
        u1_0.username 
    from
        users u1_0 
    where
        u1_0.id=? 
        and (
            u1_0.deleted_at IS NULL
        )
Hibernate: 
    select
        u1_0.id,
        u1_0.deleted_at,
        u1_0.email,
        u1_0.password,
        u1_0.tendency,
        u1_0.username 
    from
        users u1_0 
    where
        u1_0.id=? 
        and (
            u1_0.deleted_at IS NULL
        )
Hibernate: 
    insert 
    into
        travel_plans
        (accommodation_score, arrival_at_dest_time, budget_total, country_code, departure_flight_time, end_date, end_location, extreme_score, food_score, is_ai_generated, keywords, member_count, owner_id, return_flight_time, start_date, start_location, status, theme, title, transport_score, with_car, id) 
    values
        (?, ?, ?, ?, ?, ?, ?, ?, ?, ?, ?, ?, ?, ?, ?, ?, ?, ?, ?, ?, ?, default)
Hibernate: 
    insert 
    into
        travel_members
        (role, travel_plan_id, user_id, id) 
    values
        (?, ?, ?, default)
Hibernate: 
    insert 
    into
        accommodations
        (check_in, check_out, hotel_name, price_per_night_krw, travel_plan_id, id) 
    values
        (?, ?, ?, ?, ?, default)
Hibernate: 
    insert 
    into
        accommodations
        (check_in, check_out, hotel_name, price_per_night_krw, travel_plan_id, id) 
    values
        (?, ?, ?, ?, ?, default)
Hibernate: 
    insert 
    into
        accommodations
        (check_in, check_out, hotel_name, price_per_night_krw, travel_plan_id, id) 
    values
        (?, ?, ?, ?, ?, default)
2026-05-27T08:42:19.779+09:00  INFO 35489 --- [dagalle] [nio-8080-exec-3] o.j.c.d.d.ai.service.AiScheduleService   : [규칙] 숙박 3박 저장: 비즈니스 호텔 (110000원/박)
2026-05-27T08:42:19.780+09:00  INFO 35489 --- [dagalle] [nio-8080-exec-3] o.j.c.d.d.ai.service.AiScheduleService   : [규칙] TravelPlan 생성 완료: title=도쿄 미식 4일, travelId=2
2026-05-27T08:42:19.780+09:00  INFO 35489 --- [dagalle] [nio-8080-exec-3] o.j.c.d.d.ai.service.AiScheduleService   : [AI init] 규칙 기반 완료, travelId=2
Hibernate: 
    select
        u1_0.id,
        u1_0.deleted_at,
        u1_0.email,
        u1_0.password,
        u1_0.tendency,
        u1_0.username 
    from
        users u1_0 
    where
        (
            u1_0.deleted_at IS NULL
        ) 
        and u1_0.email=?
Hibernate: 
    select
        u1_0.id,
        u1_0.deleted_at,
        u1_0.email,
        u1_0.password,
        u1_0.tendency,
        u1_0.username 
    from
        users u1_0 
    where
        u1_0.id=? 
        and (
            u1_0.deleted_at IS NULL
        )
Hibernate: 
    select
        u1_0.id,
        u1_0.deleted_at,
        u1_0.email,
        u1_0.password,
        u1_0.tendency,
        u1_0.username 
    from
        users u1_0 
    where
        u1_0.id=? 
        and (
            u1_0.deleted_at IS NULL
        )
Hibernate: 
    select
        tp1_0.id,
        tp1_0.accommodation_score,
        tp1_0.arrival_at_dest_time,
        tp1_0.budget_total,
        tp1_0.country_code,
        tp1_0.departure_flight_time,
        tp1_0.end_date,
        tp1_0.end_location,
        tp1_0.extreme_score,
        tp1_0.food_score,
        tp1_0.is_ai_generated,
        tp1_0.keywords,
        tp1_0.member_count,
        tp1_0.owner_id,
        tp1_0.return_flight_time,
        tp1_0.start_date,
        tp1_0.start_location,
        tp1_0.status,
        tp1_0.theme,
        tp1_0.title,
        tp1_0.transport_score,
        tp1_0.with_car 
    from
        travel_plans tp1_0 
    join
        travel_members m1_0 
            on tp1_0.id=m1_0.travel_plan_id 
    where
        m1_0.user_id=? 
    order by
        tp1_0.start_date desc
Hibernate: 
    select
        u1_0.id,
        u1_0.deleted_at,
        u1_0.email,
        u1_0.password,
        u1_0.tendency,
        u1_0.username 
    from
        users u1_0 
    where
        u1_0.id=? 
        and (
            u1_0.deleted_at IS NULL
        )
Hibernate: 
    select
        tp1_0.id,
        tp1_0.accommodation_score,
        tp1_0.arrival_at_dest_time,
        tp1_0.budget_total,
        tp1_0.country_code,
        tp1_0.departure_flight_time,
        tp1_0.end_date,
        tp1_0.end_location,
        tp1_0.extreme_score,
        tp1_0.food_score,
        tp1_0.is_ai_generated,
        tp1_0.keywords,
        tp1_0.member_count,
        tp1_0.owner_id,
        tp1_0.return_flight_time,
        tp1_0.start_date,
        tp1_0.start_location,
        tp1_0.status,
        tp1_0.theme,
        tp1_0.title,
        tp1_0.transport_score,
        tp1_0.with_car 
    from
        travel_plans tp1_0 
    where
        tp1_0.id=?
Hibernate: 
    select
        u1_0.id,
        u1_0.deleted_at,
        u1_0.email,
        u1_0.password,
        u1_0.tendency,
        u1_0.username 
    from
        users u1_0 
    where
        u1_0.id=? 
        and (
            u1_0.deleted_at IS NULL
        )
Hibernate: 
    select
        tm1_0.id 
    from
        travel_members tm1_0 
    where
        tm1_0.travel_plan_id=? 
        and tm1_0.user_id=? 
    fetch
        first ? rows only
Hibernate: 
    select
        u1_0.id,
        u1_0.deleted_at,
        u1_0.email,
        u1_0.password,
        u1_0.tendency,
        u1_0.username 
    from
        users u1_0 
    where
        u1_0.id=? 
        and (
            u1_0.deleted_at IS NULL
        )
Hibernate: 
    select
        tp1_0.id,
        tp1_0.accommodation_score,
        tp1_0.arrival_at_dest_time,
        tp1_0.budget_total,
        tp1_0.country_code,
        tp1_0.departure_flight_time,
        tp1_0.end_date,
        tp1_0.end_location,
        tp1_0.extreme_score,
        tp1_0.food_score,
        tp1_0.is_ai_generated,
        tp1_0.keywords,
        tp1_0.member_count,
        tp1_0.owner_id,
        tp1_0.return_flight_time,
        tp1_0.start_date,
        tp1_0.start_location,
        tp1_0.status,
        tp1_0.theme,
        tp1_0.title,
        tp1_0.transport_score,
        tp1_0.with_car 
    from
        travel_plans tp1_0 
    where
        tp1_0.id=?
Hibernate: 
    select
        u1_0.id,
        u1_0.deleted_at,
        u1_0.email,
        u1_0.password,
        u1_0.tendency,
        u1_0.username 
    from
        users u1_0 
    where
        u1_0.id=? 
        and (
            u1_0.deleted_at IS NULL
        )
Hibernate: 
    select
        tm1_0.id 
    from
        travel_members tm1_0 
    where
        tm1_0.travel_plan_id=? 
        and tm1_0.user_id=? 
    fetch
        first ? rows only
Hibernate: 
    select
        distinct pd1_0.id,
        pd1_0.date,
        pd1_0.day_number,
        r1_0.plan_day_id,
        r1_0.id,
        r1_0.departure_time,
        r1_0.distance_km,
        r1_0.duration_minutes,
        r1_0.estimated_cost,
        r1_0.from_location_id,
        fl1_0.id,
        fl1_0.address,
        fl1_0.cached_at,
        fl1_0.description,
        fl1_0.external_id,
        fl1_0.is_open_now,
        fl1_0.lat,
        fl1_0.lng,
        fl1_0.name,
        fl1_0.rating,
        fl1_0.review_count,
        fl1_0.source,
        fl1_0.type,
        r1_0.note,
        r1_0.place_cost,
        r1_0.sequence,
        r1_0.to_location_id,
        tl1_0.id,
        tl1_0.address,
        tl1_0.cached_at,
        tl1_0.description,
        tl1_0.external_id,
        tl1_0.is_open_now,
        tl1_0.lat,
        tl1_0.lng,
        tl1_0.name,
        tl1_0.rating,
        tl1_0.review_count,
        tl1_0.source,
        tl1_0.type,
        r1_0.transport,
        pd1_0.travel_plan_id 
    from
        plan_days pd1_0 
    left join
        plan_routes r1_0 
            on pd1_0.id=r1_0.plan_day_id 
    left join
        locations fl1_0 
            on fl1_0.id=r1_0.from_location_id 
    left join
        locations tl1_0 
            on tl1_0.id=r1_0.to_location_id 
    where
        pd1_0.travel_plan_id=? 
    order by
        pd1_0.day_number,
        r1_0.sequence
Hibernate: 
    select
        u1_0.id,
        u1_0.deleted_at,
        u1_0.email,
        u1_0.password,
        u1_0.tendency,
        u1_0.username 
    from
        users u1_0 
    where
        u1_0.id=? 
        and (
            u1_0.deleted_at IS NULL
        )
Hibernate: 
    select
        tp1_0.id,
        tp1_0.accommodation_score,
        tp1_0.arrival_at_dest_time,
        tp1_0.budget_total,
        tp1_0.country_code,
        tp1_0.departure_flight_time,
        tp1_0.end_date,
        tp1_0.end_location,
        tp1_0.extreme_score,
        tp1_0.food_score,
        tp1_0.is_ai_generated,
        tp1_0.keywords,
        tp1_0.member_count,
        tp1_0.owner_id,
        tp1_0.return_flight_time,
        tp1_0.start_date,
        tp1_0.start_location,
        tp1_0.status,
        tp1_0.theme,
        tp1_0.title,
        tp1_0.transport_score,
        tp1_0.with_car 
    from
        travel_plans tp1_0 
    where
        tp1_0.id=?
Hibernate: 
    select
        u1_0.id,
        u1_0.deleted_at,
        u1_0.email,
        u1_0.password,
        u1_0.tendency,
        u1_0.username 
    from
        users u1_0 
    where
        u1_0.id=? 
        and (
            u1_0.deleted_at IS NULL
        )
Hibernate: 
    select
        tm1_0.id 
    from
        travel_members tm1_0 
    where
        tm1_0.travel_plan_id=? 
        and tm1_0.user_id=? 
    fetch
        first ? rows only
Hibernate: 
    select
        distinct pd1_0.id,
        pd1_0.date,
        pd1_0.day_number,
        r1_0.plan_day_id,
        r1_0.id,
        r1_0.departure_time,
        r1_0.distance_km,
        r1_0.duration_minutes,
        r1_0.estimated_cost,
        r1_0.from_location_id,
        fl1_0.id,
        fl1_0.address,
        fl1_0.cached_at,
        fl1_0.description,
        fl1_0.external_id,
        fl1_0.is_open_now,
        fl1_0.lat,
        fl1_0.lng,
        fl1_0.name,
        fl1_0.rating,
        fl1_0.review_count,
        fl1_0.source,
        fl1_0.type,
        r1_0.note,
        r1_0.place_cost,
        r1_0.sequence,
        r1_0.to_location_id,
        tl1_0.id,
        tl1_0.address,
        tl1_0.cached_at,
        tl1_0.description,
        tl1_0.external_id,
        tl1_0.is_open_now,
        tl1_0.lat,
        tl1_0.lng,
        tl1_0.name,
        tl1_0.rating,
        tl1_0.review_count,
        tl1_0.source,
        tl1_0.type,
        r1_0.transport,
        pd1_0.travel_plan_id 
    from
        plan_days pd1_0 
    left join
        plan_routes r1_0 
            on pd1_0.id=r1_0.plan_day_id 
    left join
        locations fl1_0 
            on fl1_0.id=r1_0.from_location_id 
    left join
        locations tl1_0 
            on tl1_0.id=r1_0.to_location_id 
    where
        pd1_0.travel_plan_id=? 
    order by
        pd1_0.day_number,
        r1_0.sequence
Hibernate: 
    select
        cr1_0.id,
        cr1_0.car_type,
        cr1_0.daily_rate_krw,
        cr1_0.estimated_fuel_krw,
        cr1_0.estimated_toll_krw,
        cr1_0.rental_days,
        cr1_0.travel_plan_id 
    from
        car_rentals cr1_0 
    where
        cr1_0.travel_plan_id=?
Hibernate: 
    select
        a1_0.id,
        a1_0.check_in,
        a1_0.check_out,
        a1_0.hotel_name,
        a1_0.price_per_night_krw,
        a1_0.travel_plan_id 
    from
        accommodations a1_0 
    where
        a1_0.travel_plan_id=?
Hibernate: 
    select
        u1_0.id,
        u1_0.deleted_at,
        u1_0.email,
        u1_0.password,
        u1_0.tendency,
        u1_0.username 
    from
        users u1_0 
    where
        (
            u1_0.deleted_at IS NULL
        ) 
        and u1_0.email=?
Hibernate: 
    select
        u1_0.id,
        u1_0.deleted_at,
        u1_0.email,
        u1_0.password,
        u1_0.tendency,
        u1_0.username 
    from
        users u1_0 
    where
        u1_0.id=? 
        and (
            u1_0.deleted_at IS NULL
        )
Hibernate: 
    select
        tp1_0.id,
        tp1_0.accommodation_score,
        tp1_0.arrival_at_dest_time,
        tp1_0.budget_total,
        tp1_0.country_code,
        tp1_0.departure_flight_time,
        tp1_0.end_date,
        tp1_0.end_location,
        tp1_0.extreme_score,
        tp1_0.food_score,
        tp1_0.is_ai_generated,
        tp1_0.keywords,
        tp1_0.member_count,
        tp1_0.owner_id,
        tp1_0.return_flight_time,
        tp1_0.start_date,
        tp1_0.start_location,
        tp1_0.status,
        tp1_0.theme,
        tp1_0.title,
        tp1_0.transport_score,
        tp1_0.with_car 
    from
        travel_plans tp1_0 
    where
        tp1_0.id=?
Hibernate: 
    select
        u1_0.id,
        u1_0.deleted_at,
        u1_0.email,
        u1_0.password,
        u1_0.tendency,
        u1_0.username 
    from
        users u1_0 
    where
        u1_0.id=? 
        and (
            u1_0.deleted_at IS NULL
        )
Hibernate: 
    select
        tm1_0.id 
    from
        travel_members tm1_0 
    where
        tm1_0.travel_plan_id=? 
        and tm1_0.user_id=? 
    fetch
        first ? rows only
Hibernate: 
    select
        pd1_0.id,
        pd1_0.date,
        pd1_0.day_number,
        r1_0.plan_day_id,
        r1_0.id,
        r1_0.departure_time,
        r1_0.distance_km,
        r1_0.duration_minutes,
        r1_0.estimated_cost,
        r1_0.from_location_id,
        fl1_0.id,
        fl1_0.address,
        fl1_0.cached_at,
        fl1_0.description,
        fl1_0.external_id,
        fl1_0.is_open_now,
        fl1_0.lat,
        fl1_0.lng,
        fl1_0.name,
        fl1_0.rating,
        fl1_0.review_count,
        fl1_0.source,
        fl1_0.type,
        r1_0.note,
        r1_0.place_cost,
        r1_0.sequence,
        r1_0.to_location_id,
        tl1_0.id,
        tl1_0.address,
        tl1_0.cached_at,
        tl1_0.description,
        tl1_0.external_id,
        tl1_0.is_open_now,
        tl1_0.lat,
        tl1_0.lng,
        tl1_0.name,
        tl1_0.rating,
        tl1_0.review_count,
        tl1_0.source,
        tl1_0.type,
        r1_0.transport,
        pd1_0.travel_plan_id 
    from
        plan_days pd1_0 
    left join
        plan_routes r1_0 
            on pd1_0.id=r1_0.plan_day_id 
    left join
        locations fl1_0 
            on fl1_0.id=r1_0.from_location_id 
    left join
        locations tl1_0 
            on tl1_0.id=r1_0.to_location_id 
    where
        pd1_0.travel_plan_id=? 
        and pd1_0.day_number=? 
    order by
        r1_0.sequence
2026-05-27T08:42:41.235+09:00  INFO 35489 --- [dagalle] [nio-8080-exec-6] o.j.c.d.d.ai.service.AiScheduleService   : [AI generateDay] travelId=2, day=1/4
Hibernate: 
    select
        a1_0.id,
        a1_0.check_in,
        a1_0.check_out,
        a1_0.hotel_name,
        a1_0.price_per_night_krw,
        a1_0.travel_plan_id 
    from
        accommodations a1_0 
    where
        a1_0.travel_plan_id=?
Hibernate: 
    select
        distinct pd1_0.id,
        pd1_0.date,
        pd1_0.day_number,
        r1_0.plan_day_id,
        r1_0.id,
        r1_0.departure_time,
        r1_0.distance_km,
        r1_0.duration_minutes,
        r1_0.estimated_cost,
        r1_0.from_location_id,
        fl1_0.id,
        fl1_0.address,
        fl1_0.cached_at,
        fl1_0.description,
        fl1_0.external_id,
        fl1_0.is_open_now,
        fl1_0.lat,
        fl1_0.lng,
        fl1_0.name,
        fl1_0.rating,
        fl1_0.review_count,
        fl1_0.source,
        fl1_0.type,
        r1_0.note,
        r1_0.place_cost,
        r1_0.sequence,
        r1_0.to_location_id,
        tl1_0.id,
        tl1_0.address,
        tl1_0.cached_at,
        tl1_0.description,
        tl1_0.external_id,
        tl1_0.is_open_now,
        tl1_0.lat,
        tl1_0.lng,
        tl1_0.name,
        tl1_0.rating,
        tl1_0.review_count,
        tl1_0.source,
        tl1_0.type,
        r1_0.transport,
        pd1_0.travel_plan_id 
    from
        plan_days pd1_0 
    left join
        plan_routes r1_0 
            on pd1_0.id=r1_0.plan_day_id 
    left join
        locations fl1_0 
            on fl1_0.id=r1_0.from_location_id 
    left join
        locations tl1_0 
            on tl1_0.id=r1_0.to_location_id 
    where
        pd1_0.travel_plan_id=? 
    order by
        pd1_0.day_number,
        r1_0.sequence
Hibernate: 
    insert 
    into
        plan_days
        (date, day_number, travel_plan_id, id) 
    values
        (?, ?, ?, default)
2026-05-27T08:43:16.287+09:00  INFO 35489 --- [dagalle] [nio-8080-exec-6] o.j.c.d.d.ai.service.AiScheduleService   : [Places] '나리타 국제공항 (成田国際空港)' → (35.770178, 140.3843215) priceLevel=null → 0원
Hibernate: 
    select
        l1_0.id,
        l1_0.address,
        l1_0.cached_at,
        l1_0.description,
        l1_0.external_id,
        l1_0.is_open_now,
        l1_0.lat,
        l1_0.lng,
        l1_0.name,
        l1_0.rating,
        l1_0.review_count,
        l1_0.source,
        l1_0.type 
    from
        locations l1_0 
    where
        l1_0.external_id=? 
        and l1_0.source=?
Hibernate: 
    insert 
    into
        locations
        (address, cached_at, description, external_id, is_open_now, lat, lng, name, rating, review_count, source, type, id) 
    values
        (?, ?, ?, ?, ?, ?, ?, ?, ?, ?, ?, ?, default)
2026-05-27T08:43:16.748+09:00  INFO 35489 --- [dagalle] [nio-8080-exec-6] o.j.c.d.d.ai.service.AiScheduleService   : [Places] '도쿄역 (東京駅)' → (35.681299599999996, 139.76706579999998) priceLevel=null → 0원
Hibernate: 
    select
        l1_0.id,
        l1_0.address,
        l1_0.cached_at,
        l1_0.description,
        l1_0.external_id,
        l1_0.is_open_now,
        l1_0.lat,
        l1_0.lng,
        l1_0.name,
        l1_0.rating,
        l1_0.review_count,
        l1_0.source,
        l1_0.type 
    from
        locations l1_0 
    where
        l1_0.external_id=? 
        and l1_0.source=?
Hibernate: 
    insert 
    into
        locations
        (address, cached_at, description, external_id, is_open_now, lat, lng, name, rating, review_count, source, type, id) 
    values
        (?, ?, ?, ?, ?, ?, ?, ?, ?, ?, ?, ?, default)
Hibernate: 
    insert 
    into
        plan_routes
        (departure_time, distance_km, duration_minutes, estimated_cost, from_location_id, note, place_cost, plan_day_id, sequence, to_location_id, transport, id) 
    values
        (?, ?, ?, ?, ?, ?, ?, ?, ?, ?, ?, default)
2026-05-27T08:43:17.193+09:00  INFO 35489 --- [dagalle] [nio-8080-exec-6] o.j.c.d.d.ai.service.AiScheduleService   : [Places] '도쿄역 (東京駅)' → (35.681299599999996, 139.76706579999998) priceLevel=null → 0원
Hibernate: 
    select
        l1_0.id,
        l1_0.address,
        l1_0.cached_at,
        l1_0.description,
        l1_0.external_id,
        l1_0.is_open_now,
        l1_0.lat,
        l1_0.lng,
        l1_0.name,
        l1_0.rating,
        l1_0.review_count,
        l1_0.source,
        l1_0.type 
    from
        locations l1_0 
    where
        l1_0.external_id=? 
        and l1_0.source=?
2026-05-27T08:43:17.195+09:00  INFO 35489 --- [dagalle] [nio-8080-exec-6] o.j.c.d.d.ai.service.AiScheduleService   : [Places] '도쿄역 (東京駅)' 기존 Location 재사용 id=2
2026-05-27T08:43:17.708+09:00  INFO 35489 --- [dagalle] [nio-8080-exec-6] o.j.c.d.d.ai.service.AiScheduleService   : [Places] '츠지한 니혼바시 본점 (つじ半 日本橋本店)' → (35.6807167, 139.7715771) priceLevel=PRICE_LEVEL_INEXPENSIVE → 10000원
Hibernate: 
    select
        l1_0.id,
        l1_0.address,
        l1_0.cached_at,
        l1_0.description,
        l1_0.external_id,
        l1_0.is_open_now,
        l1_0.lat,
        l1_0.lng,
        l1_0.name,
        l1_0.rating,
        l1_0.review_count,
        l1_0.source,
        l1_0.type 
    from
        locations l1_0 
    where
        l1_0.external_id=? 
        and l1_0.source=?
Hibernate: 
    insert 
    into
        locations
        (address, cached_at, description, external_id, is_open_now, lat, lng, name, rating, review_count, source, type, id) 
    values
        (?, ?, ?, ?, ?, ?, ?, ?, ?, ?, ?, ?, default)
Hibernate: 
    insert 
    into
        plan_routes
        (departure_time, distance_km, duration_minutes, estimated_cost, from_location_id, note, place_cost, plan_day_id, sequence, to_location_id, transport, id) 
    values
        (?, ?, ?, ?, ?, ?, ?, ?, ?, ?, ?, default)
2026-05-27T08:43:18.216+09:00  INFO 35489 --- [dagalle] [nio-8080-exec-6] o.j.c.d.d.ai.service.AiScheduleService   : [Places] '츠지한 니혼바시 본점 (つじ半 日本橋本店)' → (35.6807167, 139.7715771) priceLevel=PRICE_LEVEL_INEXPENSIVE → 10000원
Hibernate: 
    select
        l1_0.id,
        l1_0.address,
        l1_0.cached_at,
        l1_0.description,
        l1_0.external_id,
        l1_0.is_open_now,
        l1_0.lat,
        l1_0.lng,
        l1_0.name,
        l1_0.rating,
        l1_0.review_count,
        l1_0.source,
        l1_0.type 
    from
        locations l1_0 
    where
        l1_0.external_id=? 
        and l1_0.source=?
2026-05-27T08:43:18.218+09:00  INFO 35489 --- [dagalle] [nio-8080-exec-6] o.j.c.d.d.ai.service.AiScheduleService   : [Places] '츠지한 니혼바시 본점 (つじ半 日本橋本店)' 기존 Location 재사용 id=3
2026-05-27T08:43:18.640+09:00  INFO 35489 --- [dagalle] [nio-8080-exec-6] o.j.c.d.d.ai.service.AiScheduleService   : [Places] '긴자 식스 (GINZA SIX)' → (35.6697688, 139.76417619999998) priceLevel=null → 0원
Hibernate: 
    select
        l1_0.id,
        l1_0.address,
        l1_0.cached_at,
        l1_0.description,
        l1_0.external_id,
        l1_0.is_open_now,
        l1_0.lat,
        l1_0.lng,
        l1_0.name,
        l1_0.rating,
        l1_0.review_count,
        l1_0.source,
        l1_0.type 
    from
        locations l1_0 
    where
        l1_0.external_id=? 
        and l1_0.source=?
Hibernate: 
    insert 
    into
        locations
        (address, cached_at, description, external_id, is_open_now, lat, lng, name, rating, review_count, source, type, id) 
    values
        (?, ?, ?, ?, ?, ?, ?, ?, ?, ?, ?, ?, default)
Hibernate: 
    insert 
    into
        plan_routes
        (departure_time, distance_km, duration_minutes, estimated_cost, from_location_id, note, place_cost, plan_day_id, sequence, to_location_id, transport, id) 
    values
        (?, ?, ?, ?, ?, ?, ?, ?, ?, ?, ?, default)
2026-05-27T08:43:19.062+09:00  INFO 35489 --- [dagalle] [nio-8080-exec-6] o.j.c.d.d.ai.service.AiScheduleService   : [Places] '긴자 식스 (GINZA SIX)' → (35.6697688, 139.76417619999998) priceLevel=null → 0원
Hibernate: 
    select
        l1_0.id,
        l1_0.address,
        l1_0.cached_at,
        l1_0.description,
        l1_0.external_id,
        l1_0.is_open_now,
        l1_0.lat,
        l1_0.lng,
        l1_0.name,
        l1_0.rating,
        l1_0.review_count,
        l1_0.source,
        l1_0.type 
    from
        locations l1_0 
    where
        l1_0.external_id=? 
        and l1_0.source=?
2026-05-27T08:43:19.064+09:00  INFO 35489 --- [dagalle] [nio-8080-exec-6] o.j.c.d.d.ai.service.AiScheduleService   : [Places] '긴자 식스 (GINZA SIX)' 기존 Location 재사용 id=4
2026-05-27T08:43:19.537+09:00  INFO 35489 --- [dagalle] [nio-8080-exec-6] o.j.c.d.d.ai.service.AiScheduleService   : [Places] '스시잔마이 본점 (すしざんまい 本店)' → (35.6659044, 139.77064919999998) priceLevel=PRICE_LEVEL_MODERATE → 22000원
Hibernate: 
    select
        l1_0.id,
        l1_0.address,
        l1_0.cached_at,
        l1_0.description,
        l1_0.external_id,
        l1_0.is_open_now,
        l1_0.lat,
        l1_0.lng,
        l1_0.name,
        l1_0.rating,
        l1_0.review_count,
        l1_0.source,
        l1_0.type 
    from
        locations l1_0 
    where
        l1_0.external_id=? 
        and l1_0.source=?
Hibernate: 
    insert 
    into
        locations
        (address, cached_at, description, external_id, is_open_now, lat, lng, name, rating, review_count, source, type, id) 
    values
        (?, ?, ?, ?, ?, ?, ?, ?, ?, ?, ?, ?, default)
Hibernate: 
    insert 
    into
        plan_routes
        (departure_time, distance_km, duration_minutes, estimated_cost, from_location_id, note, place_cost, plan_day_id, sequence, to_location_id, transport, id) 
    values
        (?, ?, ?, ?, ?, ?, ?, ?, ?, ?, ?, default)
2026-05-27T08:43:19.987+09:00  INFO 35489 --- [dagalle] [nio-8080-exec-6] o.j.c.d.d.ai.service.AiScheduleService   : [Places] '스시잔마이 본점 (すしざんまい 本店)' → (35.6659044, 139.77064919999998) priceLevel=PRICE_LEVEL_MODERATE → 22000원
Hibernate: 
    select
        l1_0.id,
        l1_0.address,
        l1_0.cached_at,
        l1_0.description,
        l1_0.external_id,
        l1_0.is_open_now,
        l1_0.lat,
        l1_0.lng,
        l1_0.name,
        l1_0.rating,
        l1_0.review_count,
        l1_0.source,
        l1_0.type 
    from
        locations l1_0 
    where
        l1_0.external_id=? 
        and l1_0.source=?
2026-05-27T08:43:19.989+09:00  INFO 35489 --- [dagalle] [nio-8080-exec-6] o.j.c.d.d.ai.service.AiScheduleService   : [Places] '스시잔마이 본점 (すしざんまい 本店)' 기존 Location 재사용 id=5
2026-05-27T08:43:20.509+09:00  INFO 35489 --- [dagalle] [nio-8080-exec-6] o.j.c.d.d.ai.service.AiScheduleService   : [Places] '도쿄 도청 전망대 (東京都庁展望室)' → (35.689733, 139.6916563) priceLevel=null → 0원
Hibernate: 
    select
        l1_0.id,
        l1_0.address,
        l1_0.cached_at,
        l1_0.description,
        l1_0.external_id,
        l1_0.is_open_now,
        l1_0.lat,
        l1_0.lng,
        l1_0.name,
        l1_0.rating,
        l1_0.review_count,
        l1_0.source,
        l1_0.type 
    from
        locations l1_0 
    where
        l1_0.external_id=? 
        and l1_0.source=?
Hibernate: 
    insert 
    into
        locations
        (address, cached_at, description, external_id, is_open_now, lat, lng, name, rating, review_count, source, type, id) 
    values
        (?, ?, ?, ?, ?, ?, ?, ?, ?, ?, ?, ?, default)
Hibernate: 
    insert 
    into
        plan_routes
        (departure_time, distance_km, duration_minutes, estimated_cost, from_location_id, note, place_cost, plan_day_id, sequence, to_location_id, transport, id) 
    values
        (?, ?, ?, ?, ?, ?, ?, ?, ?, ?, ?, default)
2026-05-27T08:43:21.034+09:00  INFO 35489 --- [dagalle] [nio-8080-exec-6] o.j.c.d.d.ai.service.AiScheduleService   : [Places] '도쿄 도청 전망대 (東京都庁展望室)' → (35.689733, 139.6916563) priceLevel=null → 0원
Hibernate: 
    select
        l1_0.id,
        l1_0.address,
        l1_0.cached_at,
        l1_0.description,
        l1_0.external_id,
        l1_0.is_open_now,
        l1_0.lat,
        l1_0.lng,
        l1_0.name,
        l1_0.rating,
        l1_0.review_count,
        l1_0.source,
        l1_0.type 
    from
        locations l1_0 
    where
        l1_0.external_id=? 
        and l1_0.source=?
2026-05-27T08:43:21.036+09:00  INFO 35489 --- [dagalle] [nio-8080-exec-6] o.j.c.d.d.ai.service.AiScheduleService   : [Places] '도쿄 도청 전망대 (東京都庁展望室)' 기존 Location 재사용 id=6
2026-05-27T08:43:21.580+09:00  INFO 35489 --- [dagalle] [nio-8080-exec-6] o.j.c.d.d.ai.service.AiScheduleService   : [Places] '도쿄 1박차 비즈니스 호텔' → (35.6936296, 139.71049059999999) priceLevel=null → 0원
Hibernate: 
    select
        l1_0.id,
        l1_0.address,
        l1_0.cached_at,
        l1_0.description,
        l1_0.external_id,
        l1_0.is_open_now,
        l1_0.lat,
        l1_0.lng,
        l1_0.name,
        l1_0.rating,
        l1_0.review_count,
        l1_0.source,
        l1_0.type 
    from
        locations l1_0 
    where
        l1_0.external_id=? 
        and l1_0.source=?
Hibernate: 
    insert 
    into
        locations
        (address, cached_at, description, external_id, is_open_now, lat, lng, name, rating, review_count, source, type, id) 
    values
        (?, ?, ?, ?, ?, ?, ?, ?, ?, ?, ?, ?, default)
Hibernate: 
    insert 
    into
        plan_routes
        (departure_time, distance_km, duration_minutes, estimated_cost, from_location_id, note, place_cost, plan_day_id, sequence, to_location_id, transport, id) 
    values
        (?, ?, ?, ?, ?, ?, ?, ?, ?, ?, ?, default)
2026-05-27T08:43:21.584+09:00  INFO 35489 --- [dagalle] [nio-8080-exec-6] o.j.c.d.d.ai.service.AiScheduleService   : [저장] day1(2026-07-01) 6개 route
Hibernate: 
    select
        a1_0.id,
        a1_0.check_in,
        a1_0.check_out,
        a1_0.hotel_name,
        a1_0.price_per_night_krw,
        a1_0.travel_plan_id 
    from
        accommodations a1_0 
    where
        a1_0.travel_plan_id=? 
        and a1_0.check_in=?
2026-05-27T08:43:21.589+09:00  INFO 35489 --- [dagalle] [nio-8080-exec-6] o.j.c.d.d.ai.service.AiScheduleService   : [숙박 업데이트] day1 → hotelName='도쿄 1박차 비즈니스 호텔'
Hibernate: 
    select
        tp1_0.id,
        tp1_0.accommodation_score,
        tp1_0.arrival_at_dest_time,
        tp1_0.budget_total,
        tp1_0.country_code,
        tp1_0.departure_flight_time,
        tp1_0.end_date,
        tp1_0.end_location,
        tp1_0.extreme_score,
        tp1_0.food_score,
        tp1_0.is_ai_generated,
        tp1_0.keywords,
        tp1_0.member_count,
        tp1_0.owner_id,
        tp1_0.return_flight_time,
        tp1_0.start_date,
        tp1_0.start_location,
        tp1_0.status,
        tp1_0.theme,
        tp1_0.title,
        tp1_0.transport_score,
        tp1_0.with_car 
    from
        travel_plans tp1_0 
    where
        tp1_0.id=?
Hibernate: 
    select
        pd1_0.id,
        pd1_0.date,
        pd1_0.day_number,
        r1_0.plan_day_id,
        r1_0.id,
        r1_0.departure_time,
        r1_0.distance_km,
        r1_0.duration_minutes,
        r1_0.estimated_cost,
        r1_0.from_location_id,
        fl1_0.id,
        fl1_0.address,
        fl1_0.cached_at,
        fl1_0.description,
        fl1_0.external_id,
        fl1_0.is_open_now,
        fl1_0.lat,
        fl1_0.lng,
        fl1_0.name,
        fl1_0.rating,
        fl1_0.review_count,
        fl1_0.source,
        fl1_0.type,
        r1_0.note,
        r1_0.place_cost,
        r1_0.sequence,
        r1_0.to_location_id,
        tl1_0.id,
        tl1_0.address,
        tl1_0.cached_at,
        tl1_0.description,
        tl1_0.external_id,
        tl1_0.is_open_now,
        tl1_0.lat,
        tl1_0.lng,
        tl1_0.name,
        tl1_0.rating,
        tl1_0.review_count,
        tl1_0.source,
        tl1_0.type,
        r1_0.transport,
        pd1_0.travel_plan_id 
    from
        plan_days pd1_0 
    left join
        plan_routes r1_0 
            on pd1_0.id=r1_0.plan_day_id 
    left join
        locations fl1_0 
            on fl1_0.id=r1_0.from_location_id 
    left join
        locations tl1_0 
            on tl1_0.id=r1_0.to_location_id 
    where
        pd1_0.travel_plan_id=? 
        and pd1_0.day_number=? 
    order by
        r1_0.sequence
Hibernate: 
    select
        u1_0.id,
        u1_0.deleted_at,
        u1_0.email,
        u1_0.password,
        u1_0.tendency,
        u1_0.username 
    from
        users u1_0 
    where
        (
            u1_0.deleted_at IS NULL
        ) 
        and u1_0.email=?
Hibernate: 
    select
        u1_0.id,
        u1_0.deleted_at,
        u1_0.email,
        u1_0.password,
        u1_0.tendency,
        u1_0.username 
    from
        users u1_0 
    where
        u1_0.id=? 
        and (
            u1_0.deleted_at IS NULL
        )
Hibernate: 
    select
        tp1_0.id,
        tp1_0.accommodation_score,
        tp1_0.arrival_at_dest_time,
        tp1_0.budget_total,
        tp1_0.country_code,
        tp1_0.departure_flight_time,
        tp1_0.end_date,
        tp1_0.end_location,
        tp1_0.extreme_score,
        tp1_0.food_score,
        tp1_0.is_ai_generated,
        tp1_0.keywords,
        tp1_0.member_count,
        tp1_0.owner_id,
        tp1_0.return_flight_time,
        tp1_0.start_date,
        tp1_0.start_location,
        tp1_0.status,
        tp1_0.theme,
        tp1_0.title,
        tp1_0.transport_score,
        tp1_0.with_car 
    from
        travel_plans tp1_0 
    where
        tp1_0.id=?
Hibernate: 
    select
        u1_0.id,
        u1_0.deleted_at,
        u1_0.email,
        u1_0.password,
        u1_0.tendency,
        u1_0.username 
    from
        users u1_0 
    where
        u1_0.id=? 
        and (
            u1_0.deleted_at IS NULL
        )
Hibernate: 
    select
        tm1_0.id 
    from
        travel_members tm1_0 
    where
        tm1_0.travel_plan_id=? 
        and tm1_0.user_id=? 
    fetch
        first ? rows only
Hibernate: 
    select
        pd1_0.id,
        pd1_0.date,
        pd1_0.day_number,
        r1_0.plan_day_id,
        r1_0.id,
        r1_0.departure_time,
        r1_0.distance_km,
        r1_0.duration_minutes,
        r1_0.estimated_cost,
        r1_0.from_location_id,
        fl1_0.id,
        fl1_0.address,
        fl1_0.cached_at,
        fl1_0.description,
        fl1_0.external_id,
        fl1_0.is_open_now,
        fl1_0.lat,
        fl1_0.lng,
        fl1_0.name,
        fl1_0.rating,
        fl1_0.review_count,
        fl1_0.source,
        fl1_0.type,
        r1_0.note,
        r1_0.place_cost,
        r1_0.sequence,
        r1_0.to_location_id,
        tl1_0.id,
        tl1_0.address,
        tl1_0.cached_at,
        tl1_0.description,
        tl1_0.external_id,
        tl1_0.is_open_now,
        tl1_0.lat,
        tl1_0.lng,
        tl1_0.name,
        tl1_0.rating,
        tl1_0.review_count,
        tl1_0.source,
        tl1_0.type,
        r1_0.transport,
        pd1_0.travel_plan_id 
    from
        plan_days pd1_0 
    left join
        plan_routes r1_0 
            on pd1_0.id=r1_0.plan_day_id 
    left join
        locations fl1_0 
            on fl1_0.id=r1_0.from_location_id 
    left join
        locations tl1_0 
            on tl1_0.id=r1_0.to_location_id 
    where
        pd1_0.travel_plan_id=? 
        and pd1_0.day_number=? 
    order by
        r1_0.sequence
Hibernate: 
    select
        u1_0.id,
        u1_0.deleted_at,
        u1_0.email,
        u1_0.password,
        u1_0.tendency,
        u1_0.username 
    from
        users u1_0 
    where
        u1_0.id=? 
        and (
            u1_0.deleted_at IS NULL
        )
Hibernate: 
    select
        tp1_0.id,
        tp1_0.accommodation_score,
        tp1_0.arrival_at_dest_time,
        tp1_0.budget_total,
        tp1_0.country_code,
        tp1_0.departure_flight_time,
        tp1_0.end_date,
        tp1_0.end_location,
        tp1_0.extreme_score,
        tp1_0.food_score,
        tp1_0.is_ai_generated,
        tp1_0.keywords,
        tp1_0.member_count,
        tp1_0.owner_id,
        tp1_0.return_flight_time,
        tp1_0.start_date,
        tp1_0.start_location,
        tp1_0.status,
        tp1_0.theme,
        tp1_0.title,
        tp1_0.transport_score,
        tp1_0.with_car 
    from
        travel_plans tp1_0 
    where
        tp1_0.id=?
Hibernate: 
    select
        u1_0.id,
        u1_0.deleted_at,
        u1_0.email,
        u1_0.password,
        u1_0.tendency,
        u1_0.username 
    from
        users u1_0 
    where
        u1_0.id=? 
        and (
            u1_0.deleted_at IS NULL
        )
Hibernate: 
    select
        tm1_0.id 
    from
        travel_members tm1_0 
    where
        tm1_0.travel_plan_id=? 
        and tm1_0.user_id=? 
    fetch
        first ? rows only
Hibernate: 
    select
        distinct pd1_0.id,
        pd1_0.date,
        pd1_0.day_number,
        r1_0.plan_day_id,
        r1_0.id,
        r1_0.departure_time,
        r1_0.distance_km,
        r1_0.duration_minutes,
        r1_0.estimated_cost,
        r1_0.from_location_id,
        fl1_0.id,
        fl1_0.address,
        fl1_0.cached_at,
        fl1_0.description,
        fl1_0.external_id,
        fl1_0.is_open_now,
        fl1_0.lat,
        fl1_0.lng,
        fl1_0.name,
        fl1_0.rating,
        fl1_0.review_count,
        fl1_0.source,
        fl1_0.type,
        r1_0.note,
        r1_0.place_cost,
        r1_0.sequence,
        r1_0.to_location_id,
        tl1_0.id,
        tl1_0.address,
        tl1_0.cached_at,
        tl1_0.description,
        tl1_0.external_id,
        tl1_0.is_open_now,
        tl1_0.lat,
        tl1_0.lng,
        tl1_0.name,
        tl1_0.rating,
        tl1_0.review_count,
        tl1_0.source,
        tl1_0.type,
        r1_0.transport,
        pd1_0.travel_plan_id 
    from
        plan_days pd1_0 
    left join
        plan_routes r1_0 
            on pd1_0.id=r1_0.plan_day_id 
    left join
        locations fl1_0 
            on fl1_0.id=r1_0.from_location_id 
    left join
        locations tl1_0 
            on tl1_0.id=r1_0.to_location_id 
    where
        pd1_0.travel_plan_id=? 
    order by
        pd1_0.day_number,
        r1_0.sequence
Hibernate: 
    select
        cr1_0.id,
        cr1_0.car_type,
        cr1_0.daily_rate_krw,
        cr1_0.estimated_fuel_krw,
        cr1_0.estimated_toll_krw,
        cr1_0.rental_days,
        cr1_0.travel_plan_id 
    from
        car_rentals cr1_0 
    where
        cr1_0.travel_plan_id=?
Hibernate: 
    select
        a1_0.id,
        a1_0.check_in,
        a1_0.check_out,
        a1_0.hotel_name,
        a1_0.price_per_night_krw,
        a1_0.travel_plan_id 
    from
        accommodations a1_0 
    where
        a1_0.travel_plan_id=?
Hibernate: 
    select
        u1_0.id,
        u1_0.deleted_at,
        u1_0.email,
        u1_0.password,
        u1_0.tendency,
        u1_0.username 
    from
        users u1_0 
    where
        u1_0.id=? 
        and (
            u1_0.deleted_at IS NULL
        )
2026-05-27T08:43:38.653+09:00 ERROR 35489 --- [dagalle] [nio-8080-exec-7] o.j.c.d.c.e.GlobalExceptionHandler       : [서버 내부 오류] HttpMessageNotReadableException - JSON parse error: Cannot deserialize value of type `org.jkh.com.dagalle.domain.travel.entity.TravelStatus` from String "PLANNED": not one of the values accepted for Enum class: [DRAFT, COMPLETED, CONFIRMED]

org.springframework.http.converter.HttpMessageNotReadableException: JSON parse error: Cannot deserialize value of type `org.jkh.com.dagalle.domain.travel.entity.TravelStatus` from String "PLANNED": not one of the values accepted for Enum class: [DRAFT, COMPLETED, CONFIRMED]
	at org.springframework.http.converter.AbstractJacksonHttpMessageConverter.readJavaType(AbstractJacksonHttpMessageConverter.java:363) ~[spring-web-7.0.5.jar:7.0.5]
	at org.springframework.http.converter.AbstractJacksonHttpMessageConverter.read(AbstractJacksonHttpMessageConverter.java:319) ~[spring-web-7.0.5.jar:7.0.5]
	at org.springframework.web.servlet.mvc.method.annotation.AbstractMessageConverterMethodArgumentResolver.readWithMessageConverters(AbstractMessageConverterMethodArgumentResolver.java:203) ~[spring-webmvc-7.0.5.jar:7.0.5]
	at org.springframework.web.servlet.mvc.method.annotation.RequestResponseBodyMethodProcessor.readWithMessageConverters(RequestResponseBodyMethodProcessor.java:181) ~[spring-webmvc-7.0.5.jar:7.0.5]
	at org.springframework.web.servlet.mvc.method.annotation.RequestResponseBodyMethodProcessor.resolveArgument(RequestResponseBodyMethodProcessor.java:156) ~[spring-webmvc-7.0.5.jar:7.0.5]
	at org.springframework.web.method.support.HandlerMethodArgumentResolverComposite.resolveArgument(HandlerMethodArgumentResolverComposite.java:122) ~[spring-web-7.0.5.jar:7.0.5]
	at org.springframework.web.method.support.InvocableHandlerMethod.getMethodArgumentValues(InvocableHandlerMethod.java:224) ~[spring-web-7.0.5.jar:7.0.5]
	at org.springframework.web.method.support.InvocableHandlerMethod.invokeForRequest(InvocableHandlerMethod.java:174) ~[spring-web-7.0.5.jar:7.0.5]
	at org.springframework.web.servlet.mvc.method.annotation.ServletInvocableHandlerMethod.invokeAndHandle(ServletInvocableHandlerMethod.java:117) ~[spring-webmvc-7.0.5.jar:7.0.5]
	at org.springframework.web.servlet.mvc.method.annotation.RequestMappingHandlerAdapter.invokeHandlerMethod(RequestMappingHandlerAdapter.java:934) ~[spring-webmvc-7.0.5.jar:7.0.5]
	at org.springframework.web.servlet.mvc.method.annotation.RequestMappingHandlerAdapter.handleInternal(RequestMappingHandlerAdapter.java:853) ~[spring-webmvc-7.0.5.jar:7.0.5]
	at org.springframework.web.servlet.mvc.method.AbstractHandlerMethodAdapter.handle(AbstractHandlerMethodAdapter.java:86) ~[spring-webmvc-7.0.5.jar:7.0.5]
	at org.springframework.web.servlet.DispatcherServlet.doDispatch(DispatcherServlet.java:963) ~[spring-webmvc-7.0.5.jar:7.0.5]
	at org.springframework.web.servlet.DispatcherServlet.doService(DispatcherServlet.java:866) ~[spring-webmvc-7.0.5.jar:7.0.5]
	at org.springframework.web.servlet.FrameworkServlet.processRequest(FrameworkServlet.java:1000) ~[spring-webmvc-7.0.5.jar:7.0.5]
	at org.springframework.web.servlet.FrameworkServlet.service(FrameworkServlet.java:877) ~[spring-webmvc-7.0.5.jar:7.0.5]
	at jakarta.servlet.http.HttpServlet.service(HttpServlet.java:710) ~[tomcat-embed-core-11.0.18.jar:6.1]
	at org.apache.catalina.core.ApplicationFilterChain.doFilter(ApplicationFilterChain.java:128) ~[tomcat-embed-core-11.0.18.jar:11.0.18]
	at org.apache.tomcat.websocket.server.WsFilter.doFilter(WsFilter.java:53) ~[tomcat-embed-websocket-11.0.18.jar:11.0.18]
	at org.apache.catalina.core.ApplicationFilterChain.doFilter(ApplicationFilterChain.java:107) ~[tomcat-embed-core-11.0.18.jar:11.0.18]
	at org.springframework.web.filter.CompositeFilter$VirtualFilterChain.doFilter(CompositeFilter.java:108) ~[spring-web-7.0.5.jar:7.0.5]
	at org.springframework.security.web.FilterChainProxy.lambda$doFilterInternal$3(FilterChainProxy.java:235) ~[spring-security-web-7.0.3.jar:7.0.3]
	at org.springframework.security.web.FilterChainProxy$VirtualFilterChain.doFilter(FilterChainProxy.java:371) ~[spring-security-web-7.0.3.jar:7.0.3]
	at org.springframework.security.web.access.intercept.AuthorizationFilter.doFilter(AuthorizationFilter.java:101) ~[spring-security-web-7.0.3.jar:7.0.3]
	at org.springframework.security.web.FilterChainProxy$VirtualFilterChain.doFilter(FilterChainProxy.java:380) ~[spring-security-web-7.0.3.jar:7.0.3]
	at org.springframework.security.web.access.ExceptionTranslationFilter.doFilter(ExceptionTranslationFilter.java:126) ~[spring-security-web-7.0.3.jar:7.0.3]
	at org.springframework.security.web.access.ExceptionTranslationFilter.doFilter(ExceptionTranslationFilter.java:120) ~[spring-security-web-7.0.3.jar:7.0.3]
	at org.springframework.security.web.FilterChainProxy$VirtualFilterChain.doFilter(FilterChainProxy.java:380) ~[spring-security-web-7.0.3.jar:7.0.3]
	at org.springframework.security.web.session.SessionManagementFilter.doFilter(SessionManagementFilter.java:132) ~[spring-security-web-7.0.3.jar:7.0.3]
	at org.springframework.security.web.session.SessionManagementFilter.doFilter(SessionManagementFilter.java:86) ~[spring-security-web-7.0.3.jar:7.0.3]
	at org.springframework.security.web.FilterChainProxy$VirtualFilterChain.doFilter(FilterChainProxy.java:380) ~[spring-security-web-7.0.3.jar:7.0.3]
	at org.springframework.security.web.authentication.AnonymousAuthenticationFilter.doFilter(AnonymousAuthenticationFilter.java:100) ~[spring-security-web-7.0.3.jar:7.0.3]
	at org.springframework.security.web.FilterChainProxy$VirtualFilterChain.doFilter(FilterChainProxy.java:380) ~[spring-security-web-7.0.3.jar:7.0.3]
	at org.springframework.security.web.servletapi.SecurityContextHolderAwareRequestFilter.doFilter(SecurityContextHolderAwareRequestFilter.java:181) ~[spring-security-web-7.0.3.jar:7.0.3]
	at org.springframework.security.web.FilterChainProxy$VirtualFilterChain.doFilter(FilterChainProxy.java:380) ~[spring-security-web-7.0.3.jar:7.0.3]
	at org.springframework.security.web.savedrequest.RequestCacheAwareFilter.doFilter(RequestCacheAwareFilter.java:63) ~[spring-security-web-7.0.3.jar:7.0.3]
	at org.springframework.security.web.FilterChainProxy$VirtualFilterChain.doFilter(FilterChainProxy.java:380) ~[spring-security-web-7.0.3.jar:7.0.3]
	at org.jkh.com.dagalle.common.security.JwtAuthenticationFilter.doFilterInternal(JwtAuthenticationFilter.java:43) ~[main/:na]
	at org.springframework.web.filter.OncePerRequestFilter.doFilter(OncePerRequestFilter.java:116) ~[spring-web-7.0.5.jar:7.0.5]
	at org.springframework.security.web.FilterChainProxy$VirtualFilterChain.doFilter(FilterChainProxy.java:380) ~[spring-security-web-7.0.3.jar:7.0.3]
	at org.springframework.security.web.authentication.logout.LogoutFilter.doFilter(LogoutFilter.java:110) ~[spring-security-web-7.0.3.jar:7.0.3]
	at org.springframework.security.web.authentication.logout.LogoutFilter.doFilter(LogoutFilter.java:96) ~[spring-security-web-7.0.3.jar:7.0.3]
	at org.springframework.security.web.FilterChainProxy$VirtualFilterChain.doFilter(FilterChainProxy.java:380) ~[spring-security-web-7.0.3.jar:7.0.3]
	at org.springframework.web.filter.CorsFilter.doFilterInternal(CorsFilter.java:91) ~[spring-web-7.0.5.jar:7.0.5]
	at org.springframework.web.filter.OncePerRequestFilter.doFilter(OncePerRequestFilter.java:116) ~[spring-web-7.0.5.jar:7.0.5]
	at org.springframework.security.web.FilterChainProxy$VirtualFilterChain.doFilter(FilterChainProxy.java:380) ~[spring-security-web-7.0.3.jar:7.0.3]
	at org.springframework.security.web.header.HeaderWriterFilter.doHeadersAfter(HeaderWriterFilter.java:90) ~[spring-security-web-7.0.3.jar:7.0.3]
	at org.springframework.security.web.header.HeaderWriterFilter.doFilterInternal(HeaderWriterFilter.java:75) ~[spring-security-web-7.0.3.jar:7.0.3]
	at org.springframework.web.filter.OncePerRequestFilter.doFilter(OncePerRequestFilter.java:116) ~[spring-web-7.0.5.jar:7.0.5]
	at org.springframework.security.web.FilterChainProxy$VirtualFilterChain.doFilter(FilterChainProxy.java:380) ~[spring-security-web-7.0.3.jar:7.0.3]
	at org.springframework.security.web.context.SecurityContextHolderFilter.doFilter(SecurityContextHolderFilter.java:82) ~[spring-security-web-7.0.3.jar:7.0.3]
	at org.springframework.security.web.context.SecurityContextHolderFilter.doFilter(SecurityContextHolderFilter.java:69) ~[spring-security-web-7.0.3.jar:7.0.3]
	at org.springframework.security.web.FilterChainProxy$VirtualFilterChain.doFilter(FilterChainProxy.java:380) ~[spring-security-web-7.0.3.jar:7.0.3]
	at org.springframework.security.web.context.request.async.WebAsyncManagerIntegrationFilter.doFilterInternal(WebAsyncManagerIntegrationFilter.java:62) ~[spring-security-web-7.0.3.jar:7.0.3]
	at org.springframework.web.filter.OncePerRequestFilter.doFilter(OncePerRequestFilter.java:116) ~[spring-web-7.0.5.jar:7.0.5]
	at org.springframework.security.web.FilterChainProxy$VirtualFilterChain.doFilter(FilterChainProxy.java:380) ~[spring-security-web-7.0.3.jar:7.0.3]
	at org.springframework.security.web.session.DisableEncodeUrlFilter.doFilterInternal(DisableEncodeUrlFilter.java:42) ~[spring-security-web-7.0.3.jar:7.0.3]
	at org.springframework.web.filter.OncePerRequestFilter.doFilter(OncePerRequestFilter.java:116) ~[spring-web-7.0.5.jar:7.0.5]
	at org.springframework.security.web.FilterChainProxy$VirtualFilterChain.doFilter(FilterChainProxy.java:380) ~[spring-security-web-7.0.3.jar:7.0.3]
	at org.springframework.security.web.FilterChainProxy.doFilterInternal(FilterChainProxy.java:237) ~[spring-security-web-7.0.3.jar:7.0.3]
	at org.springframework.security.web.FilterChainProxy.doFilter(FilterChainProxy.java:195) ~[spring-security-web-7.0.3.jar:7.0.3]
	at org.springframework.web.filter.CompositeFilter$VirtualFilterChain.doFilter(CompositeFilter.java:113) ~[spring-web-7.0.5.jar:7.0.5]
	at org.springframework.web.filter.ServletRequestPathFilter.doFilter(ServletRequestPathFilter.java:52) ~[spring-web-7.0.5.jar:7.0.5]
	at org.springframework.web.filter.CompositeFilter$VirtualFilterChain.doFilter(CompositeFilter.java:113) ~[spring-web-7.0.5.jar:7.0.5]
	at org.springframework.web.filter.CompositeFilter.doFilter(CompositeFilter.java:74) ~[spring-web-7.0.5.jar:7.0.5]
	at org.springframework.security.config.annotation.web.configuration.WebSecurityConfiguration$CompositeFilterChainProxy.doFilter(WebSecurityConfiguration.java:317) ~[spring-security-config-7.0.3.jar:7.0.3]
	at org.springframework.web.filter.DelegatingFilterProxy.invokeDelegate(DelegatingFilterProxy.java:355) ~[spring-web-7.0.5.jar:7.0.5]
	at org.springframework.web.filter.DelegatingFilterProxy.doFilter(DelegatingFilterProxy.java:272) ~[spring-web-7.0.5.jar:7.0.5]
	at org.apache.catalina.core.ApplicationFilterChain.doFilter(ApplicationFilterChain.java:107) ~[tomcat-embed-core-11.0.18.jar:11.0.18]
	at org.springframework.web.filter.RequestContextFilter.doFilterInternal(RequestContextFilter.java:100) ~[spring-web-7.0.5.jar:7.0.5]
	at org.springframework.web.filter.OncePerRequestFilter.doFilter(OncePerRequestFilter.java:116) ~[spring-web-7.0.5.jar:7.0.5]
	at org.apache.catalina.core.ApplicationFilterChain.doFilter(ApplicationFilterChain.java:107) ~[tomcat-embed-core-11.0.18.jar:11.0.18]
	at org.springframework.web.filter.FormContentFilter.doFilterInternal(FormContentFilter.java:93) ~[spring-web-7.0.5.jar:7.0.5]
	at org.springframework.web.filter.OncePerRequestFilter.doFilter(OncePerRequestFilter.java:116) ~[spring-web-7.0.5.jar:7.0.5]
	at org.apache.catalina.core.ApplicationFilterChain.doFilter(ApplicationFilterChain.java:107) ~[tomcat-embed-core-11.0.18.jar:11.0.18]
	at org.springframework.web.filter.CharacterEncodingFilter.doFilterInternal(CharacterEncodingFilter.java:199) ~[spring-web-7.0.5.jar:7.0.5]
	at org.springframework.web.filter.OncePerRequestFilter.doFilter(OncePerRequestFilter.java:116) ~[spring-web-7.0.5.jar:7.0.5]
	at org.apache.catalina.core.ApplicationFilterChain.doFilter(ApplicationFilterChain.java:107) ~[tomcat-embed-core-11.0.18.jar:11.0.18]
	at org.apache.catalina.core.StandardWrapperValve.invoke(StandardWrapperValve.java:165) ~[tomcat-embed-core-11.0.18.jar:11.0.18]
	at org.apache.catalina.core.StandardContextValve.invoke(StandardContextValve.java:77) ~[tomcat-embed-core-11.0.18.jar:11.0.18]
	at org.apache.catalina.authenticator.AuthenticatorBase.invoke(AuthenticatorBase.java:492) ~[tomcat-embed-core-11.0.18.jar:11.0.18]
	at org.apache.catalina.core.StandardHostValve.invoke(StandardHostValve.java:113) ~[tomcat-embed-core-11.0.18.jar:11.0.18]
	at org.apache.catalina.valves.ErrorReportValve.invoke(ErrorReportValve.java:83) ~[tomcat-embed-core-11.0.18.jar:11.0.18]
	at org.apache.catalina.core.StandardEngineValve.invoke(StandardEngineValve.java:72) ~[tomcat-embed-core-11.0.18.jar:11.0.18]
	at org.apache.catalina.connector.CoyoteAdapter.service(CoyoteAdapter.java:341) ~[tomcat-embed-core-11.0.18.jar:11.0.18]
	at org.apache.coyote.http11.Http11Processor.service(Http11Processor.java:397) ~[tomcat-embed-core-11.0.18.jar:11.0.18]
	at org.apache.coyote.AbstractProcessorLight.process(AbstractProcessorLight.java:63) ~[tomcat-embed-core-11.0.18.jar:11.0.18]
	at org.apache.coyote.AbstractProtocol$ConnectionHandler.process(AbstractProtocol.java:903) ~[tomcat-embed-core-11.0.18.jar:11.0.18]
	at org.apache.tomcat.util.net.NioEndpoint$SocketProcessor.doRun(NioEndpoint.java:1779) ~[tomcat-embed-core-11.0.18.jar:11.0.18]
	at org.apache.tomcat.util.net.SocketProcessorBase.run(SocketProcessorBase.java:52) ~[tomcat-embed-core-11.0.18.jar:11.0.18]
	at org.apache.tomcat.util.threads.ThreadPoolExecutor.runWorker(ThreadPoolExecutor.java:946) ~[tomcat-embed-core-11.0.18.jar:11.0.18]
	at org.apache.tomcat.util.threads.ThreadPoolExecutor$Worker.run(ThreadPoolExecutor.java:480) ~[tomcat-embed-core-11.0.18.jar:11.0.18]
	at org.apache.tomcat.util.threads.TaskThread$WrappingRunnable.run(TaskThread.java:57) ~[tomcat-embed-core-11.0.18.jar:11.0.18]
	at java.base/java.lang.Thread.run(Thread.java:840) ~[na:na]
Caused by: tools.jackson.databind.exc.InvalidFormatException: Cannot deserialize value of type `org.jkh.com.dagalle.domain.travel.entity.TravelStatus` from String "PLANNED": not one of the values accepted for Enum class: [DRAFT, COMPLETED, CONFIRMED]
 at [Source: REDACTED (`StreamReadFeature.INCLUDE_SOURCE_IN_LOCATION` disabled); byte offset: #51] (through reference chain: org.jkh.com.dagalle.domain.travel.dto.TravelUpdateRequest["status"])
	at tools.jackson.databind.exc.InvalidFormatException.from(InvalidFormatException.java:37) ~[jackson-databind-3.0.4.jar:3.0.4]
	at tools.jackson.databind.DeserializationContext.weirdStringException(DeserializationContext.java:2018) ~[jackson-databind-3.0.4.jar:3.0.4]
	at tools.jackson.databind.DeserializationContext.handleWeirdStringValue(DeserializationContext.java:1354) ~[jackson-databind-3.0.4.jar:3.0.4]
	at tools.jackson.databind.deser.jdk.EnumDeserializer._deserializeAltString(EnumDeserializer.java:365) ~[jackson-databind-3.0.4.jar:3.0.4]
	at tools.jackson.databind.deser.jdk.EnumDeserializer._fromString(EnumDeserializer.java:224) ~[jackson-databind-3.0.4.jar:3.0.4]
	at tools.jackson.databind.deser.jdk.EnumDeserializer.deserialize(EnumDeserializer.java:189) ~[jackson-databind-3.0.4.jar:3.0.4]
	at tools.jackson.databind.deser.impl.MethodProperty.deserializeAndSet(MethodProperty.java:120) ~[jackson-databind-3.0.4.jar:3.0.4]
	at tools.jackson.databind.deser.bean.BeanDeserializer.deserializeFromObject(BeanDeserializer.java:532) ~[jackson-databind-3.0.4.jar:3.0.4]
	at tools.jackson.databind.deser.bean.BeanDeserializer.deserialize(BeanDeserializer.java:200) ~[jackson-databind-3.0.4.jar:3.0.4]
	at tools.jackson.databind.deser.DeserializationContextExt.readRootValue(DeserializationContextExt.java:265) ~[jackson-databind-3.0.4.jar:3.0.4]
	at tools.jackson.databind.ObjectReader._bindAndClose(ObjectReader.java:1646) ~[jackson-databind-3.0.4.jar:3.0.4]
	at tools.jackson.databind.ObjectReader.readValue(ObjectReader.java:1171) ~[jackson-databind-3.0.4.jar:3.0.4]
	at org.springframework.http.converter.AbstractJacksonHttpMessageConverter.readJavaType(AbstractJacksonHttpMessageConverter.java:352) ~[spring-web-7.0.5.jar:7.0.5]
	... 93 common frames omitted

2026-05-27T08:53:43.344+09:00  WARN 35489 --- [dagalle] [l-1:housekeeper] com.zaxxer.hikari.pool.HikariPool        : HikariPool-1 - Thread starvation or clock leap detected (housekeeper delta=10m22s755ms).
2026-05-27T09:11:20.818+09:00  WARN 35489 --- [dagalle] [l-1:housekeeper] com.zaxxer.hikari.pool.HikariPool        : HikariPool-1 - Thread starvation or clock leap detected (housekeeper delta=17m37s475ms).
2026-05-27T11:20:59.619+09:00  WARN 35489 --- [dagalle] [l-1:housekeeper] com.zaxxer.hikari.pool.HikariPool        : HikariPool-1 - Thread starvation or clock leap detected (housekeeper delta=16m37s518ms).
2026-05-27T11:41:15.724+09:00  WARN 35489 --- [dagalle] [l-1:housekeeper] com.zaxxer.hikari.pool.HikariPool        : HikariPool-1 - Thread starvation or clock leap detected (housekeeper delta=17m46s69ms).
2026-05-27T11:58:17.452+09:00  WARN 35489 --- [dagalle] [l-1:housekeeper] com.zaxxer.hikari.pool.HikariPool        : HikariPool-1 - Thread starvation or clock leap detected (housekeeper delta=17m1s728ms).
2026-05-27T12:16:27.571+09:00  WARN 35489 --- [dagalle] [l-1:housekeeper] com.zaxxer.hikari.pool.HikariPool        : HikariPool-1 - Thread starvation or clock leap detected (housekeeper delta=15m40s86ms).
Hibernate: 
    select
        u1_0.id,
        u1_0.deleted_at,
        u1_0.email,
        u1_0.password,
        u1_0.tendency,
        u1_0.username 
    from
        users u1_0 
    where
        (
            u1_0.deleted_at IS NULL
        ) 
        and u1_0.email=?
Hibernate: 
    select
        u1_0.id,
        u1_0.deleted_at,
        u1_0.email,
        u1_0.password,
        u1_0.tendency,
        u1_0.username 
    from
        users u1_0 
    where
        u1_0.id=? 
        and (
            u1_0.deleted_at IS NULL
        )
Hibernate: 
    select
        tp1_0.id,
        tp1_0.accommodation_score,
        tp1_0.arrival_at_dest_time,
        tp1_0.budget_total,
        tp1_0.country_code,
        tp1_0.departure_flight_time,
        tp1_0.end_date,
        tp1_0.end_location,
        tp1_0.extreme_score,
        tp1_0.food_score,
        tp1_0.is_ai_generated,
        tp1_0.keywords,
        tp1_0.member_count,
        tp1_0.owner_id,
        tp1_0.return_flight_time,
        tp1_0.start_date,
        tp1_0.start_location,
        tp1_0.status,
        tp1_0.theme,
        tp1_0.title,
        tp1_0.transport_score,
        tp1_0.with_car 
    from
        travel_plans tp1_0 
    where
        tp1_0.id=?
Hibernate: 
    select
        u1_0.id,
        u1_0.deleted_at,
        u1_0.email,
        u1_0.password,
        u1_0.tendency,
        u1_0.username 
    from
        users u1_0 
    where
        u1_0.id=? 
        and (
            u1_0.deleted_at IS NULL
        )
Hibernate: 
    select
        tm1_0.id 
    from
        travel_members tm1_0 
    where
        tm1_0.travel_plan_id=? 
        and tm1_0.user_id=? 
        and tm1_0.role=? 
    fetch
        first ? rows only
Hibernate: 
    update
        travel_plans 
    set
        accommodation_score=?,
        arrival_at_dest_time=?,
        budget_total=?,
        country_code=?,
        departure_flight_time=?,
        end_date=?,
        end_location=?,
        extreme_score=?,
        food_score=?,
        is_ai_generated=?,
        keywords=?,
        member_count=?,
        owner_id=?,
        return_flight_time=?,
        start_date=?,
        start_location=?,
        status=?,
        theme=?,
        title=?,
        transport_score=?,
        with_car=? 
    where
        id=?
Hibernate: 
    select
        u1_0.id,
        u1_0.deleted_at,
        u1_0.email,
        u1_0.password,
        u1_0.tendency,
        u1_0.username 
    from
        users u1_0 
    where
        u1_0.id=? 
        and (
            u1_0.deleted_at IS NULL
        )
Hibernate: 
    select
        tp1_0.id,
        tp1_0.accommodation_score,
        tp1_0.arrival_at_dest_time,
        tp1_0.budget_total,
        tp1_0.country_code,
        tp1_0.departure_flight_time,
        tp1_0.end_date,
        tp1_0.end_location,
        tp1_0.extreme_score,
        tp1_0.food_score,
        tp1_0.is_ai_generated,
        tp1_0.keywords,
        tp1_0.member_count,
        tp1_0.owner_id,
        tp1_0.return_flight_time,
        tp1_0.start_date,
        tp1_0.start_location,
        tp1_0.status,
        tp1_0.theme,
        tp1_0.title,
        tp1_0.transport_score,
        tp1_0.with_car 
    from
        travel_plans tp1_0 
    where
        tp1_0.id=?
Hibernate: 
    select
        u1_0.id,
        u1_0.deleted_at,
        u1_0.email,
        u1_0.password,
        u1_0.tendency,
        u1_0.username 
    from
        users u1_0 
    where
        u1_0.id=? 
        and (
            u1_0.deleted_at IS NULL
        )
Hibernate: 
    select
        tm1_0.id 
    from
        travel_members tm1_0 
    where
        tm1_0.travel_plan_id=? 
        and tm1_0.user_id=? 
        and tm1_0.role=? 
    fetch
        first ? rows only
Hibernate: 
    update
        travel_plans 
    set
        accommodation_score=?,
        arrival_at_dest_time=?,
        budget_total=?,
        country_code=?,
        departure_flight_time=?,
        end_date=?,
        end_location=?,
        extreme_score=?,
        food_score=?,
        is_ai_generated=?,
        keywords=?,
        member_count=?,
        owner_id=?,
        return_flight_time=?,
        start_date=?,
        start_location=?,
        status=?,
        theme=?,
        title=?,
        transport_score=?,
        with_car=? 
    where
        id=?
Hibernate: 
    select
        u1_0.id,
        u1_0.deleted_at,
        u1_0.email,
        u1_0.password,
        u1_0.tendency,
        u1_0.username 
    from
        users u1_0 
    where
        u1_0.id=? 
        and (
            u1_0.deleted_at IS NULL
        )
2026-05-27T13:05:56.099+09:00 ERROR 35489 --- [dagalle] [nio-8080-exec-8] o.j.c.d.c.e.GlobalExceptionHandler       : [서버 내부 오류] HttpMessageNotReadableException - JSON parse error: Cannot deserialize value of type `org.jkh.com.dagalle.domain.travel.entity.TravelStatus` from String "PLANNED": not one of the values accepted for Enum class: [DRAFT, COMPLETED, CONFIRMED]

org.springframework.http.converter.HttpMessageNotReadableException: JSON parse error: Cannot deserialize value of type `org.jkh.com.dagalle.domain.travel.entity.TravelStatus` from String "PLANNED": not one of the values accepted for Enum class: [DRAFT, COMPLETED, CONFIRMED]
	at org.springframework.http.converter.AbstractJacksonHttpMessageConverter.readJavaType(AbstractJacksonHttpMessageConverter.java:363) ~[spring-web-7.0.5.jar:7.0.5]
	at org.springframework.http.converter.AbstractJacksonHttpMessageConverter.read(AbstractJacksonHttpMessageConverter.java:319) ~[spring-web-7.0.5.jar:7.0.5]
	at org.springframework.web.servlet.mvc.method.annotation.AbstractMessageConverterMethodArgumentResolver.readWithMessageConverters(AbstractMessageConverterMethodArgumentResolver.java:203) ~[spring-webmvc-7.0.5.jar:7.0.5]
	at org.springframework.web.servlet.mvc.method.annotation.RequestResponseBodyMethodProcessor.readWithMessageConverters(RequestResponseBodyMethodProcessor.java:181) ~[spring-webmvc-7.0.5.jar:7.0.5]
	at org.springframework.web.servlet.mvc.method.annotation.RequestResponseBodyMethodProcessor.resolveArgument(RequestResponseBodyMethodProcessor.java:156) ~[spring-webmvc-7.0.5.jar:7.0.5]
	at org.springframework.web.method.support.HandlerMethodArgumentResolverComposite.resolveArgument(HandlerMethodArgumentResolverComposite.java:122) ~[spring-web-7.0.5.jar:7.0.5]
	at org.springframework.web.method.support.InvocableHandlerMethod.getMethodArgumentValues(InvocableHandlerMethod.java:224) ~[spring-web-7.0.5.jar:7.0.5]
	at org.springframework.web.method.support.InvocableHandlerMethod.invokeForRequest(InvocableHandlerMethod.java:174) ~[spring-web-7.0.5.jar:7.0.5]
	at org.springframework.web.servlet.mvc.method.annotation.ServletInvocableHandlerMethod.invokeAndHandle(ServletInvocableHandlerMethod.java:117) ~[spring-webmvc-7.0.5.jar:7.0.5]
	at org.springframework.web.servlet.mvc.method.annotation.RequestMappingHandlerAdapter.invokeHandlerMethod(RequestMappingHandlerAdapter.java:934) ~[spring-webmvc-7.0.5.jar:7.0.5]
	at org.springframework.web.servlet.mvc.method.annotation.RequestMappingHandlerAdapter.handleInternal(RequestMappingHandlerAdapter.java:853) ~[spring-webmvc-7.0.5.jar:7.0.5]
	at org.springframework.web.servlet.mvc.method.AbstractHandlerMethodAdapter.handle(AbstractHandlerMethodAdapter.java:86) ~[spring-webmvc-7.0.5.jar:7.0.5]
	at org.springframework.web.servlet.DispatcherServlet.doDispatch(DispatcherServlet.java:963) ~[spring-webmvc-7.0.5.jar:7.0.5]
	at org.springframework.web.servlet.DispatcherServlet.doService(DispatcherServlet.java:866) ~[spring-webmvc-7.0.5.jar:7.0.5]
	at org.springframework.web.servlet.FrameworkServlet.processRequest(FrameworkServlet.java:1000) ~[spring-webmvc-7.0.5.jar:7.0.5]
	at org.springframework.web.servlet.FrameworkServlet.service(FrameworkServlet.java:877) ~[spring-webmvc-7.0.5.jar:7.0.5]
	at jakarta.servlet.http.HttpServlet.service(HttpServlet.java:710) ~[tomcat-embed-core-11.0.18.jar:6.1]
	at org.apache.catalina.core.ApplicationFilterChain.doFilter(ApplicationFilterChain.java:128) ~[tomcat-embed-core-11.0.18.jar:11.0.18]
	at org.apache.tomcat.websocket.server.WsFilter.doFilter(WsFilter.java:53) ~[tomcat-embed-websocket-11.0.18.jar:11.0.18]
	at org.apache.catalina.core.ApplicationFilterChain.doFilter(ApplicationFilterChain.java:107) ~[tomcat-embed-core-11.0.18.jar:11.0.18]
	at org.springframework.web.filter.CompositeFilter$VirtualFilterChain.doFilter(CompositeFilter.java:108) ~[spring-web-7.0.5.jar:7.0.5]
	at org.springframework.security.web.FilterChainProxy.lambda$doFilterInternal$3(FilterChainProxy.java:235) ~[spring-security-web-7.0.3.jar:7.0.3]
	at org.springframework.security.web.FilterChainProxy$VirtualFilterChain.doFilter(FilterChainProxy.java:371) ~[spring-security-web-7.0.3.jar:7.0.3]
	at org.springframework.security.web.access.intercept.AuthorizationFilter.doFilter(AuthorizationFilter.java:101) ~[spring-security-web-7.0.3.jar:7.0.3]
	at org.springframework.security.web.FilterChainProxy$VirtualFilterChain.doFilter(FilterChainProxy.java:380) ~[spring-security-web-7.0.3.jar:7.0.3]
	at org.springframework.security.web.access.ExceptionTranslationFilter.doFilter(ExceptionTranslationFilter.java:126) ~[spring-security-web-7.0.3.jar:7.0.3]
	at org.springframework.security.web.access.ExceptionTranslationFilter.doFilter(ExceptionTranslationFilter.java:120) ~[spring-security-web-7.0.3.jar:7.0.3]
	at org.springframework.security.web.FilterChainProxy$VirtualFilterChain.doFilter(FilterChainProxy.java:380) ~[spring-security-web-7.0.3.jar:7.0.3]
	at org.springframework.security.web.session.SessionManagementFilter.doFilter(SessionManagementFilter.java:132) ~[spring-security-web-7.0.3.jar:7.0.3]
	at org.springframework.security.web.session.SessionManagementFilter.doFilter(SessionManagementFilter.java:86) ~[spring-security-web-7.0.3.jar:7.0.3]
	at org.springframework.security.web.FilterChainProxy$VirtualFilterChain.doFilter(FilterChainProxy.java:380) ~[spring-security-web-7.0.3.jar:7.0.3]
	at org.springframework.security.web.authentication.AnonymousAuthenticationFilter.doFilter(AnonymousAuthenticationFilter.java:100) ~[spring-security-web-7.0.3.jar:7.0.3]
	at org.springframework.security.web.FilterChainProxy$VirtualFilterChain.doFilter(FilterChainProxy.java:380) ~[spring-security-web-7.0.3.jar:7.0.3]
	at org.springframework.security.web.servletapi.SecurityContextHolderAwareRequestFilter.doFilter(SecurityContextHolderAwareRequestFilter.java:181) ~[spring-security-web-7.0.3.jar:7.0.3]
	at org.springframework.security.web.FilterChainProxy$VirtualFilterChain.doFilter(FilterChainProxy.java:380) ~[spring-security-web-7.0.3.jar:7.0.3]
	at org.springframework.security.web.savedrequest.RequestCacheAwareFilter.doFilter(RequestCacheAwareFilter.java:63) ~[spring-security-web-7.0.3.jar:7.0.3]
	at org.springframework.security.web.FilterChainProxy$VirtualFilterChain.doFilter(FilterChainProxy.java:380) ~[spring-security-web-7.0.3.jar:7.0.3]
	at org.jkh.com.dagalle.common.security.JwtAuthenticationFilter.doFilterInternal(JwtAuthenticationFilter.java:43) ~[main/:na]
	at org.springframework.web.filter.OncePerRequestFilter.doFilter(OncePerRequestFilter.java:116) ~[spring-web-7.0.5.jar:7.0.5]
	at org.springframework.security.web.FilterChainProxy$VirtualFilterChain.doFilter(FilterChainProxy.java:380) ~[spring-security-web-7.0.3.jar:7.0.3]
	at org.springframework.security.web.authentication.logout.LogoutFilter.doFilter(LogoutFilter.java:110) ~[spring-security-web-7.0.3.jar:7.0.3]
	at org.springframework.security.web.authentication.logout.LogoutFilter.doFilter(LogoutFilter.java:96) ~[spring-security-web-7.0.3.jar:7.0.3]
	at org.springframework.security.web.FilterChainProxy$VirtualFilterChain.doFilter(FilterChainProxy.java:380) ~[spring-security-web-7.0.3.jar:7.0.3]
	at org.springframework.web.filter.CorsFilter.doFilterInternal(CorsFilter.java:91) ~[spring-web-7.0.5.jar:7.0.5]
	at org.springframework.web.filter.OncePerRequestFilter.doFilter(OncePerRequestFilter.java:116) ~[spring-web-7.0.5.jar:7.0.5]
	at org.springframework.security.web.FilterChainProxy$VirtualFilterChain.doFilter(FilterChainProxy.java:380) ~[spring-security-web-7.0.3.jar:7.0.3]
	at org.springframework.security.web.header.HeaderWriterFilter.doHeadersAfter(HeaderWriterFilter.java:90) ~[spring-security-web-7.0.3.jar:7.0.3]
	at org.springframework.security.web.header.HeaderWriterFilter.doFilterInternal(HeaderWriterFilter.java:75) ~[spring-security-web-7.0.3.jar:7.0.3]
	at org.springframework.web.filter.OncePerRequestFilter.doFilter(OncePerRequestFilter.java:116) ~[spring-web-7.0.5.jar:7.0.5]
	at org.springframework.security.web.FilterChainProxy$VirtualFilterChain.doFilter(FilterChainProxy.java:380) ~[spring-security-web-7.0.3.jar:7.0.3]
	at org.springframework.security.web.context.SecurityContextHolderFilter.doFilter(SecurityContextHolderFilter.java:82) ~[spring-security-web-7.0.3.jar:7.0.3]
	at org.springframework.security.web.context.SecurityContextHolderFilter.doFilter(SecurityContextHolderFilter.java:69) ~[spring-security-web-7.0.3.jar:7.0.3]
	at org.springframework.security.web.FilterChainProxy$VirtualFilterChain.doFilter(FilterChainProxy.java:380) ~[spring-security-web-7.0.3.jar:7.0.3]
	at org.springframework.security.web.context.request.async.WebAsyncManagerIntegrationFilter.doFilterInternal(WebAsyncManagerIntegrationFilter.java:62) ~[spring-security-web-7.0.3.jar:7.0.3]
	at org.springframework.web.filter.OncePerRequestFilter.doFilter(OncePerRequestFilter.java:116) ~[spring-web-7.0.5.jar:7.0.5]
	at org.springframework.security.web.FilterChainProxy$VirtualFilterChain.doFilter(FilterChainProxy.java:380) ~[spring-security-web-7.0.3.jar:7.0.3]
	at org.springframework.security.web.session.DisableEncodeUrlFilter.doFilterInternal(DisableEncodeUrlFilter.java:42) ~[spring-security-web-7.0.3.jar:7.0.3]
	at org.springframework.web.filter.OncePerRequestFilter.doFilter(OncePerRequestFilter.java:116) ~[spring-web-7.0.5.jar:7.0.5]
	at org.springframework.security.web.FilterChainProxy$VirtualFilterChain.doFilter(FilterChainProxy.java:380) ~[spring-security-web-7.0.3.jar:7.0.3]
	at org.springframework.security.web.FilterChainProxy.doFilterInternal(FilterChainProxy.java:237) ~[spring-security-web-7.0.3.jar:7.0.3]
	at org.springframework.security.web.FilterChainProxy.doFilter(FilterChainProxy.java:195) ~[spring-security-web-7.0.3.jar:7.0.3]
	at org.springframework.web.filter.CompositeFilter$VirtualFilterChain.doFilter(CompositeFilter.java:113) ~[spring-web-7.0.5.jar:7.0.5]
	at org.springframework.web.filter.ServletRequestPathFilter.doFilter(ServletRequestPathFilter.java:52) ~[spring-web-7.0.5.jar:7.0.5]
	at org.springframework.web.filter.CompositeFilter$VirtualFilterChain.doFilter(CompositeFilter.java:113) ~[spring-web-7.0.5.jar:7.0.5]
	at org.springframework.web.filter.CompositeFilter.doFilter(CompositeFilter.java:74) ~[spring-web-7.0.5.jar:7.0.5]
	at org.springframework.security.config.annotation.web.configuration.WebSecurityConfiguration$CompositeFilterChainProxy.doFilter(WebSecurityConfiguration.java:317) ~[spring-security-config-7.0.3.jar:7.0.3]
	at org.springframework.web.filter.DelegatingFilterProxy.invokeDelegate(DelegatingFilterProxy.java:355) ~[spring-web-7.0.5.jar:7.0.5]
	at org.springframework.web.filter.DelegatingFilterProxy.doFilter(DelegatingFilterProxy.java:272) ~[spring-web-7.0.5.jar:7.0.5]
	at org.apache.catalina.core.ApplicationFilterChain.doFilter(ApplicationFilterChain.java:107) ~[tomcat-embed-core-11.0.18.jar:11.0.18]
	at org.springframework.web.filter.RequestContextFilter.doFilterInternal(RequestContextFilter.java:100) ~[spring-web-7.0.5.jar:7.0.5]
	at org.springframework.web.filter.OncePerRequestFilter.doFilter(OncePerRequestFilter.java:116) ~[spring-web-7.0.5.jar:7.0.5]
	at org.apache.catalina.core.ApplicationFilterChain.doFilter(ApplicationFilterChain.java:107) ~[tomcat-embed-core-11.0.18.jar:11.0.18]
	at org.springframework.web.filter.FormContentFilter.doFilterInternal(FormContentFilter.java:93) ~[spring-web-7.0.5.jar:7.0.5]
	at org.springframework.web.filter.OncePerRequestFilter.doFilter(OncePerRequestFilter.java:116) ~[spring-web-7.0.5.jar:7.0.5]
	at org.apache.catalina.core.ApplicationFilterChain.doFilter(ApplicationFilterChain.java:107) ~[tomcat-embed-core-11.0.18.jar:11.0.18]
	at org.springframework.web.filter.CharacterEncodingFilter.doFilterInternal(CharacterEncodingFilter.java:199) ~[spring-web-7.0.5.jar:7.0.5]
	at org.springframework.web.filter.OncePerRequestFilter.doFilter(OncePerRequestFilter.java:116) ~[spring-web-7.0.5.jar:7.0.5]
	at org.apache.catalina.core.ApplicationFilterChain.doFilter(ApplicationFilterChain.java:107) ~[tomcat-embed-core-11.0.18.jar:11.0.18]
	at org.apache.catalina.core.StandardWrapperValve.invoke(StandardWrapperValve.java:165) ~[tomcat-embed-core-11.0.18.jar:11.0.18]
	at org.apache.catalina.core.StandardContextValve.invoke(StandardContextValve.java:77) ~[tomcat-embed-core-11.0.18.jar:11.0.18]
	at org.apache.catalina.authenticator.AuthenticatorBase.invoke(AuthenticatorBase.java:492) ~[tomcat-embed-core-11.0.18.jar:11.0.18]
	at org.apache.catalina.core.StandardHostValve.invoke(StandardHostValve.java:113) ~[tomcat-embed-core-11.0.18.jar:11.0.18]
	at org.apache.catalina.valves.ErrorReportValve.invoke(ErrorReportValve.java:83) ~[tomcat-embed-core-11.0.18.jar:11.0.18]
	at org.apache.catalina.core.StandardEngineValve.invoke(StandardEngineValve.java:72) ~[tomcat-embed-core-11.0.18.jar:11.0.18]
	at org.apache.catalina.connector.CoyoteAdapter.service(CoyoteAdapter.java:341) ~[tomcat-embed-core-11.0.18.jar:11.0.18]
	at org.apache.coyote.http11.Http11Processor.service(Http11Processor.java:397) ~[tomcat-embed-core-11.0.18.jar:11.0.18]
	at org.apache.coyote.AbstractProcessorLight.process(AbstractProcessorLight.java:63) ~[tomcat-embed-core-11.0.18.jar:11.0.18]
	at org.apache.coyote.AbstractProtocol$ConnectionHandler.process(AbstractProtocol.java:903) ~[tomcat-embed-core-11.0.18.jar:11.0.18]
	at org.apache.tomcat.util.net.NioEndpoint$SocketProcessor.doRun(NioEndpoint.java:1779) ~[tomcat-embed-core-11.0.18.jar:11.0.18]
	at org.apache.tomcat.util.net.SocketProcessorBase.run(SocketProcessorBase.java:52) ~[tomcat-embed-core-11.0.18.jar:11.0.18]
	at org.apache.tomcat.util.threads.ThreadPoolExecutor.runWorker(ThreadPoolExecutor.java:946) ~[tomcat-embed-core-11.0.18.jar:11.0.18]
	at org.apache.tomcat.util.threads.ThreadPoolExecutor$Worker.run(ThreadPoolExecutor.java:480) ~[tomcat-embed-core-11.0.18.jar:11.0.18]
	at org.apache.tomcat.util.threads.TaskThread$WrappingRunnable.run(TaskThread.java:57) ~[tomcat-embed-core-11.0.18.jar:11.0.18]
	at java.base/java.lang.Thread.run(Thread.java:840) ~[na:na]
Caused by: tools.jackson.databind.exc.InvalidFormatException: Cannot deserialize value of type `org.jkh.com.dagalle.domain.travel.entity.TravelStatus` from String "PLANNED": not one of the values accepted for Enum class: [DRAFT, COMPLETED, CONFIRMED]
 at [Source: REDACTED (`StreamReadFeature.INCLUDE_SOURCE_IN_LOCATION` disabled); byte offset: #10] (through reference chain: org.jkh.com.dagalle.domain.travel.dto.TravelUpdateRequest["status"])
	at tools.jackson.databind.exc.InvalidFormatException.from(InvalidFormatException.java:37) ~[jackson-databind-3.0.4.jar:3.0.4]
	at tools.jackson.databind.DeserializationContext.weirdStringException(DeserializationContext.java:2018) ~[jackson-databind-3.0.4.jar:3.0.4]
	at tools.jackson.databind.DeserializationContext.handleWeirdStringValue(DeserializationContext.java:1354) ~[jackson-databind-3.0.4.jar:3.0.4]
	at tools.jackson.databind.deser.jdk.EnumDeserializer._deserializeAltString(EnumDeserializer.java:365) ~[jackson-databind-3.0.4.jar:3.0.4]
	at tools.jackson.databind.deser.jdk.EnumDeserializer._fromString(EnumDeserializer.java:224) ~[jackson-databind-3.0.4.jar:3.0.4]
	at tools.jackson.databind.deser.jdk.EnumDeserializer.deserialize(EnumDeserializer.java:189) ~[jackson-databind-3.0.4.jar:3.0.4]
	at tools.jackson.databind.deser.impl.MethodProperty.deserializeAndSet(MethodProperty.java:120) ~[jackson-databind-3.0.4.jar:3.0.4]
	at tools.jackson.databind.deser.bean.BeanDeserializer.deserializeFromObject(BeanDeserializer.java:532) ~[jackson-databind-3.0.4.jar:3.0.4]
	at tools.jackson.databind.deser.bean.BeanDeserializer.deserialize(BeanDeserializer.java:200) ~[jackson-databind-3.0.4.jar:3.0.4]
	at tools.jackson.databind.deser.DeserializationContextExt.readRootValue(DeserializationContextExt.java:265) ~[jackson-databind-3.0.4.jar:3.0.4]
	at tools.jackson.databind.ObjectReader._bindAndClose(ObjectReader.java:1646) ~[jackson-databind-3.0.4.jar:3.0.4]
	at tools.jackson.databind.ObjectReader.readValue(ObjectReader.java:1171) ~[jackson-databind-3.0.4.jar:3.0.4]
	at org.springframework.http.converter.AbstractJacksonHttpMessageConverter.readJavaType(AbstractJacksonHttpMessageConverter.java:352) ~[spring-web-7.0.5.jar:7.0.5]
	... 93 common frames omitted

Hibernate: 
    select
        u1_0.id,
        u1_0.deleted_at,
        u1_0.email,
        u1_0.password,
        u1_0.tendency,
        u1_0.username 
    from
        users u1_0 
    where
        (
            u1_0.deleted_at IS NULL
        ) 
        and u1_0.email=?
Hibernate: 
    select
        u1_0.id,
        u1_0.deleted_at,
        u1_0.email,
        u1_0.password,
        u1_0.tendency,
        u1_0.username 
    from
        users u1_0 
    where
        u1_0.id=? 
        and (
            u1_0.deleted_at IS NULL
        )
Hibernate: 
    select
        u1_0.id,
        u1_0.deleted_at,
        u1_0.email,
        u1_0.password,
        u1_0.tendency,
        u1_0.username 
    from
        users u1_0 
    where
        u1_0.id=? 
        and (
            u1_0.deleted_at IS NULL
        )
Hibernate: 
    select
        tp1_0.id,
        tp1_0.accommodation_score,
        tp1_0.arrival_at_dest_time,
        tp1_0.budget_total,
        tp1_0.country_code,
        tp1_0.departure_flight_time,
        tp1_0.end_date,
        tp1_0.end_location,
        tp1_0.extreme_score,
        tp1_0.food_score,
        tp1_0.is_ai_generated,
        tp1_0.keywords,
        tp1_0.member_count,
        tp1_0.owner_id,
        tp1_0.return_flight_time,
        tp1_0.start_date,
        tp1_0.start_location,
        tp1_0.status,
        tp1_0.theme,
        tp1_0.title,
        tp1_0.transport_score,
        tp1_0.with_car 
    from
        travel_plans tp1_0 
    where
        tp1_0.id=?
Hibernate: 
    select
        u1_0.id,
        u1_0.deleted_at,
        u1_0.email,
        u1_0.password,
        u1_0.tendency,
        u1_0.username 
    from
        users u1_0 
    where
        u1_0.id=? 
        and (
            u1_0.deleted_at IS NULL
        )
Hibernate: 
    select
        tm1_0.id 
    from
        travel_members tm1_0 
    where
        tm1_0.travel_plan_id=? 
        and tm1_0.user_id=? 
    fetch
        first ? rows only
Hibernate: 
    select
        cr1_0.id,
        cr1_0.car_type,
        cr1_0.daily_rate_krw,
        cr1_0.estimated_fuel_krw,
        cr1_0.estimated_toll_krw,
        cr1_0.rental_days,
        cr1_0.travel_plan_id 
    from
        car_rentals cr1_0 
    where
        cr1_0.travel_plan_id=?
Hibernate: 
    select
        u1_0.id,
        u1_0.deleted_at,
        u1_0.email,
        u1_0.password,
        u1_0.tendency,
        u1_0.username 
    from
        users u1_0 
    where
        u1_0.id=? 
        and (
            u1_0.deleted_at IS NULL
        )
Hibernate: 
    select
        tp1_0.id,
        tp1_0.accommodation_score,
        tp1_0.arrival_at_dest_time,
        tp1_0.budget_total,
        tp1_0.country_code,
        tp1_0.departure_flight_time,
        tp1_0.end_date,
        tp1_0.end_location,
        tp1_0.extreme_score,
        tp1_0.food_score,
        tp1_0.is_ai_generated,
        tp1_0.keywords,
        tp1_0.member_count,
        tp1_0.owner_id,
        tp1_0.return_flight_time,
        tp1_0.start_date,
        tp1_0.start_location,
        tp1_0.status,
        tp1_0.theme,
        tp1_0.title,
        tp1_0.transport_score,
        tp1_0.with_car 
    from
        travel_plans tp1_0 
    where
        tp1_0.id=?
Hibernate: 
    select
        u1_0.id,
        u1_0.deleted_at,
        u1_0.email,
        u1_0.password,
        u1_0.tendency,
        u1_0.username 
    from
        users u1_0 
    where
        u1_0.id=? 
        and (
            u1_0.deleted_at IS NULL
        )
Hibernate: 
    select
        tm1_0.id 
    from
        travel_members tm1_0 
    where
        tm1_0.travel_plan_id=? 
        and tm1_0.user_id=? 
    fetch
        first ? rows only
Hibernate: 
    select
        cr1_0.id,
        cr1_0.car_type,
        cr1_0.daily_rate_krw,
        cr1_0.estimated_fuel_krw,
        cr1_0.estimated_toll_krw,
        cr1_0.rental_days,
        cr1_0.travel_plan_id 
    from
        car_rentals cr1_0 
    where
        cr1_0.travel_plan_id=?
Hibernate: 
    insert 
    into
        car_rentals
        (car_type, daily_rate_krw, estimated_fuel_krw, estimated_toll_krw, rental_days, travel_plan_id, id) 
    values
        (?, ?, ?, ?, ?, ?, default)
Hibernate: 
    select
        u1_0.id,
        u1_0.deleted_at,
        u1_0.email,
        u1_0.password,
        u1_0.tendency,
        u1_0.username 
    from
        users u1_0 
    where
        u1_0.id=? 
        and (
            u1_0.deleted_at IS NULL
        )
Hibernate: 
    select
        tp1_0.id,
        tp1_0.accommodation_score,
        tp1_0.arrival_at_dest_time,
        tp1_0.budget_total,
        tp1_0.country_code,
        tp1_0.departure_flight_time,
        tp1_0.end_date,
        tp1_0.end_location,
        tp1_0.extreme_score,
        tp1_0.food_score,
        tp1_0.is_ai_generated,
        tp1_0.keywords,
        tp1_0.member_count,
        tp1_0.owner_id,
        tp1_0.return_flight_time,
        tp1_0.start_date,
        tp1_0.start_location,
        tp1_0.status,
        tp1_0.theme,
        tp1_0.title,
        tp1_0.transport_score,
        tp1_0.with_car 
    from
        travel_plans tp1_0 
    where
        tp1_0.id=?
Hibernate: 
    select
        u1_0.id,
        u1_0.deleted_at,
        u1_0.email,
        u1_0.password,
        u1_0.tendency,
        u1_0.username 
    from
        users u1_0 
    where
        u1_0.id=? 
        and (
            u1_0.deleted_at IS NULL
        )
Hibernate: 
    select
        tm1_0.id 
    from
        travel_members tm1_0 
    where
        tm1_0.travel_plan_id=? 
        and tm1_0.user_id=? 
    fetch
        first ? rows only
Hibernate: 
    select
        a1_0.id,
        a1_0.check_in,
        a1_0.check_out,
        a1_0.hotel_name,
        a1_0.price_per_night_krw,
        a1_0.travel_plan_id 
    from
        accommodations a1_0 
    where
        a1_0.travel_plan_id=?
Hibernate: 
    select
        u1_0.id,
        u1_0.deleted_at,
        u1_0.email,
        u1_0.password,
        u1_0.tendency,
        u1_0.username 
    from
        users u1_0 
    where
        (
            u1_0.deleted_at IS NULL
        ) 
        and u1_0.email=?
2026-05-27T13:06:41.608+09:00  INFO 35489 --- [dagalle] [nio-8080-exec-7] o.apache.coyote.http11.Http11Processor   : Error parsing HTTP request header
 Note: further occurrences of HTTP request parsing errors will be logged at DEBUG level.

java.lang.IllegalArgumentException: Invalid character found in the request target [/api/v1/locations/search?query=0xeb0x8f0x840xec0xbf0x84+0xeb0x9d0xbc0xeb0xa90x98&lat=35.68&lng=139.69 ]. The valid characters are defined in RFC 7230 and RFC 3986
	at org.apache.coyote.http11.Http11InputBuffer.parseRequestLine(Http11InputBuffer.java:466) ~[tomcat-embed-core-11.0.18.jar:11.0.18]
	at org.apache.coyote.http11.Http11Processor.service(Http11Processor.java:270) ~[tomcat-embed-core-11.0.18.jar:11.0.18]
	at org.apache.coyote.AbstractProcessorLight.process(AbstractProcessorLight.java:63) ~[tomcat-embed-core-11.0.18.jar:11.0.18]
	at org.apache.coyote.AbstractProtocol$ConnectionHandler.process(AbstractProtocol.java:903) ~[tomcat-embed-core-11.0.18.jar:11.0.18]
	at org.apache.tomcat.util.net.NioEndpoint$SocketProcessor.doRun(NioEndpoint.java:1779) ~[tomcat-embed-core-11.0.18.jar:11.0.18]
	at org.apache.tomcat.util.net.SocketProcessorBase.run(SocketProcessorBase.java:52) ~[tomcat-embed-core-11.0.18.jar:11.0.18]
	at org.apache.tomcat.util.threads.ThreadPoolExecutor.runWorker(ThreadPoolExecutor.java:946) ~[tomcat-embed-core-11.0.18.jar:11.0.18]
	at org.apache.tomcat.util.threads.ThreadPoolExecutor$Worker.run(ThreadPoolExecutor.java:480) ~[tomcat-embed-core-11.0.18.jar:11.0.18]
	at org.apache.tomcat.util.threads.TaskThread$WrappingRunnable.run(TaskThread.java:57) ~[tomcat-embed-core-11.0.18.jar:11.0.18]
	at java.base/java.lang.Thread.run(Thread.java:840) ~[na:na]

Hibernate: 
    select
        u1_0.id,
        u1_0.deleted_at,
        u1_0.email,
        u1_0.password,
        u1_0.tendency,
        u1_0.username 
    from
        users u1_0 
    where
        u1_0.id=? 
        and (
            u1_0.deleted_at IS NULL
        )
Hibernate: 
    select
        u1_0.id,
        u1_0.deleted_at,
        u1_0.email,
        u1_0.password,
        u1_0.tendency,
        u1_0.username 
    from
        users u1_0 
    where
        (
            u1_0.deleted_at IS NULL
        ) 
        and u1_0.email=?
Hibernate: 
    select
        u1_0.id,
        u1_0.deleted_at,
        u1_0.email,
        u1_0.password,
        u1_0.tendency,
        u1_0.username 
    from
        users u1_0 
    where
        u1_0.id=? 
        and (
            u1_0.deleted_at IS NULL
        )
Hibernate: 
    select
        u1_0.id,
        u1_0.deleted_at,
        u1_0.email,
        u1_0.password,
        u1_0.tendency,
        u1_0.username 
    from
        users u1_0 
    where
        (
            u1_0.deleted_at IS NULL
        ) 
        and u1_0.email=?
Hibernate: 
    select
        u1_0.id,
        u1_0.deleted_at,
        u1_0.email,
        u1_0.password,
        u1_0.tendency,
        u1_0.username 
    from
        users u1_0 
    where
        u1_0.id=? 
        and (
            u1_0.deleted_at IS NULL
        )
Hibernate: 
    select
        tp1_0.id,
        tp1_0.accommodation_score,
        tp1_0.arrival_at_dest_time,
        tp1_0.budget_total,
        tp1_0.country_code,
        tp1_0.departure_flight_time,
        tp1_0.end_date,
        tp1_0.end_location,
        tp1_0.extreme_score,
        tp1_0.food_score,
        tp1_0.is_ai_generated,
        tp1_0.keywords,
        tp1_0.member_count,
        tp1_0.owner_id,
        tp1_0.return_flight_time,
        tp1_0.start_date,
        tp1_0.start_location,
        tp1_0.status,
        tp1_0.theme,
        tp1_0.title,
        tp1_0.transport_score,
        tp1_0.with_car 
    from
        travel_plans tp1_0 
    where
        tp1_0.id=?
Hibernate: 
    select
        u1_0.id,
        u1_0.deleted_at,
        u1_0.email,
        u1_0.password,
        u1_0.tendency,
        u1_0.username 
    from
        users u1_0 
    where
        u1_0.id=? 
        and (
            u1_0.deleted_at IS NULL
        )
Hibernate: 
    select
        tm1_0.id 
    from
        travel_members tm1_0 
    where
        tm1_0.travel_plan_id=? 
        and tm1_0.user_id=? 
    fetch
        first ? rows only
Hibernate: 
    select
        pd1_0.id,
        pd1_0.date,
        pd1_0.day_number,
        r1_0.plan_day_id,
        r1_0.id,
        r1_0.departure_time,
        r1_0.distance_km,
        r1_0.duration_minutes,
        r1_0.estimated_cost,
        r1_0.from_location_id,
        fl1_0.id,
        fl1_0.address,
        fl1_0.cached_at,
        fl1_0.description,
        fl1_0.external_id,
        fl1_0.is_open_now,
        fl1_0.lat,
        fl1_0.lng,
        fl1_0.name,
        fl1_0.rating,
        fl1_0.review_count,
        fl1_0.source,
        fl1_0.type,
        r1_0.note,
        r1_0.place_cost,
        r1_0.sequence,
        r1_0.to_location_id,
        tl1_0.id,
        tl1_0.address,
        tl1_0.cached_at,
        tl1_0.description,
        tl1_0.external_id,
        tl1_0.is_open_now,
        tl1_0.lat,
        tl1_0.lng,
        tl1_0.name,
        tl1_0.rating,
        tl1_0.review_count,
        tl1_0.source,
        tl1_0.type,
        r1_0.transport,
        pd1_0.travel_plan_id 
    from
        plan_days pd1_0 
    left join
        plan_routes r1_0 
            on pd1_0.id=r1_0.plan_day_id 
    left join
        locations fl1_0 
            on fl1_0.id=r1_0.from_location_id 
    left join
        locations tl1_0 
            on tl1_0.id=r1_0.to_location_id 
    where
        pd1_0.travel_plan_id=? 
        and pd1_0.day_number=? 
    order by
        r1_0.sequence
Hibernate: 
    select
        u1_0.id,
        u1_0.deleted_at,
        u1_0.email,
        u1_0.password,
        u1_0.tendency,
        u1_0.username 
    from
        users u1_0 
    where
        u1_0.id=? 
        and (
            u1_0.deleted_at IS NULL
        )
Hibernate: 
    select
        tp1_0.id,
        tp1_0.accommodation_score,
        tp1_0.arrival_at_dest_time,
        tp1_0.budget_total,
        tp1_0.country_code,
        tp1_0.departure_flight_time,
        tp1_0.end_date,
        tp1_0.end_location,
        tp1_0.extreme_score,
        tp1_0.food_score,
        tp1_0.is_ai_generated,
        tp1_0.keywords,
        tp1_0.member_count,
        tp1_0.owner_id,
        tp1_0.return_flight_time,
        tp1_0.start_date,
        tp1_0.start_location,
        tp1_0.status,
        tp1_0.theme,
        tp1_0.title,
        tp1_0.transport_score,
        tp1_0.with_car 
    from
        travel_plans tp1_0 
    where
        tp1_0.id=?
Hibernate: 
    select
        u1_0.id,
        u1_0.deleted_at,
        u1_0.email,
        u1_0.password,
        u1_0.tendency,
        u1_0.username 
    from
        users u1_0 
    where
        u1_0.id=? 
        and (
            u1_0.deleted_at IS NULL
        )
Hibernate: 
    select
        tm1_0.id 
    from
        travel_members tm1_0 
    where
        tm1_0.travel_plan_id=? 
        and tm1_0.user_id=? 
    fetch
        first ? rows only
Hibernate: 
    select
        pd1_0.id,
        pd1_0.date,
        pd1_0.day_number,
        r1_0.plan_day_id,
        r1_0.id,
        r1_0.departure_time,
        r1_0.distance_km,
        r1_0.duration_minutes,
        r1_0.estimated_cost,
        r1_0.from_location_id,
        fl1_0.id,
        fl1_0.address,
        fl1_0.cached_at,
        fl1_0.description,
        fl1_0.external_id,
        fl1_0.is_open_now,
        fl1_0.lat,
        fl1_0.lng,
        fl1_0.name,
        fl1_0.rating,
        fl1_0.review_count,
        fl1_0.source,
        fl1_0.type,
        r1_0.note,
        r1_0.place_cost,
        r1_0.sequence,
        r1_0.to_location_id,
        tl1_0.id,
        tl1_0.address,
        tl1_0.cached_at,
        tl1_0.description,
        tl1_0.external_id,
        tl1_0.is_open_now,
        tl1_0.lat,
        tl1_0.lng,
        tl1_0.name,
        tl1_0.rating,
        tl1_0.review_count,
        tl1_0.source,
        tl1_0.type,
        r1_0.transport,
        pd1_0.travel_plan_id 
    from
        plan_days pd1_0 
    left join
        plan_routes r1_0 
            on pd1_0.id=r1_0.plan_day_id 
    left join
        locations fl1_0 
            on fl1_0.id=r1_0.from_location_id 
    left join
        locations tl1_0 
            on tl1_0.id=r1_0.to_location_id 
    where
        pd1_0.travel_plan_id=? 
        and pd1_0.day_number=? 
    order by
        r1_0.sequence
Hibernate: 
    select
        pr1_0.id,
        pr1_0.departure_time,
        pr1_0.distance_km,
        pr1_0.duration_minutes,
        pr1_0.estimated_cost,
        pr1_0.from_location_id,
        pr1_0.note,
        pr1_0.place_cost,
        pr1_0.plan_day_id,
        pr1_0.sequence,
        pr1_0.to_location_id,
        pr1_0.transport 
    from
        plan_routes pr1_0 
    where
        pr1_0.id=? 
        and pr1_0.plan_day_id=?
Hibernate: 
    update
        plan_routes 
    set
        departure_time=?,
        distance_km=?,
        duration_minutes=?,
        estimated_cost=?,
        from_location_id=?,
        note=?,
        place_cost=?,
        plan_day_id=?,
        sequence=?,
        to_location_id=?,
        transport=? 
    where
        id=?
Hibernate: 
    select
        u1_0.id,
        u1_0.deleted_at,
        u1_0.email,
        u1_0.password,
        u1_0.tendency,
        u1_0.username 
    from
        users u1_0 
    where
        u1_0.id=? 
        and (
            u1_0.deleted_at IS NULL
        )
Hibernate: 
    select
        tp1_0.id,
        tp1_0.accommodation_score,
        tp1_0.arrival_at_dest_time,
        tp1_0.budget_total,
        tp1_0.country_code,
        tp1_0.departure_flight_time,
        tp1_0.end_date,
        tp1_0.end_location,
        tp1_0.extreme_score,
        tp1_0.food_score,
        tp1_0.is_ai_generated,
        tp1_0.keywords,
        tp1_0.member_count,
        tp1_0.owner_id,
        tp1_0.return_flight_time,
        tp1_0.start_date,
        tp1_0.start_location,
        tp1_0.status,
        tp1_0.theme,
        tp1_0.title,
        tp1_0.transport_score,
        tp1_0.with_car 
    from
        travel_plans tp1_0 
    where
        tp1_0.id=?
Hibernate: 
    select
        u1_0.id,
        u1_0.deleted_at,
        u1_0.email,
        u1_0.password,
        u1_0.tendency,
        u1_0.username 
    from
        users u1_0 
    where
        u1_0.id=? 
        and (
            u1_0.deleted_at IS NULL
        )
Hibernate: 
    select
        tm1_0.id 
    from
        travel_members tm1_0 
    where
        tm1_0.travel_plan_id=? 
        and tm1_0.user_id=? 
        and tm1_0.role=? 
    fetch
        first ? rows only
Hibernate: 
    select
        m1_0.travel_plan_id,
        m1_0.id,
        m1_0.role,
        m1_0.user_id 
    from
        travel_members m1_0 
    where
        m1_0.travel_plan_id=?
Hibernate: 
    delete 
    from
        travel_members 
    where
        id=?
Hibernate: 
    delete 
    from
        travel_plans 
    where
        id=?
2026-05-27T13:08:06.021+09:00  INFO 35489 --- [dagalle] [nio-8080-exec-2] org.hibernate.orm.jdbc.batch             : HHH100503: JDBC batch still contained JDBC statements on release
2026-05-27T13:08:06.021+09:00  WARN 35489 --- [dagalle] [nio-8080-exec-2] org.hibernate.orm.jdbc.error             : HHH000247: ErrorCode: 23503, SQLState: 23503
2026-05-27T13:08:06.021+09:00  WARN 35489 --- [dagalle] [nio-8080-exec-2] org.hibernate.orm.jdbc.error             : Referential integrity constraint violation: "FKGVVIJWBB13MUQK11M649X37BW: PUBLIC.PLAN_DAYS FOREIGN KEY(TRAVEL_PLAN_ID) REFERENCES PUBLIC.TRAVEL_PLANS(ID) (CAST(1 AS BIGINT))"; SQL statement:
delete from travel_plans where id=? [23503-240]
2026-05-27T13:08:06.022+09:00 ERROR 35489 --- [dagalle] [nio-8080-exec-2] o.j.c.d.c.e.GlobalExceptionHandler       : [서버 내부 오류] DataIntegrityViolationException - could not execute batch [Referential integrity constraint violation: "FKGVVIJWBB13MUQK11M649X37BW: PUBLIC.PLAN_DAYS FOREIGN KEY(TRAVEL_PLAN_ID) REFERENCES PUBLIC.TRAVEL_PLANS(ID) (CAST(1 AS BIGINT))"; SQL statement:
delete from travel_plans where id=? [23503-240]] [delete from travel_plans where id=?]; SQL [delete from travel_plans where id=?]; constraint [FKGVVIJWBB13MUQK11M649X37BW]

org.springframework.dao.DataIntegrityViolationException: could not execute batch [Referential integrity constraint violation: "FKGVVIJWBB13MUQK11M649X37BW: PUBLIC.PLAN_DAYS FOREIGN KEY(TRAVEL_PLAN_ID) REFERENCES PUBLIC.TRAVEL_PLANS(ID) (CAST(1 AS BIGINT))"; SQL statement:
delete from travel_plans where id=? [23503-240]] [delete from travel_plans where id=?]; SQL [delete from travel_plans where id=?]; constraint [FKGVVIJWBB13MUQK11M649X37BW]
	at org.springframework.orm.jpa.hibernate.HibernateExceptionTranslator.convertHibernateAccessException(HibernateExceptionTranslator.java:169) ~[spring-orm-7.0.5.jar:7.0.5]
	at org.springframework.orm.jpa.hibernate.HibernateExceptionTranslator.convertHibernateAccessException(HibernateExceptionTranslator.java:131) ~[spring-orm-7.0.5.jar:7.0.5]
	at org.springframework.orm.jpa.hibernate.HibernateExceptionTranslator.translateExceptionIfPossible(HibernateExceptionTranslator.java:105) ~[spring-orm-7.0.5.jar:7.0.5]
	at org.springframework.orm.jpa.vendor.HibernateJpaDialect.translateExceptionIfPossible(HibernateJpaDialect.java:223) ~[spring-orm-7.0.5.jar:7.0.5]
	at org.springframework.orm.jpa.JpaTransactionManager.doCommit(JpaTransactionManager.java:557) ~[spring-orm-7.0.5.jar:7.0.5]
	at org.springframework.transaction.support.AbstractPlatformTransactionManager.processCommit(AbstractPlatformTransactionManager.java:794) ~[spring-tx-7.0.5.jar:7.0.5]
	at org.springframework.transaction.support.AbstractPlatformTransactionManager.commit(AbstractPlatformTransactionManager.java:757) ~[spring-tx-7.0.5.jar:7.0.5]
	at org.springframework.transaction.interceptor.TransactionAspectSupport.commitTransactionAfterReturning(TransactionAspectSupport.java:687) ~[spring-tx-7.0.5.jar:7.0.5]
	at org.springframework.transaction.interceptor.TransactionAspectSupport.invokeWithinTransaction(TransactionAspectSupport.java:408) ~[spring-tx-7.0.5.jar:7.0.5]
	at org.springframework.transaction.interceptor.TransactionInterceptor.invoke(TransactionInterceptor.java:130) ~[spring-tx-7.0.5.jar:7.0.5]
	at org.springframework.aop.framework.ReflectiveMethodInvocation.proceed(ReflectiveMethodInvocation.java:179) ~[spring-aop-7.0.5.jar:7.0.5]
	at org.springframework.aop.framework.CglibAopProxy$DynamicAdvisedInterceptor.intercept(CglibAopProxy.java:719) ~[spring-aop-7.0.5.jar:7.0.5]
	at org.jkh.com.dagalle.domain.travel.service.TravelPlanService$$SpringCGLIB$$0.delete(<generated>) ~[main/:na]
	at org.jkh.com.dagalle.domain.travel.controller.TravelPlanController.delete(TravelPlanController.java:76) ~[main/:na]
	at java.base/jdk.internal.reflect.NativeMethodAccessorImpl.invoke0(Native Method) ~[na:na]
	at java.base/jdk.internal.reflect.NativeMethodAccessorImpl.invoke(NativeMethodAccessorImpl.java:77) ~[na:na]
	at java.base/jdk.internal.reflect.DelegatingMethodAccessorImpl.invoke(DelegatingMethodAccessorImpl.java:43) ~[na:na]
	at java.base/java.lang.reflect.Method.invoke(Method.java:569) ~[na:na]
	at org.springframework.web.method.support.InvocableHandlerMethod.doInvoke(InvocableHandlerMethod.java:252) ~[spring-web-7.0.5.jar:7.0.5]
	at org.springframework.web.method.support.InvocableHandlerMethod.invokeForRequest(InvocableHandlerMethod.java:184) ~[spring-web-7.0.5.jar:7.0.5]
	at org.springframework.web.servlet.mvc.method.annotation.ServletInvocableHandlerMethod.invokeAndHandle(ServletInvocableHandlerMethod.java:117) ~[spring-webmvc-7.0.5.jar:7.0.5]
	at org.springframework.web.servlet.mvc.method.annotation.RequestMappingHandlerAdapter.invokeHandlerMethod(RequestMappingHandlerAdapter.java:934) ~[spring-webmvc-7.0.5.jar:7.0.5]
	at org.springframework.web.servlet.mvc.method.annotation.RequestMappingHandlerAdapter.handleInternal(RequestMappingHandlerAdapter.java:853) ~[spring-webmvc-7.0.5.jar:7.0.5]
	at org.springframework.web.servlet.mvc.method.AbstractHandlerMethodAdapter.handle(AbstractHandlerMethodAdapter.java:86) ~[spring-webmvc-7.0.5.jar:7.0.5]
	at org.springframework.web.servlet.DispatcherServlet.doDispatch(DispatcherServlet.java:963) ~[spring-webmvc-7.0.5.jar:7.0.5]
	at org.springframework.web.servlet.DispatcherServlet.doService(DispatcherServlet.java:866) ~[spring-webmvc-7.0.5.jar:7.0.5]
	at org.springframework.web.servlet.FrameworkServlet.processRequest(FrameworkServlet.java:1000) ~[spring-webmvc-7.0.5.jar:7.0.5]
	at org.springframework.web.servlet.FrameworkServlet.doDelete(FrameworkServlet.java:925) ~[spring-webmvc-7.0.5.jar:7.0.5]
	at jakarta.servlet.http.HttpServlet.service(HttpServlet.java:651) ~[tomcat-embed-core-11.0.18.jar:6.1]
	at org.springframework.web.servlet.FrameworkServlet.service(FrameworkServlet.java:874) ~[spring-webmvc-7.0.5.jar:7.0.5]
	at jakarta.servlet.http.HttpServlet.service(HttpServlet.java:710) ~[tomcat-embed-core-11.0.18.jar:6.1]
	at org.apache.catalina.core.ApplicationFilterChain.doFilter(ApplicationFilterChain.java:128) ~[tomcat-embed-core-11.0.18.jar:11.0.18]
	at org.apache.tomcat.websocket.server.WsFilter.doFilter(WsFilter.java:53) ~[tomcat-embed-websocket-11.0.18.jar:11.0.18]
	at org.apache.catalina.core.ApplicationFilterChain.doFilter(ApplicationFilterChain.java:107) ~[tomcat-embed-core-11.0.18.jar:11.0.18]
	at org.springframework.web.filter.CompositeFilter$VirtualFilterChain.doFilter(CompositeFilter.java:108) ~[spring-web-7.0.5.jar:7.0.5]
	at org.springframework.security.web.FilterChainProxy.lambda$doFilterInternal$3(FilterChainProxy.java:235) ~[spring-security-web-7.0.3.jar:7.0.3]
	at org.springframework.security.web.FilterChainProxy$VirtualFilterChain.doFilter(FilterChainProxy.java:371) ~[spring-security-web-7.0.3.jar:7.0.3]
	at org.springframework.security.web.access.intercept.AuthorizationFilter.doFilter(AuthorizationFilter.java:101) ~[spring-security-web-7.0.3.jar:7.0.3]
	at org.springframework.security.web.FilterChainProxy$VirtualFilterChain.doFilter(FilterChainProxy.java:380) ~[spring-security-web-7.0.3.jar:7.0.3]
	at org.springframework.security.web.access.ExceptionTranslationFilter.doFilter(ExceptionTranslationFilter.java:126) ~[spring-security-web-7.0.3.jar:7.0.3]
	at org.springframework.security.web.access.ExceptionTranslationFilter.doFilter(ExceptionTranslationFilter.java:120) ~[spring-security-web-7.0.3.jar:7.0.3]
	at org.springframework.security.web.FilterChainProxy$VirtualFilterChain.doFilter(FilterChainProxy.java:380) ~[spring-security-web-7.0.3.jar:7.0.3]
	at org.springframework.security.web.session.SessionManagementFilter.doFilter(SessionManagementFilter.java:132) ~[spring-security-web-7.0.3.jar:7.0.3]
	at org.springframework.security.web.session.SessionManagementFilter.doFilter(SessionManagementFilter.java:86) ~[spring-security-web-7.0.3.jar:7.0.3]
	at org.springframework.security.web.FilterChainProxy$VirtualFilterChain.doFilter(FilterChainProxy.java:380) ~[spring-security-web-7.0.3.jar:7.0.3]
	at org.springframework.security.web.authentication.AnonymousAuthenticationFilter.doFilter(AnonymousAuthenticationFilter.java:100) ~[spring-security-web-7.0.3.jar:7.0.3]
	at org.springframework.security.web.FilterChainProxy$VirtualFilterChain.doFilter(FilterChainProxy.java:380) ~[spring-security-web-7.0.3.jar:7.0.3]
	at org.springframework.security.web.servletapi.SecurityContextHolderAwareRequestFilter.doFilter(SecurityContextHolderAwareRequestFilter.java:181) ~[spring-security-web-7.0.3.jar:7.0.3]
	at org.springframework.security.web.FilterChainProxy$VirtualFilterChain.doFilter(FilterChainProxy.java:380) ~[spring-security-web-7.0.3.jar:7.0.3]
	at org.springframework.security.web.savedrequest.RequestCacheAwareFilter.doFilter(RequestCacheAwareFilter.java:63) ~[spring-security-web-7.0.3.jar:7.0.3]
	at org.springframework.security.web.FilterChainProxy$VirtualFilterChain.doFilter(FilterChainProxy.java:380) ~[spring-security-web-7.0.3.jar:7.0.3]
	at org.jkh.com.dagalle.common.security.JwtAuthenticationFilter.doFilterInternal(JwtAuthenticationFilter.java:43) ~[main/:na]
	at org.springframework.web.filter.OncePerRequestFilter.doFilter(OncePerRequestFilter.java:116) ~[spring-web-7.0.5.jar:7.0.5]
	at org.springframework.security.web.FilterChainProxy$VirtualFilterChain.doFilter(FilterChainProxy.java:380) ~[spring-security-web-7.0.3.jar:7.0.3]
	at org.springframework.security.web.authentication.logout.LogoutFilter.doFilter(LogoutFilter.java:110) ~[spring-security-web-7.0.3.jar:7.0.3]
	at org.springframework.security.web.authentication.logout.LogoutFilter.doFilter(LogoutFilter.java:96) ~[spring-security-web-7.0.3.jar:7.0.3]
	at org.springframework.security.web.FilterChainProxy$VirtualFilterChain.doFilter(FilterChainProxy.java:380) ~[spring-security-web-7.0.3.jar:7.0.3]
	at org.springframework.web.filter.CorsFilter.doFilterInternal(CorsFilter.java:91) ~[spring-web-7.0.5.jar:7.0.5]
	at org.springframework.web.filter.OncePerRequestFilter.doFilter(OncePerRequestFilter.java:116) ~[spring-web-7.0.5.jar:7.0.5]
	at org.springframework.security.web.FilterChainProxy$VirtualFilterChain.doFilter(FilterChainProxy.java:380) ~[spring-security-web-7.0.3.jar:7.0.3]
	at org.springframework.security.web.header.HeaderWriterFilter.doHeadersAfter(HeaderWriterFilter.java:90) ~[spring-security-web-7.0.3.jar:7.0.3]
	at org.springframework.security.web.header.HeaderWriterFilter.doFilterInternal(HeaderWriterFilter.java:75) ~[spring-security-web-7.0.3.jar:7.0.3]
	at org.springframework.web.filter.OncePerRequestFilter.doFilter(OncePerRequestFilter.java:116) ~[spring-web-7.0.5.jar:7.0.5]
	at org.springframework.security.web.FilterChainProxy$VirtualFilterChain.doFilter(FilterChainProxy.java:380) ~[spring-security-web-7.0.3.jar:7.0.3]
	at org.springframework.security.web.context.SecurityContextHolderFilter.doFilter(SecurityContextHolderFilter.java:82) ~[spring-security-web-7.0.3.jar:7.0.3]
	at org.springframework.security.web.context.SecurityContextHolderFilter.doFilter(SecurityContextHolderFilter.java:69) ~[spring-security-web-7.0.3.jar:7.0.3]
	at org.springframework.security.web.FilterChainProxy$VirtualFilterChain.doFilter(FilterChainProxy.java:380) ~[spring-security-web-7.0.3.jar:7.0.3]
	at org.springframework.security.web.context.request.async.WebAsyncManagerIntegrationFilter.doFilterInternal(WebAsyncManagerIntegrationFilter.java:62) ~[spring-security-web-7.0.3.jar:7.0.3]
	at org.springframework.web.filter.OncePerRequestFilter.doFilter(OncePerRequestFilter.java:116) ~[spring-web-7.0.5.jar:7.0.5]
	at org.springframework.security.web.FilterChainProxy$VirtualFilterChain.doFilter(FilterChainProxy.java:380) ~[spring-security-web-7.0.3.jar:7.0.3]
	at org.springframework.security.web.session.DisableEncodeUrlFilter.doFilterInternal(DisableEncodeUrlFilter.java:42) ~[spring-security-web-7.0.3.jar:7.0.3]
	at org.springframework.web.filter.OncePerRequestFilter.doFilter(OncePerRequestFilter.java:116) ~[spring-web-7.0.5.jar:7.0.5]
	at org.springframework.security.web.FilterChainProxy$VirtualFilterChain.doFilter(FilterChainProxy.java:380) ~[spring-security-web-7.0.3.jar:7.0.3]
	at org.springframework.security.web.FilterChainProxy.doFilterInternal(FilterChainProxy.java:237) ~[spring-security-web-7.0.3.jar:7.0.3]
	at org.springframework.security.web.FilterChainProxy.doFilter(FilterChainProxy.java:195) ~[spring-security-web-7.0.3.jar:7.0.3]
	at org.springframework.web.filter.CompositeFilter$VirtualFilterChain.doFilter(CompositeFilter.java:113) ~[spring-web-7.0.5.jar:7.0.5]
	at org.springframework.web.filter.ServletRequestPathFilter.doFilter(ServletRequestPathFilter.java:52) ~[spring-web-7.0.5.jar:7.0.5]
	at org.springframework.web.filter.CompositeFilter$VirtualFilterChain.doFilter(CompositeFilter.java:113) ~[spring-web-7.0.5.jar:7.0.5]
	at org.springframework.web.filter.CompositeFilter.doFilter(CompositeFilter.java:74) ~[spring-web-7.0.5.jar:7.0.5]
	at org.springframework.security.config.annotation.web.configuration.WebSecurityConfiguration$CompositeFilterChainProxy.doFilter(WebSecurityConfiguration.java:317) ~[spring-security-config-7.0.3.jar:7.0.3]
	at org.springframework.web.filter.DelegatingFilterProxy.invokeDelegate(DelegatingFilterProxy.java:355) ~[spring-web-7.0.5.jar:7.0.5]
	at org.springframework.web.filter.DelegatingFilterProxy.doFilter(DelegatingFilterProxy.java:272) ~[spring-web-7.0.5.jar:7.0.5]
	at org.apache.catalina.core.ApplicationFilterChain.doFilter(ApplicationFilterChain.java:107) ~[tomcat-embed-core-11.0.18.jar:11.0.18]
	at org.springframework.web.filter.RequestContextFilter.doFilterInternal(RequestContextFilter.java:100) ~[spring-web-7.0.5.jar:7.0.5]
	at org.springframework.web.filter.OncePerRequestFilter.doFilter(OncePerRequestFilter.java:116) ~[spring-web-7.0.5.jar:7.0.5]
	at org.apache.catalina.core.ApplicationFilterChain.doFilter(ApplicationFilterChain.java:107) ~[tomcat-embed-core-11.0.18.jar:11.0.18]
	at org.springframework.web.filter.FormContentFilter.doFilterInternal(FormContentFilter.java:93) ~[spring-web-7.0.5.jar:7.0.5]
	at org.springframework.web.filter.OncePerRequestFilter.doFilter(OncePerRequestFilter.java:116) ~[spring-web-7.0.5.jar:7.0.5]
	at org.apache.catalina.core.ApplicationFilterChain.doFilter(ApplicationFilterChain.java:107) ~[tomcat-embed-core-11.0.18.jar:11.0.18]
	at org.springframework.web.filter.CharacterEncodingFilter.doFilterInternal(CharacterEncodingFilter.java:199) ~[spring-web-7.0.5.jar:7.0.5]
	at org.springframework.web.filter.OncePerRequestFilter.doFilter(OncePerRequestFilter.java:116) ~[spring-web-7.0.5.jar:7.0.5]
	at org.apache.catalina.core.ApplicationFilterChain.doFilter(ApplicationFilterChain.java:107) ~[tomcat-embed-core-11.0.18.jar:11.0.18]
	at org.apache.catalina.core.StandardWrapperValve.invoke(StandardWrapperValve.java:165) ~[tomcat-embed-core-11.0.18.jar:11.0.18]
	at org.apache.catalina.core.StandardContextValve.invoke(StandardContextValve.java:77) ~[tomcat-embed-core-11.0.18.jar:11.0.18]
	at org.apache.catalina.authenticator.AuthenticatorBase.invoke(AuthenticatorBase.java:492) ~[tomcat-embed-core-11.0.18.jar:11.0.18]
	at org.apache.catalina.core.StandardHostValve.invoke(StandardHostValve.java:113) ~[tomcat-embed-core-11.0.18.jar:11.0.18]
	at org.apache.catalina.valves.ErrorReportValve.invoke(ErrorReportValve.java:83) ~[tomcat-embed-core-11.0.18.jar:11.0.18]
	at org.apache.catalina.core.StandardEngineValve.invoke(StandardEngineValve.java:72) ~[tomcat-embed-core-11.0.18.jar:11.0.18]
	at org.apache.catalina.connector.CoyoteAdapter.service(CoyoteAdapter.java:341) ~[tomcat-embed-core-11.0.18.jar:11.0.18]
	at org.apache.coyote.http11.Http11Processor.service(Http11Processor.java:397) ~[tomcat-embed-core-11.0.18.jar:11.0.18]
	at org.apache.coyote.AbstractProcessorLight.process(AbstractProcessorLight.java:63) ~[tomcat-embed-core-11.0.18.jar:11.0.18]
	at org.apache.coyote.AbstractProtocol$ConnectionHandler.process(AbstractProtocol.java:903) ~[tomcat-embed-core-11.0.18.jar:11.0.18]
	at org.apache.tomcat.util.net.NioEndpoint$SocketProcessor.doRun(NioEndpoint.java:1779) ~[tomcat-embed-core-11.0.18.jar:11.0.18]
	at org.apache.tomcat.util.net.SocketProcessorBase.run(SocketProcessorBase.java:52) ~[tomcat-embed-core-11.0.18.jar:11.0.18]
	at org.apache.tomcat.util.threads.ThreadPoolExecutor.runWorker(ThreadPoolExecutor.java:946) ~[tomcat-embed-core-11.0.18.jar:11.0.18]
	at org.apache.tomcat.util.threads.ThreadPoolExecutor$Worker.run(ThreadPoolExecutor.java:480) ~[tomcat-embed-core-11.0.18.jar:11.0.18]
	at org.apache.tomcat.util.threads.TaskThread$WrappingRunnable.run(TaskThread.java:57) ~[tomcat-embed-core-11.0.18.jar:11.0.18]
	at java.base/java.lang.Thread.run(Thread.java:840) ~[na:na]
Caused by: org.hibernate.exception.ConstraintViolationException: could not execute batch [Referential integrity constraint violation: "FKGVVIJWBB13MUQK11M649X37BW: PUBLIC.PLAN_DAYS FOREIGN KEY(TRAVEL_PLAN_ID) REFERENCES PUBLIC.TRAVEL_PLANS(ID) (CAST(1 AS BIGINT))"; SQL statement:
delete from travel_plans where id=? [23503-240]] [delete from travel_plans where id=?]
	at org.hibernate.dialect.H2Dialect.lambda$buildSQLExceptionConversionDelegate$0(H2Dialect.java:840) ~[hibernate-core-7.2.4.Final.jar:7.2.4.Final]
	at org.hibernate.exception.internal.StandardSQLExceptionConverter.convert(StandardSQLExceptionConverter.java:34) ~[hibernate-core-7.2.4.Final.jar:7.2.4.Final]
	at org.hibernate.engine.jdbc.spi.SqlExceptionHelper.convert(SqlExceptionHelper.java:115) ~[hibernate-core-7.2.4.Final.jar:7.2.4.Final]
	at org.hibernate.engine.jdbc.batch.internal.BatchImpl.lambda$performExecution$0(BatchImpl.java:270) ~[hibernate-core-7.2.4.Final.jar:7.2.4.Final]
	at org.hibernate.engine.jdbc.mutation.internal.PreparedStatementGroupSingleTable.forEachStatement(PreparedStatementGroupSingleTable.java:63) ~[hibernate-core-7.2.4.Final.jar:7.2.4.Final]
	at org.hibernate.engine.jdbc.batch.internal.BatchImpl.performExecution(BatchImpl.java:245) ~[hibernate-core-7.2.4.Final.jar:7.2.4.Final]
	at org.hibernate.engine.jdbc.batch.internal.BatchImpl.execute(BatchImpl.java:224) ~[hibernate-core-7.2.4.Final.jar:7.2.4.Final]
	at org.hibernate.engine.jdbc.internal.JdbcCoordinatorImpl.executeBatch(JdbcCoordinatorImpl.java:194) ~[hibernate-core-7.2.4.Final.jar:7.2.4.Final]
	at org.hibernate.engine.spi.ActionQueue.executeActions(ActionQueue.java:658) ~[hibernate-core-7.2.4.Final.jar:7.2.4.Final]
	at org.hibernate.engine.spi.ActionQueue.executeActions(ActionQueue.java:505) ~[hibernate-core-7.2.4.Final.jar:7.2.4.Final]
	at org.hibernate.event.internal.AbstractFlushingEventListener.performExecutions(AbstractFlushingEventListener.java:381) ~[hibernate-core-7.2.4.Final.jar:7.2.4.Final]
	at org.hibernate.event.internal.DefaultFlushEventListener.onFlush(DefaultFlushEventListener.java:40) ~[hibernate-core-7.2.4.Final.jar:7.2.4.Final]
	at org.hibernate.event.service.internal.EventListenerGroupImpl.fireEventOnEachListener(EventListenerGroupImpl.java:138) ~[hibernate-core-7.2.4.Final.jar:7.2.4.Final]
	at org.hibernate.internal.SessionImpl.fireFlush(SessionImpl.java:1489) ~[hibernate-core-7.2.4.Final.jar:7.2.4.Final]
	at org.hibernate.internal.SessionImpl.managedFlush(SessionImpl.java:481) ~[hibernate-core-7.2.4.Final.jar:7.2.4.Final]
	at org.hibernate.internal.SessionImpl.flushBeforeTransactionCompletion(SessionImpl.java:2116) ~[hibernate-core-7.2.4.Final.jar:7.2.4.Final]
	at org.hibernate.internal.SessionImpl.beforeTransactionCompletion(SessionImpl.java:2038) ~[hibernate-core-7.2.4.Final.jar:7.2.4.Final]
	at org.hibernate.engine.jdbc.internal.JdbcCoordinatorImpl.beforeTransactionCompletion(JdbcCoordinatorImpl.java:410) ~[hibernate-core-7.2.4.Final.jar:7.2.4.Final]
	at org.hibernate.resource.transaction.backend.jdbc.internal.JdbcResourceLocalTransactionCoordinatorImpl.beforeCompletionCallback(JdbcResourceLocalTransactionCoordinatorImpl.java:166) ~[hibernate-core-7.2.4.Final.jar:7.2.4.Final]
	at org.hibernate.resource.transaction.backend.jdbc.internal.JdbcResourceLocalTransactionCoordinatorImpl$TransactionDriverControlImpl.commitNoRollbackOnly(JdbcResourceLocalTransactionCoordinatorImpl.java:248) ~[hibernate-core-7.2.4.Final.jar:7.2.4.Final]
	at org.hibernate.resource.transaction.backend.jdbc.internal.JdbcResourceLocalTransactionCoordinatorImpl$TransactionDriverControlImpl.commit(JdbcResourceLocalTransactionCoordinatorImpl.java:242) ~[hibernate-core-7.2.4.Final.jar:7.2.4.Final]
	at org.hibernate.engine.transaction.internal.TransactionImpl.commit(TransactionImpl.java:89) ~[hibernate-core-7.2.4.Final.jar:7.2.4.Final]
	at org.springframework.orm.jpa.JpaTransactionManager.doCommit(JpaTransactionManager.java:553) ~[spring-orm-7.0.5.jar:7.0.5]
	... 103 common frames omitted
Caused by: org.h2.jdbc.JdbcBatchUpdateException: Referential integrity constraint violation: "FKGVVIJWBB13MUQK11M649X37BW: PUBLIC.PLAN_DAYS FOREIGN KEY(TRAVEL_PLAN_ID) REFERENCES PUBLIC.TRAVEL_PLANS(ID) (CAST(1 AS BIGINT))"; SQL statement:
delete from travel_plans where id=? [23503-240]
	at org.h2.jdbc.JdbcPreparedStatement.executeBatch(JdbcPreparedStatement.java:1277) ~[h2-2.4.240.jar:2.4.240]
	at com.zaxxer.hikari.pool.ProxyStatement.executeBatch(ProxyStatement.java:128) ~[HikariCP-7.0.2.jar:na]
	at com.zaxxer.hikari.pool.HikariProxyPreparedStatement.executeBatch(HikariProxyPreparedStatement.java) ~[HikariCP-7.0.2.jar:na]
	at org.hibernate.engine.jdbc.batch.internal.BatchImpl.lambda$performExecution$0(BatchImpl.java:256) ~[hibernate-core-7.2.4.Final.jar:7.2.4.Final]
	... 122 common frames omitted

Hibernate: 
    select
        u1_0.id,
        u1_0.deleted_at,
        u1_0.email,
        u1_0.password,
        u1_0.tendency,
        u1_0.username 
    from
        users u1_0 
    where
        u1_0.id=? 
        and (
            u1_0.deleted_at IS NULL
        )
