> Task :compileJava UP-TO-DATE
> Task :processResources UP-TO-DATE
> Task :classes UP-TO-DATE
> Task :resolveMainClassName UP-TO-DATE

> Task :bootRun

  .   ____          _            __ _ _
 /\\ / ___'_ __ _ _(_)_ __  __ _ \ \ \ \
( ( )\___ | '_ | '_| | '_ \/ _` | \ \ \ \
 \\/  ___)| |_)| | | | | || (_| |  ) ) ) )
  '  |____| .__|_| |_|_| |_\__, | / / / /
 =========|_|==============|___/=/_/_/_/

 :: Spring Boot ::                (v4.0.3)

2026-05-22T11:27:56.867+09:00  INFO 45894 --- [dagalle] [           main] org.jkh.com.dagalle.DagalleApplication   : Starting DagalleApplication using Java 17.0.17 with PID 45894 (/Users/jang-gunho/Library/Mobile Documents/com~apple~CloudDocs/Desktop/Spring/dagalle/build/classes/java/main started by jang-gunho in /Users/jang-gunho/Library/Mobile Documents/com~apple~CloudDocs/Desktop/Spring/dagalle)
2026-05-22T11:27:56.868+09:00  INFO 45894 --- [dagalle] [           main] org.jkh.com.dagalle.DagalleApplication   : The following 1 profile is active: "local"
2026-05-22T11:27:57.337+09:00  INFO 45894 --- [dagalle] [           main] .s.d.r.c.RepositoryConfigurationDelegate : Multiple Spring Data modules found, entering strict repository configuration mode
2026-05-22T11:27:57.337+09:00  INFO 45894 --- [dagalle] [           main] .s.d.r.c.RepositoryConfigurationDelegate : Bootstrapping Spring Data JPA repositories in DEFAULT mode.
2026-05-22T11:27:57.428+09:00  INFO 45894 --- [dagalle] [           main] .s.d.r.c.RepositoryConfigurationDelegate : Finished Spring Data repository scanning in 85 ms. Found 9 JPA repository interfaces.
2026-05-22T11:27:57.453+09:00  INFO 45894 --- [dagalle] [           main] .s.d.r.c.RepositoryConfigurationDelegate : Multiple Spring Data modules found, entering strict repository configuration mode
2026-05-22T11:27:57.453+09:00  INFO 45894 --- [dagalle] [           main] .s.d.r.c.RepositoryConfigurationDelegate : Bootstrapping Spring Data Redis repositories in DEFAULT mode.
2026-05-22T11:27:57.464+09:00  INFO 45894 --- [dagalle] [           main] .RepositoryConfigurationExtensionSupport : Spring Data Redis - Could not safely identify store assignment for repository candidate interface org.jkh.com.dagalle.domain.accommodation.repository.AccommodationRepository; If you want this repository to be a Redis repository, consider annotating your entities with one of these annotations: org.springframework.data.redis.core.RedisHash (preferred), or consider extending one of the following types with your repository: org.springframework.data.keyvalue.repository.KeyValueRepository
2026-05-22T11:27:57.464+09:00  INFO 45894 --- [dagalle] [           main] .RepositoryConfigurationExtensionSupport : Spring Data Redis - Could not safely identify store assignment for repository candidate interface org.jkh.com.dagalle.domain.location.repository.LocationRepository; If you want this repository to be a Redis repository, consider annotating your entities with one of these annotations: org.springframework.data.redis.core.RedisHash (preferred), or consider extending one of the following types with your repository: org.springframework.data.keyvalue.repository.KeyValueRepository
2026-05-22T11:27:57.465+09:00  INFO 45894 --- [dagalle] [           main] .RepositoryConfigurationExtensionSupport : Spring Data Redis - Could not safely identify store assignment for repository candidate interface org.jkh.com.dagalle.domain.plan.repository.PlanDayRepository; If you want this repository to be a Redis repository, consider annotating your entities with one of these annotations: org.springframework.data.redis.core.RedisHash (preferred), or consider extending one of the following types with your repository: org.springframework.data.keyvalue.repository.KeyValueRepository
2026-05-22T11:27:57.465+09:00  INFO 45894 --- [dagalle] [           main] .RepositoryConfigurationExtensionSupport : Spring Data Redis - Could not safely identify store assignment for repository candidate interface org.jkh.com.dagalle.domain.plan.repository.PlanRouteRepository; If you want this repository to be a Redis repository, consider annotating your entities with one of these annotations: org.springframework.data.redis.core.RedisHash (preferred), or consider extending one of the following types with your repository: org.springframework.data.keyvalue.repository.KeyValueRepository
2026-05-22T11:27:57.465+09:00  INFO 45894 --- [dagalle] [           main] .RepositoryConfigurationExtensionSupport : Spring Data Redis - Could not safely identify store assignment for repository candidate interface org.jkh.com.dagalle.domain.rental.repository.CarRentalRepository; If you want this repository to be a Redis repository, consider annotating your entities with one of these annotations: org.springframework.data.redis.core.RedisHash (preferred), or consider extending one of the following types with your repository: org.springframework.data.keyvalue.repository.KeyValueRepository
2026-05-22T11:27:57.465+09:00  INFO 45894 --- [dagalle] [           main] .RepositoryConfigurationExtensionSupport : Spring Data Redis - Could not safely identify store assignment for repository candidate interface org.jkh.com.dagalle.domain.restaurant.repository.RestaurantScoreRepository; If you want this repository to be a Redis repository, consider annotating your entities with one of these annotations: org.springframework.data.redis.core.RedisHash (preferred), or consider extending one of the following types with your repository: org.springframework.data.keyvalue.repository.KeyValueRepository
2026-05-22T11:27:57.465+09:00  INFO 45894 --- [dagalle] [           main] .RepositoryConfigurationExtensionSupport : Spring Data Redis - Could not safely identify store assignment for repository candidate interface org.jkh.com.dagalle.domain.travel.repository.TravelMemberRepository; If you want this repository to be a Redis repository, consider annotating your entities with one of these annotations: org.springframework.data.redis.core.RedisHash (preferred), or consider extending one of the following types with your repository: org.springframework.data.keyvalue.repository.KeyValueRepository
2026-05-22T11:27:57.465+09:00  INFO 45894 --- [dagalle] [           main] .RepositoryConfigurationExtensionSupport : Spring Data Redis - Could not safely identify store assignment for repository candidate interface org.jkh.com.dagalle.domain.travel.repository.TravelPlanRepository; If you want this repository to be a Redis repository, consider annotating your entities with one of these annotations: org.springframework.data.redis.core.RedisHash (preferred), or consider extending one of the following types with your repository: org.springframework.data.keyvalue.repository.KeyValueRepository
2026-05-22T11:27:57.466+09:00  INFO 45894 --- [dagalle] [           main] .RepositoryConfigurationExtensionSupport : Spring Data Redis - Could not safely identify store assignment for repository candidate interface org.jkh.com.dagalle.domain.user.repository.UserRepository; If you want this repository to be a Redis repository, consider annotating your entities with one of these annotations: org.springframework.data.redis.core.RedisHash (preferred), or consider extending one of the following types with your repository: org.springframework.data.keyvalue.repository.KeyValueRepository
2026-05-22T11:27:57.466+09:00  INFO 45894 --- [dagalle] [           main] .s.d.r.c.RepositoryConfigurationDelegate : Finished Spring Data repository scanning in 8 ms. Found 0 Redis repository interfaces.
2026-05-22T11:27:57.714+09:00  INFO 45894 --- [dagalle] [           main] o.s.boot.tomcat.TomcatWebServer          : Tomcat initialized with port 8080 (http)
2026-05-22T11:27:57.720+09:00  INFO 45894 --- [dagalle] [           main] o.apache.catalina.core.StandardService   : Starting service [Tomcat]
2026-05-22T11:27:57.721+09:00  INFO 45894 --- [dagalle] [           main] o.apache.catalina.core.StandardEngine    : Starting Servlet engine: [Apache Tomcat/11.0.18]
2026-05-22T11:27:57.749+09:00  INFO 45894 --- [dagalle] [           main] b.w.c.s.WebApplicationContextInitializer : Root WebApplicationContext: initialization completed in 857 ms
2026-05-22T11:27:57.844+09:00  INFO 45894 --- [dagalle] [           main] org.hibernate.orm.jpa                    : HHH008540: Processing PersistenceUnitInfo [name: default]
2026-05-22T11:27:57.875+09:00  INFO 45894 --- [dagalle] [           main] org.hibernate.orm.core                   : HHH000001: Hibernate ORM core version 7.2.4.Final
2026-05-22T11:27:58.103+09:00  INFO 45894 --- [dagalle] [           main] o.s.o.j.p.SpringPersistenceUnitInfo      : No LoadTimeWeaver setup: ignoring JPA class transformer
2026-05-22T11:27:58.121+09:00  INFO 45894 --- [dagalle] [           main] com.zaxxer.hikari.HikariDataSource       : HikariPool-1 - Starting...
2026-05-22T11:27:58.214+09:00  INFO 45894 --- [dagalle] [           main] com.zaxxer.hikari.pool.HikariPool        : HikariPool-1 - Added connection conn0: url=jdbc:h2:mem:dagalle user=SA
2026-05-22T11:27:58.214+09:00  INFO 45894 --- [dagalle] [           main] com.zaxxer.hikari.HikariDataSource       : HikariPool-1 - Start completed.
2026-05-22T11:27:58.228+09:00  WARN 45894 --- [dagalle] [           main] org.hibernate.orm.deprecation            : HHH90000025: H2Dialect does not need to be specified explicitly using 'hibernate.dialect' (remove the property setting and it will be selected by default)
2026-05-22T11:27:58.238+09:00  INFO 45894 --- [dagalle] [           main] org.hibernate.orm.connections.pooling    : HHH10001005: Database info:
	Database JDBC URL [jdbc:h2:mem:dagalle]
	Database driver: H2 JDBC Driver
	Database dialect: H2Dialect
	Database version: 2.4.240
	Default catalog/schema: DAGALLE/PUBLIC
	Autocommit mode: undefined/unknown
	Isolation level: READ_COMMITTED [default READ_COMMITTED]
	JDBC fetch size: 100
	Pool: DataSourceConnectionProvider
	Minimum pool size: undefined/unknown
	Maximum pool size: undefined/unknown
2026-05-22T11:27:58.851+09:00  INFO 45894 --- [dagalle] [           main] org.hibernate.orm.core                   : HHH000489: No JTA platform available (set 'hibernate.transaction.jta.platform' to enable JTA platform integration)
Hibernate: 
    drop table if exists accommodations cascade 
Hibernate: 
    drop table if exists car_rentals cascade 
Hibernate: 
    drop table if exists locations cascade 
Hibernate: 
    drop table if exists plan_days cascade 
Hibernate: 
    drop table if exists plan_routes cascade 
Hibernate: 
    drop table if exists restaurant_scores cascade 
Hibernate: 
    drop table if exists travel_members cascade 
Hibernate: 
    drop table if exists travel_plans cascade 
Hibernate: 
    drop table if exists users cascade 
Hibernate: 
    create table accommodations (
        check_in date,
        check_out date,
        price_per_night_krw integer,
        id bigint generated by default as identity,
        travel_plan_id bigint not null,
        hotel_name varchar(200),
        primary key (id)
    )
Hibernate: 
    create table car_rentals (
        daily_rate_krw integer,
        estimated_fuel_krw integer,
        estimated_toll_krw integer,
        rental_days integer,
        id bigint generated by default as identity,
        travel_plan_id bigint not null,
        car_type varchar(100),
        primary key (id)
    )
Hibernate: 
    create table locations (
        is_open_now boolean,
        lat float(53) not null,
        lng float(53) not null,
        rating float(53),
        review_count integer,
        cached_at timestamp(6),
        id bigint generated by default as identity,
        external_id varchar(200),
        name varchar(200) not null,
        address varchar(500),
        description TEXT,
        source enum ('AI','GOOGLE','KAKAO','NAVER','USER') not null,
        type enum ('AIRPORT','BEACH','CAFE','ETC','HOTEL','MOUNTAIN','MUSEUM','PARK','RESTAURANT','SHOPPING','STATION'),
        primary key (id)
    )
Hibernate: 
    create table plan_days (
        date date not null,
        day_number integer not null,
        id bigint generated by default as identity,
        travel_plan_id bigint not null,
        primary key (id),
        unique (travel_plan_id, day_number)
    )
Hibernate: 
    create table plan_routes (
        distance_km float(53),
        duration_minutes integer,
        estimated_cost integer,
        sequence integer not null,
        departure_time timestamp(6),
        from_location_id bigint not null,
        id bigint generated by default as identity,
        plan_day_id bigint not null,
        to_location_id bigint not null,
        note TEXT,
        transport enum ('BUS','CAR','SUBWAY','TRAIN','WALK') not null,
        primary key (id)
    )
Hibernate: 
    create table restaurant_scores (
        positive_ratio float(53) not null,
        rating float(53) not null,
        recommend_score integer not null,
        id bigint generated by default as identity,
        location_id bigint not null unique,
        updated_at timestamp(6) not null,
        recent_trend enum ('DOWN','STABLE','UP') not null,
        primary key (id)
    )
Hibernate: 
    create table travel_members (
        id bigint generated by default as identity,
        travel_plan_id bigint not null,
        user_id bigint not null,
        role enum ('MEMBER','OWNER') not null,
        primary key (id),
        unique (travel_plan_id, user_id)
    )
Hibernate: 
    create table travel_plans (
        budget_total integer,
        country_code varchar(2),
        end_date date not null,
        is_ai_generated boolean not null,
        member_count integer,
        start_date date not null,
        with_car boolean,
        arrival_at_dest_time varchar(5),
        departure_flight_time varchar(5),
        return_flight_time varchar(5),
        id bigint generated by default as identity,
        owner_id bigint not null,
        theme varchar(100),
        title varchar(100) not null,
        end_location varchar(200) not null,
        start_location varchar(200) not null,
        keywords varchar(500),
        status enum ('CONFIRMED','DRAFT') not null,
        primary key (id)
    )
Hibernate: 
    create table users (
        deleted_at timestamp(6),
        id bigint generated by default as identity,
        username varchar(50) not null,
        email varchar(100) not null unique,
        password varchar(255) not null,
        tendency enum ('ACTIVE','BALANCED','RELAX') not null,
        primary key (id)
    )
Hibernate: 
    alter table if exists accommodations 
       add constraint FK7fv4o6ir66cjbdk459adu48a9 
       foreign key (travel_plan_id) 
       references travel_plans
Hibernate: 
    alter table if exists car_rentals 
       add constraint FKlb9iglwe6va80rt5n8hwh033u 
       foreign key (travel_plan_id) 
       references travel_plans
Hibernate: 
    alter table if exists plan_days 
       add constraint FKgvvijwbb13muqk11m649x37bw 
       foreign key (travel_plan_id) 
       references travel_plans
Hibernate: 
    alter table if exists plan_routes 
       add constraint FKdpmssuq0qt72nbk3rinv4uehy 
       foreign key (from_location_id) 
       references locations
Hibernate: 
    alter table if exists plan_routes 
       add constraint FKhai5f94nl4sumv5n42minsd1m 
       foreign key (plan_day_id) 
       references plan_days
Hibernate: 
    alter table if exists plan_routes 
       add constraint FKec3gnpl12wfh3pprlqnds093s 
       foreign key (to_location_id) 
       references locations
Hibernate: 
    alter table if exists restaurant_scores 
       add constraint FKjt9t378vmc1ootcw9kc5dtabs 
       foreign key (location_id) 
       references locations
Hibernate: 
    alter table if exists travel_members 
       add constraint FKn34v5dq7hmq9rbtsk85x57r6c 
       foreign key (travel_plan_id) 
       references travel_plans
Hibernate: 
    alter table if exists travel_members 
       add constraint FKis71k8dsarckcphsut4t6k6dq 
       foreign key (user_id) 
       references users
Hibernate: 
    alter table if exists travel_plans 
       add constraint FK9m5ilthn9i8bk1te3kxjcuyww 
       foreign key (owner_id) 
       references users
2026-05-22T11:27:58.889+09:00  INFO 45894 --- [dagalle] [           main] j.LocalContainerEntityManagerFactoryBean : Initialized JPA EntityManagerFactory for persistence unit 'default'
2026-05-22T11:27:58.941+09:00  INFO 45894 --- [dagalle] [           main] o.s.d.j.r.query.QueryEnhancerFactories   : Hibernate is in classpath; If applicable, HQL parser will be used.
2026-05-22T11:27:59.575+09:00  WARN 45894 --- [dagalle] [           main] JpaBaseConfiguration$JpaWebConfiguration : spring.jpa.open-in-view is enabled by default. Therefore, database queries may be performed during view rendering. Explicitly configure spring.jpa.open-in-view to disable this warning
2026-05-22T11:27:59.588+09:00  INFO 45894 --- [dagalle] [           main] r$InitializeUserDetailsManagerConfigurer : Global AuthenticationManager configured with UserDetailsService bean with name userDetailsServiceImpl
2026-05-22T11:27:59.886+09:00  WARN 45894 --- [dagalle] [           main] i.n.r.d.DnsServerAddressStreamProviders  : Can not find io.netty.resolver.dns.macos.MacOSDnsServerAddressStreamProvider in the classpath, fallback to system defaults. This may result in incorrect DNS resolutions on MacOS. Check whether you have a dependency on 'io.netty:netty-resolver-dns-native-macos'
2026-05-22T11:28:00.062+09:00  INFO 45894 --- [dagalle] [           main] o.s.boot.tomcat.TomcatWebServer          : Tomcat started on port 8080 (http) with context path '/'
2026-05-22T11:28:00.068+09:00  INFO 45894 --- [dagalle] [           main] org.jkh.com.dagalle.DagalleApplication   : Started DagalleApplication in 3.401 seconds (process running for 3.573)
2026-05-22T11:29:04.708+09:00  INFO 45894 --- [dagalle] [nio-8080-exec-1] o.a.c.c.C.[Tomcat].[localhost].[/]       : Initializing Spring DispatcherServlet 'dispatcherServlet'
2026-05-22T11:29:04.708+09:00  INFO 45894 --- [dagalle] [nio-8080-exec-1] o.s.web.servlet.DispatcherServlet        : Initializing Servlet 'dispatcherServlet'
2026-05-22T11:29:04.709+09:00  INFO 45894 --- [dagalle] [nio-8080-exec-1] o.s.web.servlet.DispatcherServlet        : Completed initialization in 1 ms
Hibernate: 
    select
        u1_0.id 
    from
        users u1_0 
    where
        (
            u1_0.deleted_at IS NULL
        ) 
        and u1_0.email=? 
    fetch
        first ? rows only
Hibernate: 
    insert 
    into
        users
        (deleted_at, email, password, tendency, username, id) 
    values
        (?, ?, ?, ?, ?, default)
Hibernate: 
    select
        u1_0.id,
        u1_0.deleted_at,
        u1_0.email,
        u1_0.password,
        u1_0.tendency,
        u1_0.username 
    from
        users u1_0 
    where
        (
            u1_0.deleted_at IS NULL
        ) 
        and u1_0.email=?
Hibernate: 
    select
        u1_0.id,
        u1_0.deleted_at,
        u1_0.email,
        u1_0.password,
        u1_0.tendency,
        u1_0.username 
    from
        users u1_0 
    where
        u1_0.id=? 
        and (
            u1_0.deleted_at IS NULL
        )
Hibernate: 
    select
        u1_0.id,
        u1_0.deleted_at,
        u1_0.email,
        u1_0.password,
        u1_0.tendency,
        u1_0.username 
    from
        users u1_0 
    where
        u1_0.id=? 
        and (
            u1_0.deleted_at IS NULL
        )
Hibernate: 
    select
        tp1_0.id,
        tp1_0.arrival_at_dest_time,
        tp1_0.budget_total,
        tp1_0.country_code,
        tp1_0.departure_flight_time,
        tp1_0.end_date,
        tp1_0.end_location,
        tp1_0.is_ai_generated,
        tp1_0.keywords,
        tp1_0.member_count,
        tp1_0.owner_id,
        tp1_0.return_flight_time,
        tp1_0.start_date,
        tp1_0.start_location,
        tp1_0.status,
        tp1_0.theme,
        tp1_0.title,
        tp1_0.with_car 
    from
        travel_plans tp1_0 
    join
        travel_members m1_0 
            on tp1_0.id=m1_0.travel_plan_id 
    where
        m1_0.user_id=? 
    order by
        tp1_0.start_date desc
Hibernate: 
    select
        u1_0.id,
        u1_0.deleted_at,
        u1_0.email,
        u1_0.password,
        u1_0.tendency,
        u1_0.username 
    from
        users u1_0 
    where
        u1_0.id=? 
        and (
            u1_0.deleted_at IS NULL
        )
Hibernate: 
    select
        u1_0.id,
        u1_0.deleted_at,
        u1_0.email,
        u1_0.password,
        u1_0.tendency,
        u1_0.username 
    from
        users u1_0 
    where
        u1_0.id=? 
        and (
            u1_0.deleted_at IS NULL
        )
Hibernate: 
    select
        tp1_0.id,
        tp1_0.arrival_at_dest_time,
        tp1_0.budget_total,
        tp1_0.country_code,
        tp1_0.departure_flight_time,
        tp1_0.end_date,
        tp1_0.end_location,
        tp1_0.is_ai_generated,
        tp1_0.keywords,
        tp1_0.member_count,
        tp1_0.owner_id,
        tp1_0.return_flight_time,
        tp1_0.start_date,
        tp1_0.start_location,
        tp1_0.status,
        tp1_0.theme,
        tp1_0.title,
        tp1_0.with_car 
    from
        travel_plans tp1_0 
    join
        travel_members m1_0 
            on tp1_0.id=m1_0.travel_plan_id 
    where
        m1_0.user_id=? 
    order by
        tp1_0.start_date desc
Hibernate: 
    select
        u1_0.id,
        u1_0.deleted_at,
        u1_0.email,
        u1_0.password,
        u1_0.tendency,
        u1_0.username 
    from
        users u1_0 
    where
        u1_0.id=? 
        and (
            u1_0.deleted_at IS NULL
        )
2026-05-22T11:29:21.374+09:00  INFO 45894 --- [dagalle] [nio-8080-exec-5] o.j.c.d.d.ai.service.AiScheduleService   : [AI natural] userId=1, input='놀러가고 싶어 훗카이도'
2026-05-22T11:29:25.150+09:00  INFO 45894 --- [dagalle] [nio-8080-exec-5] o.j.c.d.d.ai.service.AiScheduleService   : [AI natural → 구조화] 여행지=훗카이도, 렌트카=false, 테마=홋카이도 여행, 키워드=[관광]
Hibernate: 
    select
        u1_0.id,
        u1_0.deleted_at,
        u1_0.email,
        u1_0.password,
        u1_0.tendency,
        u1_0.username 
    from
        users u1_0 
    where
        u1_0.id=? 
        and (
            u1_0.deleted_at IS NULL
        )
2026-05-22T11:29:25.150+09:00  INFO 45894 --- [dagalle] [nio-8080-exec-5] o.j.c.d.d.ai.service.AiScheduleService   : [AI init] userId=1, 인천국제공항→훗카이도, 2026-05-14~2026-05-16 (3일)
Hibernate: 
    insert 
    into
        travel_plans
        (arrival_at_dest_time, budget_total, country_code, departure_flight_time, end_date, end_location, is_ai_generated, keywords, member_count, owner_id, return_flight_time, start_date, start_location, status, theme, title, with_car, id) 
    values
        (?, ?, ?, ?, ?, ?, ?, ?, ?, ?, ?, ?, ?, ?, ?, ?, ?, default)
Hibernate: 
    insert 
    into
        travel_members
        (role, travel_plan_id, user_id, id) 
    values
        (?, ?, ?, default)
Hibernate: 
    insert 
    into
        accommodations
        (check_in, check_out, hotel_name, price_per_night_krw, travel_plan_id, id) 
    values
        (?, ?, ?, ?, ?, default)
2026-05-22T11:29:29.803+09:00  INFO 45894 --- [dagalle] [nio-8080-exec-5] o.j.c.d.d.ai.service.AiScheduleService   : [AI 숙박 저장] JR타워 호텔 닛코 삿포로
Hibernate: 
    insert 
    into
        accommodations
        (check_in, check_out, hotel_name, price_per_night_krw, travel_plan_id, id) 
    values
        (?, ?, ?, ?, ?, default)
2026-05-22T11:29:29.804+09:00  INFO 45894 --- [dagalle] [nio-8080-exec-5] o.j.c.d.d.ai.service.AiScheduleService   : [AI 숙박 저장] 크로스 호텔 삿포로
2026-05-22T11:29:29.804+09:00  INFO 45894 --- [dagalle] [nio-8080-exec-5] o.j.c.d.d.ai.service.AiScheduleService   : [AI init 완료] travelId=1, title=홋카이도 봄빛 미식 여행 3일
Hibernate: 
    select
        u1_0.id,
        u1_0.deleted_at,
        u1_0.email,
        u1_0.password,
        u1_0.tendency,
        u1_0.username 
    from
        users u1_0 
    where
        u1_0.id=? 
        and (
            u1_0.deleted_at IS NULL
        )
Hibernate: 
    select
        u1_0.id,
        u1_0.deleted_at,
        u1_0.email,
        u1_0.password,
        u1_0.tendency,
        u1_0.username 
    from
        users u1_0 
    where
        u1_0.id=? 
        and (
            u1_0.deleted_at IS NULL
        )
Hibernate: 
    select
        u1_0.id,
        u1_0.deleted_at,
        u1_0.email,
        u1_0.password,
        u1_0.tendency,
        u1_0.username 
    from
        users u1_0 
    where
        u1_0.id=? 
        and (
            u1_0.deleted_at IS NULL
        )
Hibernate: 
    select
        u1_0.id,
        u1_0.deleted_at,
        u1_0.email,
        u1_0.password,
        u1_0.tendency,
        u1_0.username 
    from
        users u1_0 
    where
        u1_0.id=? 
        and (
            u1_0.deleted_at IS NULL
        )
Hibernate: 
    select
        u1_0.id,
        u1_0.deleted_at,
        u1_0.email,
        u1_0.password,
        u1_0.tendency,
        u1_0.username 
    from
        users u1_0 
    where
        u1_0.id=? 
        and (
            u1_0.deleted_at IS NULL
        )
Hibernate: 
    select
        tp1_0.id,
        tp1_0.arrival_at_dest_time,
        tp1_0.budget_total,
        tp1_0.country_code,
        tp1_0.departure_flight_time,
        tp1_0.end_date,
        tp1_0.end_location,
        tp1_0.is_ai_generated,
        tp1_0.keywords,
        tp1_0.member_count,
        tp1_0.owner_id,
        tp1_0.return_flight_time,
        tp1_0.start_date,
        tp1_0.start_location,
        tp1_0.status,
        tp1_0.theme,
        tp1_0.title,
        tp1_0.with_car 
    from
        travel_plans tp1_0 
    where
        tp1_0.id=?
Hibernate: 
    select
        tp1_0.id,
        tp1_0.arrival_at_dest_time,
        tp1_0.budget_total,
        tp1_0.country_code,
        tp1_0.departure_flight_time,
        tp1_0.end_date,
        tp1_0.end_location,
        tp1_0.is_ai_generated,
        tp1_0.keywords,
        tp1_0.member_count,
        tp1_0.owner_id,
        tp1_0.return_flight_time,
        tp1_0.start_date,
        tp1_0.start_location,
        tp1_0.status,
        tp1_0.theme,
        tp1_0.title,
        tp1_0.with_car 
    from
        travel_plans tp1_0 
    where
        tp1_0.id=?
Hibernate: 
    select
        tp1_0.id,
        tp1_0.arrival_at_dest_time,
        tp1_0.budget_total,
        tp1_0.country_code,
        tp1_0.departure_flight_time,
        tp1_0.end_date,
        tp1_0.end_location,
        tp1_0.is_ai_generated,
        tp1_0.keywords,
        tp1_0.member_count,
        tp1_0.owner_id,
        tp1_0.return_flight_time,
        tp1_0.start_date,
        tp1_0.start_location,
        tp1_0.status,
        tp1_0.theme,
        tp1_0.title,
        tp1_0.with_car 
    from
        travel_plans tp1_0 
    where
        tp1_0.id=?
Hibernate: 
    select
        tp1_0.id,
        tp1_0.arrival_at_dest_time,
        tp1_0.budget_total,
        tp1_0.country_code,
        tp1_0.departure_flight_time,
        tp1_0.end_date,
        tp1_0.end_location,
        tp1_0.is_ai_generated,
        tp1_0.keywords,
        tp1_0.member_count,
        tp1_0.owner_id,
        tp1_0.return_flight_time,
        tp1_0.start_date,
        tp1_0.start_location,
        tp1_0.status,
        tp1_0.theme,
        tp1_0.title,
        tp1_0.with_car 
    from
        travel_plans tp1_0 
    where
        tp1_0.id=?
Hibernate: 
    select
        tp1_0.id,
        tp1_0.arrival_at_dest_time,
        tp1_0.budget_total,
        tp1_0.country_code,
        tp1_0.departure_flight_time,
        tp1_0.end_date,
        tp1_0.end_location,
        tp1_0.is_ai_generated,
        tp1_0.keywords,
        tp1_0.member_count,
        tp1_0.owner_id,
        tp1_0.return_flight_time,
        tp1_0.start_date,
        tp1_0.start_location,
        tp1_0.status,
        tp1_0.theme,
        tp1_0.title,
        tp1_0.with_car 
    from
        travel_plans tp1_0 
    where
        tp1_0.id=?
Hibernate: 
    select
        u1_0.id,
        u1_0.deleted_at,
        u1_0.email,
        u1_0.password,
        u1_0.tendency,
        u1_0.username 
    from
        users u1_0 
    where
        u1_0.id=? 
        and (
            u1_0.deleted_at IS NULL
        )
Hibernate: 
    select
        u1_0.id,
        u1_0.deleted_at,
        u1_0.email,
        u1_0.password,
        u1_0.tendency,
        u1_0.username 
    from
        users u1_0 
    where
        u1_0.id=? 
        and (
            u1_0.deleted_at IS NULL
        )
Hibernate: 
    select
        u1_0.id,
        u1_0.deleted_at,
        u1_0.email,
        u1_0.password,
        u1_0.tendency,
        u1_0.username 
    from
        users u1_0 
    where
        u1_0.id=? 
        and (
            u1_0.deleted_at IS NULL
        )
Hibernate: 
    select
        u1_0.id,
        u1_0.deleted_at,
        u1_0.email,
        u1_0.password,
        u1_0.tendency,
        u1_0.username 
    from
        users u1_0 
    where
        u1_0.id=? 
        and (
            u1_0.deleted_at IS NULL
        )
Hibernate: 
    select
        u1_0.id,
        u1_0.deleted_at,
        u1_0.email,
        u1_0.password,
        u1_0.tendency,
        u1_0.username 
    from
        users u1_0 
    where
        u1_0.id=? 
        and (
            u1_0.deleted_at IS NULL
        )
Hibernate: 
    select
        tm1_0.id 
    from
        travel_members tm1_0 
    where
        tm1_0.travel_plan_id=? 
        and tm1_0.user_id=? 
    fetch
        first ? rows only
Hibernate: 
    select
        tm1_0.id 
    from
        travel_members tm1_0 
    where
        tm1_0.travel_plan_id=? 
        and tm1_0.user_id=? 
    fetch
        first ? rows only
Hibernate: 
    select
        tm1_0.id 
    from
        travel_members tm1_0 
    where
        tm1_0.travel_plan_id=? 
        and tm1_0.user_id=? 
    fetch
        first ? rows only
Hibernate: 
    select
        tm1_0.id 
    from
        travel_members tm1_0 
    where
        tm1_0.travel_plan_id=? 
        and tm1_0.user_id=? 
    fetch
        first ? rows only
Hibernate: 
    select
        tm1_0.id 
    from
        travel_members tm1_0 
    where
        tm1_0.travel_plan_id=? 
        and tm1_0.user_id=? 
    fetch
        first ? rows only
Hibernate: 
    select
        cr1_0.id,
        cr1_0.car_type,
        cr1_0.daily_rate_krw,
        cr1_0.estimated_fuel_krw,
        cr1_0.estimated_toll_krw,
        cr1_0.rental_days,
        cr1_0.travel_plan_id 
    from
        car_rentals cr1_0 
    where
        cr1_0.travel_plan_id=?
Hibernate: 
    select
        a1_0.id,
        a1_0.check_in,
        a1_0.check_out,
        a1_0.hotel_name,
        a1_0.price_per_night_krw,
        a1_0.travel_plan_id 
    from
        accommodations a1_0 
    where
        a1_0.travel_plan_id=?
Hibernate: 
    select
        u1_0.id,
        u1_0.deleted_at,
        u1_0.email,
        u1_0.password,
        u1_0.tendency,
        u1_0.username 
    from
        users u1_0 
    where
        u1_0.id=? 
        and (
            u1_0.deleted_at IS NULL
        )
Hibernate: 
    select
        tp1_0.id,
        tp1_0.arrival_at_dest_time,
        tp1_0.budget_total,
        tp1_0.country_code,
        tp1_0.departure_flight_time,
        tp1_0.end_date,
        tp1_0.end_location,
        tp1_0.is_ai_generated,
        tp1_0.keywords,
        tp1_0.member_count,
        tp1_0.owner_id,
        tp1_0.return_flight_time,
        tp1_0.start_date,
        tp1_0.start_location,
        tp1_0.status,
        tp1_0.theme,
        tp1_0.title,
        tp1_0.with_car 
    from
        travel_plans tp1_0 
    where
        tp1_0.id=?
Hibernate: 
    select
        u1_0.id,
        u1_0.deleted_at,
        u1_0.email,
        u1_0.password,
        u1_0.tendency,
        u1_0.username 
    from
        users u1_0 
    where
        u1_0.id=? 
        and (
            u1_0.deleted_at IS NULL
        )
Hibernate: 
    select
        distinct pd1_0.id,
        pd1_0.date,
        pd1_0.day_number,
        r1_0.plan_day_id,
        r1_0.id,
        r1_0.departure_time,
        r1_0.distance_km,
        r1_0.duration_minutes,
        r1_0.estimated_cost,
        r1_0.from_location_id,
        fl1_0.id,
        fl1_0.address,
        fl1_0.cached_at,
        fl1_0.description,
        fl1_0.external_id,
        fl1_0.is_open_now,
        fl1_0.lat,
        fl1_0.lng,
        fl1_0.name,
        fl1_0.rating,
        fl1_0.review_count,
        fl1_0.source,
        fl1_0.type,
        r1_0.note,
        r1_0.sequence,
        r1_0.to_location_id,
        tl1_0.id,
        tl1_0.address,
        tl1_0.cached_at,
        tl1_0.description,
        tl1_0.external_id,
        tl1_0.is_open_now,
        tl1_0.lat,
        tl1_0.lng,
        tl1_0.name,
        tl1_0.rating,
        tl1_0.review_count,
        tl1_0.source,
        tl1_0.type,
        r1_0.transport,
        pd1_0.travel_plan_id 
    from
        plan_days pd1_0 
    left join
        plan_routes r1_0 
            on pd1_0.id=r1_0.plan_day_id 
    left join
        locations fl1_0 
            on fl1_0.id=r1_0.from_location_id 
    left join
        locations tl1_0 
            on tl1_0.id=r1_0.to_location_id 
    where
        pd1_0.travel_plan_id=? 
    order by
        pd1_0.day_number,
        r1_0.sequence
Hibernate: 
    select
        distinct pd1_0.id,
        pd1_0.date,
        pd1_0.day_number,
        r1_0.plan_day_id,
        r1_0.id,
        r1_0.departure_time,
        r1_0.distance_km,
        r1_0.duration_minutes,
        r1_0.estimated_cost,
        r1_0.from_location_id,
        fl1_0.id,
        fl1_0.address,
        fl1_0.cached_at,
        fl1_0.description,
        fl1_0.external_id,
        fl1_0.is_open_now,
        fl1_0.lat,
        fl1_0.lng,
        fl1_0.name,
        fl1_0.rating,
        fl1_0.review_count,
        fl1_0.source,
        fl1_0.type,
        r1_0.note,
        r1_0.sequence,
        r1_0.to_location_id,
        tl1_0.id,
        tl1_0.address,
        tl1_0.cached_at,
        tl1_0.description,
        tl1_0.external_id,
        tl1_0.is_open_now,
        tl1_0.lat,
        tl1_0.lng,
        tl1_0.name,
        tl1_0.rating,
        tl1_0.review_count,
        tl1_0.source,
        tl1_0.type,
        r1_0.transport,
        pd1_0.travel_plan_id 
    from
        plan_days pd1_0 
    left join
        plan_routes r1_0 
            on pd1_0.id=r1_0.plan_day_id 
    left join
        locations fl1_0 
            on fl1_0.id=r1_0.from_location_id 
    left join
        locations tl1_0 
            on tl1_0.id=r1_0.to_location_id 
    where
        pd1_0.travel_plan_id=? 
    order by
        pd1_0.day_number,
        r1_0.sequence
Hibernate: 
    select
        tm1_0.id 
    from
        travel_members tm1_0 
    where
        tm1_0.travel_plan_id=? 
        and tm1_0.user_id=? 
    fetch
        first ? rows only
Hibernate: 
    select
        u1_0.id,
        u1_0.deleted_at,
        u1_0.email,
        u1_0.password,
        u1_0.tendency,
        u1_0.username 
    from
        users u1_0 
    where
        u1_0.id=? 
        and (
            u1_0.deleted_at IS NULL
        )
Hibernate: 
    select
        cr1_0.id,
        cr1_0.car_type,
        cr1_0.daily_rate_krw,
        cr1_0.estimated_fuel_krw,
        cr1_0.estimated_toll_krw,
        cr1_0.rental_days,
        cr1_0.travel_plan_id 
    from
        car_rentals cr1_0 
    where
        cr1_0.travel_plan_id=?
Hibernate: 
    select
        tp1_0.id,
        tp1_0.arrival_at_dest_time,
        tp1_0.budget_total,
        tp1_0.country_code,
        tp1_0.departure_flight_time,
        tp1_0.end_date,
        tp1_0.end_location,
        tp1_0.is_ai_generated,
        tp1_0.keywords,
        tp1_0.member_count,
        tp1_0.owner_id,
        tp1_0.return_flight_time,
        tp1_0.start_date,
        tp1_0.start_location,
        tp1_0.status,
        tp1_0.theme,
        tp1_0.title,
        tp1_0.with_car 
    from
        travel_plans tp1_0 
    where
        tp1_0.id=?
Hibernate: 
    select
        u1_0.id,
        u1_0.deleted_at,
        u1_0.email,
        u1_0.password,
        u1_0.tendency,
        u1_0.username 
    from
        users u1_0 
    where
        u1_0.id=? 
        and (
            u1_0.deleted_at IS NULL
        )
Hibernate: 
    select
        u1_0.id,
        u1_0.deleted_at,
        u1_0.email,
        u1_0.password,
        u1_0.tendency,
        u1_0.username 
    from
        users u1_0 
    where
        u1_0.id=? 
        and (
            u1_0.deleted_at IS NULL
        )
Hibernate: 
    select
        a1_0.id,
        a1_0.check_in,
        a1_0.check_out,
        a1_0.hotel_name,
        a1_0.price_per_night_krw,
        a1_0.travel_plan_id 
    from
        accommodations a1_0 
    where
        a1_0.travel_plan_id=?
Hibernate: 
    select
        tm1_0.id 
    from
        travel_members tm1_0 
    where
        tm1_0.travel_plan_id=? 
        and tm1_0.user_id=? 
    fetch
        first ? rows only
Hibernate: 
    select
        tp1_0.id,
        tp1_0.arrival_at_dest_time,
        tp1_0.budget_total,
        tp1_0.country_code,
        tp1_0.departure_flight_time,
        tp1_0.end_date,
        tp1_0.end_location,
        tp1_0.is_ai_generated,
        tp1_0.keywords,
        tp1_0.member_count,
        tp1_0.owner_id,
        tp1_0.return_flight_time,
        tp1_0.start_date,
        tp1_0.start_location,
        tp1_0.status,
        tp1_0.theme,
        tp1_0.title,
        tp1_0.with_car 
    from
        travel_plans tp1_0 
    where
        tp1_0.id=?
Hibernate: 
    select
        a1_0.id,
        a1_0.check_in,
        a1_0.check_out,
        a1_0.hotel_name,
        a1_0.price_per_night_krw,
        a1_0.travel_plan_id 
    from
        accommodations a1_0 
    where
        a1_0.travel_plan_id=?
Hibernate: 
    select
        u1_0.id,
        u1_0.deleted_at,
        u1_0.email,
        u1_0.password,
        u1_0.tendency,
        u1_0.username 
    from
        users u1_0 
    where
        u1_0.id=? 
        and (
            u1_0.deleted_at IS NULL
        )
Hibernate: 
    select
        tm1_0.id 
    from
        travel_members tm1_0 
    where
        tm1_0.travel_plan_id=? 
        and tm1_0.user_id=? 
    fetch
        first ? rows only
Hibernate: 
    select
        cr1_0.id,
        cr1_0.car_type,
        cr1_0.daily_rate_krw,
        cr1_0.estimated_fuel_krw,
        cr1_0.estimated_toll_krw,
        cr1_0.rental_days,
        cr1_0.travel_plan_id 
    from
        car_rentals cr1_0 
    where
        cr1_0.travel_plan_id=?
Hibernate: 
    select
        u1_0.id,
        u1_0.deleted_at,
        u1_0.email,
        u1_0.password,
        u1_0.tendency,
        u1_0.username 
    from
        users u1_0 
    where
        u1_0.id=? 
        and (
            u1_0.deleted_at IS NULL
        )
Hibernate: 
    select
        tp1_0.id,
        tp1_0.arrival_at_dest_time,
        tp1_0.budget_total,
        tp1_0.country_code,
        tp1_0.departure_flight_time,
        tp1_0.end_date,
        tp1_0.end_location,
        tp1_0.is_ai_generated,
        tp1_0.keywords,
        tp1_0.member_count,
        tp1_0.owner_id,
        tp1_0.return_flight_time,
        tp1_0.start_date,
        tp1_0.start_location,
        tp1_0.status,
        tp1_0.theme,
        tp1_0.title,
        tp1_0.with_car 
    from
        travel_plans tp1_0 
    where
        tp1_0.id=?
Hibernate: 
    select
        u1_0.id,
        u1_0.deleted_at,
        u1_0.email,
        u1_0.password,
        u1_0.tendency,
        u1_0.username 
    from
        users u1_0 
    where
        u1_0.id=? 
        and (
            u1_0.deleted_at IS NULL
        )
Hibernate: 
    select
        tm1_0.id 
    from
        travel_members tm1_0 
    where
        tm1_0.travel_plan_id=? 
        and tm1_0.user_id=? 
    fetch
        first ? rows only
Hibernate: 
    select
        distinct pd1_0.id,
        pd1_0.date,
        pd1_0.day_number,
        r1_0.plan_day_id,
        r1_0.id,
        r1_0.departure_time,
        r1_0.distance_km,
        r1_0.duration_minutes,
        r1_0.estimated_cost,
        r1_0.from_location_id,
        fl1_0.id,
        fl1_0.address,
        fl1_0.cached_at,
        fl1_0.description,
        fl1_0.external_id,
        fl1_0.is_open_now,
        fl1_0.lat,
        fl1_0.lng,
        fl1_0.name,
        fl1_0.rating,
        fl1_0.review_count,
        fl1_0.source,
        fl1_0.type,
        r1_0.note,
        r1_0.sequence,
        r1_0.to_location_id,
        tl1_0.id,
        tl1_0.address,
        tl1_0.cached_at,
        tl1_0.description,
        tl1_0.external_id,
        tl1_0.is_open_now,
        tl1_0.lat,
        tl1_0.lng,
        tl1_0.name,
        tl1_0.rating,
        tl1_0.review_count,
        tl1_0.source,
        tl1_0.type,
        r1_0.transport,
        pd1_0.travel_plan_id 
    from
        plan_days pd1_0 
    left join
        plan_routes r1_0 
            on pd1_0.id=r1_0.plan_day_id 
    left join
        locations fl1_0 
            on fl1_0.id=r1_0.from_location_id 
    left join
        locations tl1_0 
            on tl1_0.id=r1_0.to_location_id 
    where
        pd1_0.travel_plan_id=? 
    order by
        pd1_0.day_number,
        r1_0.sequence
Hibernate: 
    select
        u1_0.id,
        u1_0.deleted_at,
        u1_0.email,
        u1_0.password,
        u1_0.tendency,
        u1_0.username 
    from
        users u1_0 
    where
        u1_0.id=? 
        and (
            u1_0.deleted_at IS NULL
        )
Hibernate: 
    select
        tp1_0.id,
        tp1_0.arrival_at_dest_time,
        tp1_0.budget_total,
        tp1_0.country_code,
        tp1_0.departure_flight_time,
        tp1_0.end_date,
        tp1_0.end_location,
        tp1_0.is_ai_generated,
        tp1_0.keywords,
        tp1_0.member_count,
        tp1_0.owner_id,
        tp1_0.return_flight_time,
        tp1_0.start_date,
        tp1_0.start_location,
        tp1_0.status,
        tp1_0.theme,
        tp1_0.title,
        tp1_0.with_car 
    from
        travel_plans tp1_0 
    where
        tp1_0.id=?
Hibernate: 
    select
        u1_0.id,
        u1_0.deleted_at,
        u1_0.email,
        u1_0.password,
        u1_0.tendency,
        u1_0.username 
    from
        users u1_0 
    where
        u1_0.id=? 
        and (
            u1_0.deleted_at IS NULL
        )
Hibernate: 
    select
        tm1_0.id 
    from
        travel_members tm1_0 
    where
        tm1_0.travel_plan_id=? 
        and tm1_0.user_id=? 
    fetch
        first ? rows only
Hibernate: 
    select
        distinct pd1_0.id,
        pd1_0.date,
        pd1_0.day_number,
        r1_0.plan_day_id,
        r1_0.id,
        r1_0.departure_time,
        r1_0.distance_km,
        r1_0.duration_minutes,
        r1_0.estimated_cost,
        r1_0.from_location_id,
        fl1_0.id,
        fl1_0.address,
        fl1_0.cached_at,
        fl1_0.description,
        fl1_0.external_id,
        fl1_0.is_open_now,
        fl1_0.lat,
        fl1_0.lng,
        fl1_0.name,
        fl1_0.rating,
        fl1_0.review_count,
        fl1_0.source,
        fl1_0.type,
        r1_0.note,
        r1_0.sequence,
        r1_0.to_location_id,
        tl1_0.id,
        tl1_0.address,
        tl1_0.cached_at,
        tl1_0.description,
        tl1_0.external_id,
        tl1_0.is_open_now,
        tl1_0.lat,
        tl1_0.lng,
        tl1_0.name,
        tl1_0.rating,
        tl1_0.review_count,
        tl1_0.source,
        tl1_0.type,
        r1_0.transport,
        pd1_0.travel_plan_id 
    from
        plan_days pd1_0 
    left join
        plan_routes r1_0 
            on pd1_0.id=r1_0.plan_day_id 
    left join
        locations fl1_0 
            on fl1_0.id=r1_0.from_location_id 
    left join
        locations tl1_0 
            on tl1_0.id=r1_0.to_location_id 
    where
        pd1_0.travel_plan_id=? 
    order by
        pd1_0.day_number,
        r1_0.sequence
Hibernate: 
    select
        cr1_0.id,
        cr1_0.car_type,
        cr1_0.daily_rate_krw,
        cr1_0.estimated_fuel_krw,
        cr1_0.estimated_toll_krw,
        cr1_0.rental_days,
        cr1_0.travel_plan_id 
    from
        car_rentals cr1_0 
    where
        cr1_0.travel_plan_id=?
Hibernate: 
    select
        a1_0.id,
        a1_0.check_in,
        a1_0.check_out,
        a1_0.hotel_name,
        a1_0.price_per_night_krw,
        a1_0.travel_plan_id 
    from
        accommodations a1_0 
    where
        a1_0.travel_plan_id=?
Hibernate: 
    select
        u1_0.id,
        u1_0.deleted_at,
        u1_0.email,
        u1_0.password,
        u1_0.tendency,
        u1_0.username 
    from
        users u1_0 
    where
        u1_0.id=? 
        and (
            u1_0.deleted_at IS NULL
        )
Hibernate: 
    select
        tp1_0.id,
        tp1_0.arrival_at_dest_time,
        tp1_0.budget_total,
        tp1_0.country_code,
        tp1_0.departure_flight_time,
        tp1_0.end_date,
        tp1_0.end_location,
        tp1_0.is_ai_generated,
        tp1_0.keywords,
        tp1_0.member_count,
        tp1_0.owner_id,
        tp1_0.return_flight_time,
        tp1_0.start_date,
        tp1_0.start_location,
        tp1_0.status,
        tp1_0.theme,
        tp1_0.title,
        tp1_0.with_car 
    from
        travel_plans tp1_0 
    where
        tp1_0.id=?
Hibernate: 
    select
        u1_0.id,
        u1_0.deleted_at,
        u1_0.email,
        u1_0.password,
        u1_0.tendency,
        u1_0.username 
    from
        users u1_0 
    where
        u1_0.id=? 
        and (
            u1_0.deleted_at IS NULL
        )
Hibernate: 
    select
        tm1_0.id 
    from
        travel_members tm1_0 
    where
        tm1_0.travel_plan_id=? 
        and tm1_0.user_id=? 
    fetch
        first ? rows only
Hibernate: 
    select
        pd1_0.id,
        pd1_0.date,
        pd1_0.day_number,
        r1_0.plan_day_id,
        r1_0.id,
        r1_0.departure_time,
        r1_0.distance_km,
        r1_0.duration_minutes,
        r1_0.estimated_cost,
        r1_0.from_location_id,
        fl1_0.id,
        fl1_0.address,
        fl1_0.cached_at,
        fl1_0.description,
        fl1_0.external_id,
        fl1_0.is_open_now,
        fl1_0.lat,
        fl1_0.lng,
        fl1_0.name,
        fl1_0.rating,
        fl1_0.review_count,
        fl1_0.source,
        fl1_0.type,
        r1_0.note,
        r1_0.sequence,
        r1_0.to_location_id,
        tl1_0.id,
        tl1_0.address,
        tl1_0.cached_at,
        tl1_0.description,
        tl1_0.external_id,
        tl1_0.is_open_now,
        tl1_0.lat,
        tl1_0.lng,
        tl1_0.name,
        tl1_0.rating,
        tl1_0.review_count,
        tl1_0.source,
        tl1_0.type,
        r1_0.transport,
        pd1_0.travel_plan_id 
    from
        plan_days pd1_0 
    left join
        plan_routes r1_0 
            on pd1_0.id=r1_0.plan_day_id 
    left join
        locations fl1_0 
            on fl1_0.id=r1_0.from_location_id 
    left join
        locations tl1_0 
            on tl1_0.id=r1_0.to_location_id 
    where
        pd1_0.travel_plan_id=? 
        and pd1_0.day_number=? 
    order by
        r1_0.sequence
2026-05-22T11:29:32.901+09:00  INFO 45894 --- [dagalle] [nio-8080-exec-6] o.j.c.d.d.ai.service.AiScheduleService   : [AI generateDay] travelId=1, day=1/3
Hibernate: 
    select
        a1_0.id,
        a1_0.check_in,
        a1_0.check_out,
        a1_0.hotel_name,
        a1_0.price_per_night_krw,
        a1_0.travel_plan_id 
    from
        accommodations a1_0 
    where
        a1_0.travel_plan_id=?
Hibernate: 
    insert 
    into
        plan_days
        (date, day_number, travel_plan_id, id) 
    values
        (?, ?, ?, default)
Hibernate: 
    insert 
    into
        locations
        (address, cached_at, description, external_id, is_open_now, lat, lng, name, rating, review_count, source, type, id) 
    values
        (?, ?, ?, ?, ?, ?, ?, ?, ?, ?, ?, ?, default)
Hibernate: 
    insert 
    into
        locations
        (address, cached_at, description, external_id, is_open_now, lat, lng, name, rating, review_count, source, type, id) 
    values
        (?, ?, ?, ?, ?, ?, ?, ?, ?, ?, ?, ?, default)
Hibernate: 
    insert 
    into
        plan_routes
        (departure_time, distance_km, duration_minutes, estimated_cost, from_location_id, note, plan_day_id, sequence, to_location_id, transport, id) 
    values
        (?, ?, ?, ?, ?, ?, ?, ?, ?, ?, default)
Hibernate: 
    insert 
    into
        locations
        (address, cached_at, description, external_id, is_open_now, lat, lng, name, rating, review_count, source, type, id) 
    values
        (?, ?, ?, ?, ?, ?, ?, ?, ?, ?, ?, ?, default)
Hibernate: 
    insert 
    into
        locations
        (address, cached_at, description, external_id, is_open_now, lat, lng, name, rating, review_count, source, type, id) 
    values
        (?, ?, ?, ?, ?, ?, ?, ?, ?, ?, ?, ?, default)
Hibernate: 
    insert 
    into
        plan_routes
        (departure_time, distance_km, duration_minutes, estimated_cost, from_location_id, note, plan_day_id, sequence, to_location_id, transport, id) 
    values
        (?, ?, ?, ?, ?, ?, ?, ?, ?, ?, default)
Hibernate: 
    insert 
    into
        locations
        (address, cached_at, description, external_id, is_open_now, lat, lng, name, rating, review_count, source, type, id) 
    values
        (?, ?, ?, ?, ?, ?, ?, ?, ?, ?, ?, ?, default)
Hibernate: 
    insert 
    into
        locations
        (address, cached_at, description, external_id, is_open_now, lat, lng, name, rating, review_count, source, type, id) 
    values
        (?, ?, ?, ?, ?, ?, ?, ?, ?, ?, ?, ?, default)
Hibernate: 
    insert 
    into
        plan_routes
        (departure_time, distance_km, duration_minutes, estimated_cost, from_location_id, note, plan_day_id, sequence, to_location_id, transport, id) 
    values
        (?, ?, ?, ?, ?, ?, ?, ?, ?, ?, default)
Hibernate: 
    insert 
    into
        locations
        (address, cached_at, description, external_id, is_open_now, lat, lng, name, rating, review_count, source, type, id) 
    values
        (?, ?, ?, ?, ?, ?, ?, ?, ?, ?, ?, ?, default)
Hibernate: 
    insert 
    into
        locations
        (address, cached_at, description, external_id, is_open_now, lat, lng, name, rating, review_count, source, type, id) 
    values
        (?, ?, ?, ?, ?, ?, ?, ?, ?, ?, ?, ?, default)
Hibernate: 
    insert 
    into
        plan_routes
        (departure_time, distance_km, duration_minutes, estimated_cost, from_location_id, note, plan_day_id, sequence, to_location_id, transport, id) 
    values
        (?, ?, ?, ?, ?, ?, ?, ?, ?, ?, default)
Hibernate: 
    insert 
    into
        locations
        (address, cached_at, description, external_id, is_open_now, lat, lng, name, rating, review_count, source, type, id) 
    values
        (?, ?, ?, ?, ?, ?, ?, ?, ?, ?, ?, ?, default)
Hibernate: 
    insert 
    into
        locations
        (address, cached_at, description, external_id, is_open_now, lat, lng, name, rating, review_count, source, type, id) 
    values
        (?, ?, ?, ?, ?, ?, ?, ?, ?, ?, ?, ?, default)
Hibernate: 
    insert 
    into
        plan_routes
        (departure_time, distance_km, duration_minutes, estimated_cost, from_location_id, note, plan_day_id, sequence, to_location_id, transport, id) 
    values
        (?, ?, ?, ?, ?, ?, ?, ?, ?, ?, default)
Hibernate: 
    insert 
    into
        locations
        (address, cached_at, description, external_id, is_open_now, lat, lng, name, rating, review_count, source, type, id) 
    values
        (?, ?, ?, ?, ?, ?, ?, ?, ?, ?, ?, ?, default)
Hibernate: 
    insert 
    into
        locations
        (address, cached_at, description, external_id, is_open_now, lat, lng, name, rating, review_count, source, type, id) 
    values
        (?, ?, ?, ?, ?, ?, ?, ?, ?, ?, ?, ?, default)
Hibernate: 
    insert 
    into
        plan_routes
        (departure_time, distance_km, duration_minutes, estimated_cost, from_location_id, note, plan_day_id, sequence, to_location_id, transport, id) 
    values
        (?, ?, ?, ?, ?, ?, ?, ?, ?, ?, default)
2026-05-22T11:30:05.042+09:00  INFO 45894 --- [dagalle] [nio-8080-exec-6] o.j.c.d.d.ai.service.AiScheduleService   : [AI day1 저장] 6개 route
Hibernate: 
    select
        tp1_0.id,
        tp1_0.arrival_at_dest_time,
        tp1_0.budget_total,
        tp1_0.country_code,
        tp1_0.departure_flight_time,
        tp1_0.end_date,
        tp1_0.end_location,
        tp1_0.is_ai_generated,
        tp1_0.keywords,
        tp1_0.member_count,
        tp1_0.owner_id,
        tp1_0.return_flight_time,
        tp1_0.start_date,
        tp1_0.start_location,
        tp1_0.status,
        tp1_0.theme,
        tp1_0.title,
        tp1_0.with_car 
    from
        travel_plans tp1_0 
    where
        tp1_0.id=?
Hibernate: 
    select
        pd1_0.id,
        pd1_0.date,
        pd1_0.day_number,
        r1_0.plan_day_id,
        r1_0.id,
        r1_0.departure_time,
        r1_0.distance_km,
        r1_0.duration_minutes,
        r1_0.estimated_cost,
        r1_0.from_location_id,
        fl1_0.id,
        fl1_0.address,
        fl1_0.cached_at,
        fl1_0.description,
        fl1_0.external_id,
        fl1_0.is_open_now,
        fl1_0.lat,
        fl1_0.lng,
        fl1_0.name,
        fl1_0.rating,
        fl1_0.review_count,
        fl1_0.source,
        fl1_0.type,
        r1_0.note,
        r1_0.sequence,
        r1_0.to_location_id,
        tl1_0.id,
        tl1_0.address,
        tl1_0.cached_at,
        tl1_0.description,
        tl1_0.external_id,
        tl1_0.is_open_now,
        tl1_0.lat,
        tl1_0.lng,
        tl1_0.name,
        tl1_0.rating,
        tl1_0.review_count,
        tl1_0.source,
        tl1_0.type,
        r1_0.transport,
        pd1_0.travel_plan_id 
    from
        plan_days pd1_0 
    left join
        plan_routes r1_0 
            on pd1_0.id=r1_0.plan_day_id 
    left join
        locations fl1_0 
            on fl1_0.id=r1_0.from_location_id 
    left join
        locations tl1_0 
            on tl1_0.id=r1_0.to_location_id 
    where
        pd1_0.travel_plan_id=? 
        and pd1_0.day_number=? 
    order by
        r1_0.sequence
Hibernate: 
    select
        u1_0.id,
        u1_0.deleted_at,
        u1_0.email,
        u1_0.password,
        u1_0.tendency,
        u1_0.username 
    from
        users u1_0 
    where
        u1_0.id=? 
        and (
            u1_0.deleted_at IS NULL
        )
Hibernate: 
    select
        tp1_0.id,
        tp1_0.arrival_at_dest_time,
        tp1_0.budget_total,
        tp1_0.country_code,
        tp1_0.departure_flight_time,
        tp1_0.end_date,
        tp1_0.end_location,
        tp1_0.is_ai_generated,
        tp1_0.keywords,
        tp1_0.member_count,
        tp1_0.owner_id,
        tp1_0.return_flight_time,
        tp1_0.start_date,
        tp1_0.start_location,
        tp1_0.status,
        tp1_0.theme,
        tp1_0.title,
        tp1_0.with_car 
    from
        travel_plans tp1_0 
    where
        tp1_0.id=?
Hibernate: 
    select
        u1_0.id,
        u1_0.deleted_at,
        u1_0.email,
        u1_0.password,
        u1_0.tendency,
        u1_0.username 
    from
        users u1_0 
    where
        u1_0.id=? 
        and (
            u1_0.deleted_at IS NULL
        )
Hibernate: 
    select
        tm1_0.id 
    from
        travel_members tm1_0 
    where
        tm1_0.travel_plan_id=? 
        and tm1_0.user_id=? 
    fetch
        first ? rows only
Hibernate: 
    select
        distinct pd1_0.id,
        pd1_0.date,
        pd1_0.day_number,
        r1_0.plan_day_id,
        r1_0.id,
        r1_0.departure_time,
        r1_0.distance_km,
        r1_0.duration_minutes,
        r1_0.estimated_cost,
        r1_0.from_location_id,
        fl1_0.id,
        fl1_0.address,
        fl1_0.cached_at,
        fl1_0.description,
        fl1_0.external_id,
        fl1_0.is_open_now,
        fl1_0.lat,
        fl1_0.lng,
        fl1_0.name,
        fl1_0.rating,
        fl1_0.review_count,
        fl1_0.source,
        fl1_0.type,
        r1_0.note,
        r1_0.sequence,
        r1_0.to_location_id,
        tl1_0.id,
        tl1_0.address,
        tl1_0.cached_at,
        tl1_0.description,
        tl1_0.external_id,
        tl1_0.is_open_now,
        tl1_0.lat,
        tl1_0.lng,
        tl1_0.name,
        tl1_0.rating,
        tl1_0.review_count,
        tl1_0.source,
        tl1_0.type,
        r1_0.transport,
        pd1_0.travel_plan_id 
    from
        plan_days pd1_0 
    left join
        plan_routes r1_0 
            on pd1_0.id=r1_0.plan_day_id 
    left join
        locations fl1_0 
            on fl1_0.id=r1_0.from_location_id 
    left join
        locations tl1_0 
            on tl1_0.id=r1_0.to_location_id 
    where
        pd1_0.travel_plan_id=? 
    order by
        pd1_0.day_number,
        r1_0.sequence
Hibernate: 
    select
        cr1_0.id,
        cr1_0.car_type,
        cr1_0.daily_rate_krw,
        cr1_0.estimated_fuel_krw,
        cr1_0.estimated_toll_krw,
        cr1_0.rental_days,
        cr1_0.travel_plan_id 
    from
        car_rentals cr1_0 
    where
        cr1_0.travel_plan_id=?
Hibernate: 
    select
        a1_0.id,
        a1_0.check_in,
        a1_0.check_out,
        a1_0.hotel_name,
        a1_0.price_per_night_krw,
        a1_0.travel_plan_id 
    from
        accommodations a1_0 
    where
        a1_0.travel_plan_id=?
Hibernate: 
    select
        u1_0.id,
        u1_0.deleted_at,
        u1_0.email,
        u1_0.password,
        u1_0.tendency,
        u1_0.username 
    from
        users u1_0 
    where
        u1_0.id=? 
        and (
            u1_0.deleted_at IS NULL
        )
Hibernate: 
    select
        u1_0.id,
        u1_0.deleted_at,
        u1_0.email,
        u1_0.password,
        u1_0.tendency,
        u1_0.username 
    from
        users u1_0 
    where
        u1_0.id=? 
        and (
            u1_0.deleted_at IS NULL
        )
Hibernate: 
    select
        u1_0.id,
        u1_0.deleted_at,
        u1_0.email,
        u1_0.password,
        u1_0.tendency,
        u1_0.username 
    from
        users u1_0 
    where
        u1_0.id=? 
        and (
            u1_0.deleted_at IS NULL
        )
Hibernate: 
    select
        u1_0.id,
        u1_0.deleted_at,
        u1_0.email,
        u1_0.password,
        u1_0.tendency,
        u1_0.username 
    from
        users u1_0 
    where
        u1_0.id=? 
        and (
            u1_0.deleted_at IS NULL
        )
Hibernate: 
    select
        u1_0.id,
        u1_0.deleted_at,
        u1_0.email,
        u1_0.password,
        u1_0.tendency,
        u1_0.username 
    from
        users u1_0 
    where
        u1_0.id=? 
        and (
            u1_0.deleted_at IS NULL
        )
Hibernate: 
    select
        tp1_0.id,
        tp1_0.arrival_at_dest_time,
        tp1_0.budget_total,
        tp1_0.country_code,
        tp1_0.departure_flight_time,
        tp1_0.end_date,
        tp1_0.end_location,
        tp1_0.is_ai_generated,
        tp1_0.keywords,
        tp1_0.member_count,
        tp1_0.owner_id,
        tp1_0.return_flight_time,
        tp1_0.start_date,
        tp1_0.start_location,
        tp1_0.status,
        tp1_0.theme,
        tp1_0.title,
        tp1_0.with_car 
    from
        travel_plans tp1_0 
    where
        tp1_0.id=?
Hibernate: 
    select
        tp1_0.id,
        tp1_0.arrival_at_dest_time,
        tp1_0.budget_total,
        tp1_0.country_code,
        tp1_0.departure_flight_time,
        tp1_0.end_date,
        tp1_0.end_location,
        tp1_0.is_ai_generated,
        tp1_0.keywords,
        tp1_0.member_count,
        tp1_0.owner_id,
        tp1_0.return_flight_time,
        tp1_0.start_date,
        tp1_0.start_location,
        tp1_0.status,
        tp1_0.theme,
        tp1_0.title,
        tp1_0.with_car 
    from
        travel_plans tp1_0 
    where
        tp1_0.id=?
Hibernate: 
    select
        tp1_0.id,
        tp1_0.arrival_at_dest_time,
        tp1_0.budget_total,
        tp1_0.country_code,
        tp1_0.departure_flight_time,
        tp1_0.end_date,
        tp1_0.end_location,
        tp1_0.is_ai_generated,
        tp1_0.keywords,
        tp1_0.member_count,
        tp1_0.owner_id,
        tp1_0.return_flight_time,
        tp1_0.start_date,
        tp1_0.start_location,
        tp1_0.status,
        tp1_0.theme,
        tp1_0.title,
        tp1_0.with_car 
    from
        travel_plans tp1_0 
    where
        tp1_0.id=?
Hibernate: 
    select
        tp1_0.id,
        tp1_0.arrival_at_dest_time,
        tp1_0.budget_total,
        tp1_0.country_code,
        tp1_0.departure_flight_time,
        tp1_0.end_date,
        tp1_0.end_location,
        tp1_0.is_ai_generated,
        tp1_0.keywords,
        tp1_0.member_count,
        tp1_0.owner_id,
        tp1_0.return_flight_time,
        tp1_0.start_date,
        tp1_0.start_location,
        tp1_0.status,
        tp1_0.theme,
        tp1_0.title,
        tp1_0.with_car 
    from
        travel_plans tp1_0 
    where
        tp1_0.id=?
Hibernate: 
    select
        tp1_0.id,
        tp1_0.arrival_at_dest_time,
        tp1_0.budget_total,
        tp1_0.country_code,
        tp1_0.departure_flight_time,
        tp1_0.end_date,
        tp1_0.end_location,
        tp1_0.is_ai_generated,
        tp1_0.keywords,
        tp1_0.member_count,
        tp1_0.owner_id,
        tp1_0.return_flight_time,
        tp1_0.start_date,
        tp1_0.start_location,
        tp1_0.status,
        tp1_0.theme,
        tp1_0.title,
        tp1_0.with_car 
    from
        travel_plans tp1_0 
    where
        tp1_0.id=?
Hibernate: 
    select
        u1_0.id,
        u1_0.deleted_at,
        u1_0.email,
        u1_0.password,
        u1_0.tendency,
        u1_0.username 
    from
        users u1_0 
    where
        u1_0.id=? 
        and (
            u1_0.deleted_at IS NULL
        )
Hibernate: 
    select
        u1_0.id,
        u1_0.deleted_at,
        u1_0.email,
        u1_0.password,
        u1_0.tendency,
        u1_0.username 
    from
        users u1_0 
    where
        u1_0.id=? 
        and (
            u1_0.deleted_at IS NULL
        )
Hibernate: 
    select
        u1_0.id,
        u1_0.deleted_at,
        u1_0.email,
        u1_0.password,
        u1_0.tendency,
        u1_0.username 
    from
        users u1_0 
    where
        u1_0.id=? 
        and (
            u1_0.deleted_at IS NULL
        )
Hibernate: 
    select
        u1_0.id,
        u1_0.deleted_at,
        u1_0.email,
        u1_0.password,
        u1_0.tendency,
        u1_0.username 
    from
        users u1_0 
    where
        u1_0.id=? 
        and (
            u1_0.deleted_at IS NULL
        )
Hibernate: 
    select
        u1_0.id,
        u1_0.deleted_at,
        u1_0.email,
        u1_0.password,
        u1_0.tendency,
        u1_0.username 
    from
        users u1_0 
    where
        u1_0.id=? 
        and (
            u1_0.deleted_at IS NULL
        )
Hibernate: 
    select
        tm1_0.id 
    from
        travel_members tm1_0 
    where
        tm1_0.travel_plan_id=? 
        and tm1_0.user_id=? 
    fetch
        first ? rows only
Hibernate: 
    select
        tm1_0.id 
    from
        travel_members tm1_0 
    where
        tm1_0.travel_plan_id=? 
        and tm1_0.user_id=? 
    fetch
        first ? rows only
Hibernate: 
    select
        tm1_0.id 
    from
        travel_members tm1_0 
    where
        tm1_0.travel_plan_id=? 
        and tm1_0.user_id=? 
    fetch
        first ? rows only
Hibernate: 
    select
        tm1_0.id 
    from
        travel_members tm1_0 
    where
        tm1_0.travel_plan_id=? 
        and tm1_0.user_id=? 
    fetch
        first ? rows only
Hibernate: 
    select
        tm1_0.id 
    from
        travel_members tm1_0 
    where
        tm1_0.travel_plan_id=? 
        and tm1_0.user_id=? 
    fetch
        first ? rows only
Hibernate: 
    select
        a1_0.id,
        a1_0.check_in,
        a1_0.check_out,
        a1_0.hotel_name,
        a1_0.price_per_night_krw,
        a1_0.travel_plan_id 
    from
        accommodations a1_0 
    where
        a1_0.travel_plan_id=?
Hibernate: 
    select
        distinct pd1_0.id,
        pd1_0.date,
        pd1_0.day_number,
        r1_0.plan_day_id,
        r1_0.id,
        r1_0.departure_time,
        r1_0.distance_km,
        r1_0.duration_minutes,
        r1_0.estimated_cost,
        r1_0.from_location_id,
        fl1_0.id,
        fl1_0.address,
        fl1_0.cached_at,
        fl1_0.description,
        fl1_0.external_id,
        fl1_0.is_open_now,
        fl1_0.lat,
        fl1_0.lng,
        fl1_0.name,
        fl1_0.rating,
        fl1_0.review_count,
        fl1_0.source,
        fl1_0.type,
        r1_0.note,
        r1_0.sequence,
        r1_0.to_location_id,
        tl1_0.id,
        tl1_0.address,
        tl1_0.cached_at,
        tl1_0.description,
        tl1_0.external_id,
        tl1_0.is_open_now,
        tl1_0.lat,
        tl1_0.lng,
        tl1_0.name,
        tl1_0.rating,
        tl1_0.review_count,
        tl1_0.source,
        tl1_0.type,
        r1_0.transport,
        pd1_0.travel_plan_id 
    from
        plan_days pd1_0 
    left join
        plan_routes r1_0 
            on pd1_0.id=r1_0.plan_day_id 
    left join
        locations fl1_0 
            on fl1_0.id=r1_0.from_location_id 
    left join
        locations tl1_0 
            on tl1_0.id=r1_0.to_location_id 
    where
        pd1_0.travel_plan_id=? 
    order by
        pd1_0.day_number,
        r1_0.sequence
Hibernate: 
    select
        distinct pd1_0.id,
        pd1_0.date,
        pd1_0.day_number,
        r1_0.plan_day_id,
        r1_0.id,
        r1_0.departure_time,
        r1_0.distance_km,
        r1_0.duration_minutes,
        r1_0.estimated_cost,
        r1_0.from_location_id,
        fl1_0.id,
        fl1_0.address,
        fl1_0.cached_at,
        fl1_0.description,
        fl1_0.external_id,
        fl1_0.is_open_now,
        fl1_0.lat,
        fl1_0.lng,
        fl1_0.name,
        fl1_0.rating,
        fl1_0.review_count,
        fl1_0.source,
        fl1_0.type,
        r1_0.note,
        r1_0.sequence,
        r1_0.to_location_id,
        tl1_0.id,
        tl1_0.address,
        tl1_0.cached_at,
        tl1_0.description,
        tl1_0.external_id,
        tl1_0.is_open_now,
        tl1_0.lat,
        tl1_0.lng,
        tl1_0.name,
        tl1_0.rating,
        tl1_0.review_count,
        tl1_0.source,
        tl1_0.type,
        r1_0.transport,
        pd1_0.travel_plan_id 
    from
        plan_days pd1_0 
    left join
        plan_routes r1_0 
            on pd1_0.id=r1_0.plan_day_id 
    left join
        locations fl1_0 
            on fl1_0.id=r1_0.from_location_id 
    left join
        locations tl1_0 
            on tl1_0.id=r1_0.to_location_id 
    where
        pd1_0.travel_plan_id=? 
    order by
        pd1_0.day_number,
        r1_0.sequence
Hibernate: 
    select
        cr1_0.id,
        cr1_0.car_type,
        cr1_0.daily_rate_krw,
        cr1_0.estimated_fuel_krw,
        cr1_0.estimated_toll_krw,
        cr1_0.rental_days,
        cr1_0.travel_plan_id 
    from
        car_rentals cr1_0 
    where
        cr1_0.travel_plan_id=?
Hibernate: 
    select
        cr1_0.id,
        cr1_0.car_type,
        cr1_0.daily_rate_krw,
        cr1_0.estimated_fuel_krw,
        cr1_0.estimated_toll_krw,
        cr1_0.rental_days,
        cr1_0.travel_plan_id 
    from
        car_rentals cr1_0 
    where
        cr1_0.travel_plan_id=?
Hibernate: 
    select
        a1_0.id,
        a1_0.check_in,
        a1_0.check_out,
        a1_0.hotel_name,
        a1_0.price_per_night_krw,
        a1_0.travel_plan_id 
    from
        accommodations a1_0 
    where
        a1_0.travel_plan_id=?
Hibernate: 
    select
        u1_0.id,
        u1_0.deleted_at,
        u1_0.email,
        u1_0.password,
        u1_0.tendency,
        u1_0.username 
    from
        users u1_0 
    where
        u1_0.id=? 
        and (
            u1_0.deleted_at IS NULL
        )
Hibernate: 
    select
        u1_0.id,
        u1_0.deleted_at,
        u1_0.email,
        u1_0.password,
        u1_0.tendency,
        u1_0.username 
    from
        users u1_0 
    where
        u1_0.id=? 
        and (
            u1_0.deleted_at IS NULL
        )
Hibernate: 
    select
        u1_0.id,
        u1_0.deleted_at,
        u1_0.email,
        u1_0.password,
        u1_0.tendency,
        u1_0.username 
    from
        users u1_0 
    where
        u1_0.id=? 
        and (
            u1_0.deleted_at IS NULL
        )
Hibernate: 
    select
        tp1_0.id,
        tp1_0.arrival_at_dest_time,
        tp1_0.budget_total,
        tp1_0.country_code,
        tp1_0.departure_flight_time,
        tp1_0.end_date,
        tp1_0.end_location,
        tp1_0.is_ai_generated,
        tp1_0.keywords,
        tp1_0.member_count,
        tp1_0.owner_id,
        tp1_0.return_flight_time,
        tp1_0.start_date,
        tp1_0.start_location,
        tp1_0.status,
        tp1_0.theme,
        tp1_0.title,
        tp1_0.with_car 
    from
        travel_plans tp1_0 
    where
        tp1_0.id=?
Hibernate: 
    select
        tp1_0.id,
        tp1_0.arrival_at_dest_time,
        tp1_0.budget_total,
        tp1_0.country_code,
        tp1_0.departure_flight_time,
        tp1_0.end_date,
        tp1_0.end_location,
        tp1_0.is_ai_generated,
        tp1_0.keywords,
        tp1_0.member_count,
        tp1_0.owner_id,
        tp1_0.return_flight_time,
        tp1_0.start_date,
        tp1_0.start_location,
        tp1_0.status,
        tp1_0.theme,
        tp1_0.title,
        tp1_0.with_car 
    from
        travel_plans tp1_0 
    where
        tp1_0.id=?
Hibernate: 
    select
        tp1_0.id,
        tp1_0.arrival_at_dest_time,
        tp1_0.budget_total,
        tp1_0.country_code,
        tp1_0.departure_flight_time,
        tp1_0.end_date,
        tp1_0.end_location,
        tp1_0.is_ai_generated,
        tp1_0.keywords,
        tp1_0.member_count,
        tp1_0.owner_id,
        tp1_0.return_flight_time,
        tp1_0.start_date,
        tp1_0.start_location,
        tp1_0.status,
        tp1_0.theme,
        tp1_0.title,
        tp1_0.with_car 
    from
        travel_plans tp1_0 
    where
        tp1_0.id=?
Hibernate: 
    select
        u1_0.id,
        u1_0.deleted_at,
        u1_0.email,
        u1_0.password,
        u1_0.tendency,
        u1_0.username 
    from
        users u1_0 
    where
        u1_0.id=? 
        and (
            u1_0.deleted_at IS NULL
        )
Hibernate: 
    select
        u1_0.id,
        u1_0.deleted_at,
        u1_0.email,
        u1_0.password,
        u1_0.tendency,
        u1_0.username 
    from
        users u1_0 
    where
        u1_0.id=? 
        and (
            u1_0.deleted_at IS NULL
        )
Hibernate: 
    select
        u1_0.id,
        u1_0.deleted_at,
        u1_0.email,
        u1_0.password,
        u1_0.tendency,
        u1_0.username 
    from
        users u1_0 
    where
        u1_0.id=? 
        and (
            u1_0.deleted_at IS NULL
        )
Hibernate: 
    select
        tm1_0.id 
    from
        travel_members tm1_0 
    where
        tm1_0.travel_plan_id=? 
        and tm1_0.user_id=? 
    fetch
        first ? rows only
Hibernate: 
    select
        tm1_0.id 
    from
        travel_members tm1_0 
    where
        tm1_0.travel_plan_id=? 
        and tm1_0.user_id=? 
    fetch
        first ? rows only
Hibernate: 
    select
        u1_0.id,
        u1_0.deleted_at,
        u1_0.email,
        u1_0.password,
        u1_0.tendency,
        u1_0.username 
    from
        users u1_0 
    where
        u1_0.id=? 
        and (
            u1_0.deleted_at IS NULL
        )
Hibernate: 
    select
        u1_0.id,
        u1_0.deleted_at,
        u1_0.email,
        u1_0.password,
        u1_0.tendency,
        u1_0.username 
    from
        users u1_0 
    where
        u1_0.id=? 
        and (
            u1_0.deleted_at IS NULL
        )
Hibernate: 
    select
        distinct pd1_0.id,
        pd1_0.date,
        pd1_0.day_number,
        r1_0.plan_day_id,
        r1_0.id,
        r1_0.departure_time,
        r1_0.distance_km,
        r1_0.duration_minutes,
        r1_0.estimated_cost,
        r1_0.from_location_id,
        fl1_0.id,
        fl1_0.address,
        fl1_0.cached_at,
        fl1_0.description,
        fl1_0.external_id,
        fl1_0.is_open_now,
        fl1_0.lat,
        fl1_0.lng,
        fl1_0.name,
        fl1_0.rating,
        fl1_0.review_count,
        fl1_0.source,
        fl1_0.type,
        r1_0.note,
        r1_0.sequence,
        r1_0.to_location_id,
        tl1_0.id,
        tl1_0.address,
        tl1_0.cached_at,
        tl1_0.description,
        tl1_0.external_id,
        tl1_0.is_open_now,
        tl1_0.lat,
        tl1_0.lng,
        tl1_0.name,
        tl1_0.rating,
        tl1_0.review_count,
        tl1_0.source,
        tl1_0.type,
        r1_0.transport,
        pd1_0.travel_plan_id 
    from
        plan_days pd1_0 
    left join
        plan_routes r1_0 
            on pd1_0.id=r1_0.plan_day_id 
    left join
        locations fl1_0 
            on fl1_0.id=r1_0.from_location_id 
    left join
        locations tl1_0 
            on tl1_0.id=r1_0.to_location_id 
    where
        pd1_0.travel_plan_id=? 
    order by
        pd1_0.day_number,
        r1_0.sequence
Hibernate: 
    select
        tm1_0.id 
    from
        travel_members tm1_0 
    where
        tm1_0.travel_plan_id=? 
        and tm1_0.user_id=? 
    fetch
        first ? rows only
Hibernate: 
    select
        tp1_0.id,
        tp1_0.arrival_at_dest_time,
        tp1_0.budget_total,
        tp1_0.country_code,
        tp1_0.departure_flight_time,
        tp1_0.end_date,
        tp1_0.end_location,
        tp1_0.is_ai_generated,
        tp1_0.keywords,
        tp1_0.member_count,
        tp1_0.owner_id,
        tp1_0.return_flight_time,
        tp1_0.start_date,
        tp1_0.start_location,
        tp1_0.status,
        tp1_0.theme,
        tp1_0.title,
        tp1_0.with_car 
    from
        travel_plans tp1_0 
    where
        tp1_0.id=?
Hibernate: 
    select
        a1_0.id,
        a1_0.check_in,
        a1_0.check_out,
        a1_0.hotel_name,
        a1_0.price_per_night_krw,
        a1_0.travel_plan_id 
    from
        accommodations a1_0 
    where
        a1_0.travel_plan_id=?
Hibernate: 
    select
        u1_0.id,
        u1_0.deleted_at,
        u1_0.email,
        u1_0.password,
        u1_0.tendency,
        u1_0.username 
    from
        users u1_0 
    where
        u1_0.id=? 
        and (
            u1_0.deleted_at IS NULL
        )
Hibernate: 
    select
        tm1_0.id 
    from
        travel_members tm1_0 
    where
        tm1_0.travel_plan_id=? 
        and tm1_0.user_id=? 
    fetch
        first ? rows only
Hibernate: 
    select
        distinct pd1_0.id,
        pd1_0.date,
        pd1_0.day_number,
        r1_0.plan_day_id,
        r1_0.id,
        r1_0.departure_time,
        r1_0.distance_km,
        r1_0.duration_minutes,
        r1_0.estimated_cost,
        r1_0.from_location_id,
        fl1_0.id,
        fl1_0.address,
        fl1_0.cached_at,
        fl1_0.description,
        fl1_0.external_id,
        fl1_0.is_open_now,
        fl1_0.lat,
        fl1_0.lng,
        fl1_0.name,
        fl1_0.rating,
        fl1_0.review_count,
        fl1_0.source,
        fl1_0.type,
        r1_0.note,
        r1_0.sequence,
        r1_0.to_location_id,
        tl1_0.id,
        tl1_0.address,
        tl1_0.cached_at,
        tl1_0.description,
        tl1_0.external_id,
        tl1_0.is_open_now,
        tl1_0.lat,
        tl1_0.lng,
        tl1_0.name,
        tl1_0.rating,
        tl1_0.review_count,
        tl1_0.source,
        tl1_0.type,
        r1_0.transport,
        pd1_0.travel_plan_id 
    from
        plan_days pd1_0 
    left join
        plan_routes r1_0 
            on pd1_0.id=r1_0.plan_day_id 
    left join
        locations fl1_0 
            on fl1_0.id=r1_0.from_location_id 
    left join
        locations tl1_0 
            on tl1_0.id=r1_0.to_location_id 
    where
        pd1_0.travel_plan_id=? 
    order by
        pd1_0.day_number,
        r1_0.sequence
Hibernate: 
    select
        tp1_0.id,
        tp1_0.arrival_at_dest_time,
        tp1_0.budget_total,
        tp1_0.country_code,
        tp1_0.departure_flight_time,
        tp1_0.end_date,
        tp1_0.end_location,
        tp1_0.is_ai_generated,
        tp1_0.keywords,
        tp1_0.member_count,
        tp1_0.owner_id,
        tp1_0.return_flight_time,
        tp1_0.start_date,
        tp1_0.start_location,
        tp1_0.status,
        tp1_0.theme,
        tp1_0.title,
        tp1_0.with_car 
    from
        travel_plans tp1_0 
    where
        tp1_0.id=?
Hibernate: 
    select
        cr1_0.id,
        cr1_0.car_type,
        cr1_0.daily_rate_krw,
        cr1_0.estimated_fuel_krw,
        cr1_0.estimated_toll_krw,
        cr1_0.rental_days,
        cr1_0.travel_plan_id 
    from
        car_rentals cr1_0 
    where
        cr1_0.travel_plan_id=?
Hibernate: 
    select
        a1_0.id,
        a1_0.check_in,
        a1_0.check_out,
        a1_0.hotel_name,
        a1_0.price_per_night_krw,
        a1_0.travel_plan_id 
    from
        accommodations a1_0 
    where
        a1_0.travel_plan_id=?
Hibernate: 
    select
        u1_0.id,
        u1_0.deleted_at,
        u1_0.email,
        u1_0.password,
        u1_0.tendency,
        u1_0.username 
    from
        users u1_0 
    where
        u1_0.id=? 
        and (
            u1_0.deleted_at IS NULL
        )
Hibernate: 
    select
        tm1_0.id 
    from
        travel_members tm1_0 
    where
        tm1_0.travel_plan_id=? 
        and tm1_0.user_id=? 
    fetch
        first ? rows only
Hibernate: 
    select
        cr1_0.id,
        cr1_0.car_type,
        cr1_0.daily_rate_krw,
        cr1_0.estimated_fuel_krw,
        cr1_0.estimated_toll_krw,
        cr1_0.rental_days,
        cr1_0.travel_plan_id 
    from
        car_rentals cr1_0 
    where
        cr1_0.travel_plan_id=?
Hibernate: 
    select
        u1_0.id,
        u1_0.deleted_at,
        u1_0.email,
        u1_0.password,
        u1_0.tendency,
        u1_0.username 
    from
        users u1_0 
    where
        u1_0.id=? 
        and (
            u1_0.deleted_at IS NULL
        )
Hibernate: 
    select
        u1_0.id,
        u1_0.deleted_at,
        u1_0.email,
        u1_0.password,
        u1_0.tendency,
        u1_0.username 
    from
        users u1_0 
    where
        u1_0.id=? 
        and (
            u1_0.deleted_at IS NULL
        )
Hibernate: 
    select
        u1_0.id,
        u1_0.deleted_at,
        u1_0.email,
        u1_0.password,
        u1_0.tendency,
        u1_0.username 
    from
        users u1_0 
    where
        u1_0.id=? 
        and (
            u1_0.deleted_at IS NULL
        )
Hibernate: 
    select
        u1_0.id,
        u1_0.deleted_at,
        u1_0.email,
        u1_0.password,
        u1_0.tendency,
        u1_0.username 
    from
        users u1_0 
    where
        u1_0.id=? 
        and (
            u1_0.deleted_at IS NULL
        )
Hibernate: 
    select
        u1_0.id,
        u1_0.deleted_at,
        u1_0.email,
        u1_0.password,
        u1_0.tendency,
        u1_0.username 
    from
        users u1_0 
    where
        u1_0.id=? 
        and (
            u1_0.deleted_at IS NULL
        )
Hibernate: 
    select
        tp1_0.id,
        tp1_0.arrival_at_dest_time,
        tp1_0.budget_total,
        tp1_0.country_code,
        tp1_0.departure_flight_time,
        tp1_0.end_date,
        tp1_0.end_location,
        tp1_0.is_ai_generated,
        tp1_0.keywords,
        tp1_0.member_count,
        tp1_0.owner_id,
        tp1_0.return_flight_time,
        tp1_0.start_date,
        tp1_0.start_location,
        tp1_0.status,
        tp1_0.theme,
        tp1_0.title,
        tp1_0.with_car 
    from
        travel_plans tp1_0 
    where
        tp1_0.id=?
Hibernate: 
    select
        tp1_0.id,
        tp1_0.arrival_at_dest_time,
        tp1_0.budget_total,
        tp1_0.country_code,
        tp1_0.departure_flight_time,
        tp1_0.end_date,
        tp1_0.end_location,
        tp1_0.is_ai_generated,
        tp1_0.keywords,
        tp1_0.member_count,
        tp1_0.owner_id,
        tp1_0.return_flight_time,
        tp1_0.start_date,
        tp1_0.start_location,
        tp1_0.status,
        tp1_0.theme,
        tp1_0.title,
        tp1_0.with_car 
    from
        travel_plans tp1_0 
    where
        tp1_0.id=?
Hibernate: 
    select
        tp1_0.id,
        tp1_0.arrival_at_dest_time,
        tp1_0.budget_total,
        tp1_0.country_code,
        tp1_0.departure_flight_time,
        tp1_0.end_date,
        tp1_0.end_location,
        tp1_0.is_ai_generated,
        tp1_0.keywords,
        tp1_0.member_count,
        tp1_0.owner_id,
        tp1_0.return_flight_time,
        tp1_0.start_date,
        tp1_0.start_location,
        tp1_0.status,
        tp1_0.theme,
        tp1_0.title,
        tp1_0.with_car 
    from
        travel_plans tp1_0 
    where
        tp1_0.id=?
Hibernate: 
    select
        tp1_0.id,
        tp1_0.arrival_at_dest_time,
        tp1_0.budget_total,
        tp1_0.country_code,
        tp1_0.departure_flight_time,
        tp1_0.end_date,
        tp1_0.end_location,
        tp1_0.is_ai_generated,
        tp1_0.keywords,
        tp1_0.member_count,
        tp1_0.owner_id,
        tp1_0.return_flight_time,
        tp1_0.start_date,
        tp1_0.start_location,
        tp1_0.status,
        tp1_0.theme,
        tp1_0.title,
        tp1_0.with_car 
    from
        travel_plans tp1_0 
    where
        tp1_0.id=?
Hibernate: 
    select
        tp1_0.id,
        tp1_0.arrival_at_dest_time,
        tp1_0.budget_total,
        tp1_0.country_code,
        tp1_0.departure_flight_time,
        tp1_0.end_date,
        tp1_0.end_location,
        tp1_0.is_ai_generated,
        tp1_0.keywords,
        tp1_0.member_count,
        tp1_0.owner_id,
        tp1_0.return_flight_time,
        tp1_0.start_date,
        tp1_0.start_location,
        tp1_0.status,
        tp1_0.theme,
        tp1_0.title,
        tp1_0.with_car 
    from
        travel_plans tp1_0 
    where
        tp1_0.id=?
Hibernate: 
    select
        u1_0.id,
        u1_0.deleted_at,
        u1_0.email,
        u1_0.password,
        u1_0.tendency,
        u1_0.username 
    from
        users u1_0 
    where
        u1_0.id=? 
        and (
            u1_0.deleted_at IS NULL
        )
Hibernate: 
    select
        u1_0.id,
        u1_0.deleted_at,
        u1_0.email,
        u1_0.password,
        u1_0.tendency,
        u1_0.username 
    from
        users u1_0 
    where
        u1_0.id=? 
        and (
            u1_0.deleted_at IS NULL
        )
Hibernate: 
    select
        u1_0.id,
        u1_0.deleted_at,
        u1_0.email,
        u1_0.password,
        u1_0.tendency,
        u1_0.username 
    from
        users u1_0 
    where
        u1_0.id=? 
        and (
            u1_0.deleted_at IS NULL
        )
Hibernate: 
    select
        u1_0.id,
        u1_0.deleted_at,
        u1_0.email,
        u1_0.password,
        u1_0.tendency,
        u1_0.username 
    from
        users u1_0 
    where
        u1_0.id=? 
        and (
            u1_0.deleted_at IS NULL
        )
Hibernate: 
    select
        u1_0.id,
        u1_0.deleted_at,
        u1_0.email,
        u1_0.password,
        u1_0.tendency,
        u1_0.username 
    from
        users u1_0 
    where
        u1_0.id=? 
        and (
            u1_0.deleted_at IS NULL
        )
Hibernate: 
    select
        tm1_0.id 
    from
        travel_members tm1_0 
    where
        tm1_0.travel_plan_id=? 
        and tm1_0.user_id=? 
    fetch
        first ? rows only
Hibernate: 
    select
        tm1_0.id 
    from
        travel_members tm1_0 
    where
        tm1_0.travel_plan_id=? 
        and tm1_0.user_id=? 
    fetch
        first ? rows only
Hibernate: 
    select
        a1_0.id,
        a1_0.check_in,
        a1_0.check_out,
        a1_0.hotel_name,
        a1_0.price_per_night_krw,
        a1_0.travel_plan_id 
    from
        accommodations a1_0 
    where
        a1_0.travel_plan_id=?
Hibernate: 
    select
        tm1_0.id 
    from
        travel_members tm1_0 
    where
        tm1_0.travel_plan_id=? 
        and tm1_0.user_id=? 
    fetch
        first ? rows only
Hibernate: 
    select
        tm1_0.id 
    from
        travel_members tm1_0 
    where
        tm1_0.travel_plan_id=? 
        and tm1_0.user_id=? 
    fetch
        first ? rows only
Hibernate: 
    select
        tm1_0.id 
    from
        travel_members tm1_0 
    where
        tm1_0.travel_plan_id=? 
        and tm1_0.user_id=? 
    fetch
        first ? rows only
Hibernate: 
    select
        distinct pd1_0.id,
        pd1_0.date,
        pd1_0.day_number,
        r1_0.plan_day_id,
        r1_0.id,
        r1_0.departure_time,
        r1_0.distance_km,
        r1_0.duration_minutes,
        r1_0.estimated_cost,
        r1_0.from_location_id,
        fl1_0.id,
        fl1_0.address,
        fl1_0.cached_at,
        fl1_0.description,
        fl1_0.external_id,
        fl1_0.is_open_now,
        fl1_0.lat,
        fl1_0.lng,
        fl1_0.name,
        fl1_0.rating,
        fl1_0.review_count,
        fl1_0.source,
        fl1_0.type,
        r1_0.note,
        r1_0.sequence,
        r1_0.to_location_id,
        tl1_0.id,
        tl1_0.address,
        tl1_0.cached_at,
        tl1_0.description,
        tl1_0.external_id,
        tl1_0.is_open_now,
        tl1_0.lat,
        tl1_0.lng,
        tl1_0.name,
        tl1_0.rating,
        tl1_0.review_count,
        tl1_0.source,
        tl1_0.type,
        r1_0.transport,
        pd1_0.travel_plan_id 
    from
        plan_days pd1_0 
    left join
        plan_routes r1_0 
            on pd1_0.id=r1_0.plan_day_id 
    left join
        locations fl1_0 
            on fl1_0.id=r1_0.from_location_id 
    left join
        locations tl1_0 
            on tl1_0.id=r1_0.to_location_id 
    where
        pd1_0.travel_plan_id=? 
    order by
        pd1_0.day_number,
        r1_0.sequence
Hibernate: 
    select
        distinct pd1_0.id,
        pd1_0.date,
        pd1_0.day_number,
        r1_0.plan_day_id,
        r1_0.id,
        r1_0.departure_time,
        r1_0.distance_km,
        r1_0.duration_minutes,
        r1_0.estimated_cost,
        r1_0.from_location_id,
        fl1_0.id,
        fl1_0.address,
        fl1_0.cached_at,
        fl1_0.description,
        fl1_0.external_id,
        fl1_0.is_open_now,
        fl1_0.lat,
        fl1_0.lng,
        fl1_0.name,
        fl1_0.rating,
        fl1_0.review_count,
        fl1_0.source,
        fl1_0.type,
        r1_0.note,
        r1_0.sequence,
        r1_0.to_location_id,
        tl1_0.id,
        tl1_0.address,
        tl1_0.cached_at,
        tl1_0.description,
        tl1_0.external_id,
        tl1_0.is_open_now,
        tl1_0.lat,
        tl1_0.lng,
        tl1_0.name,
        tl1_0.rating,
        tl1_0.review_count,
        tl1_0.source,
        tl1_0.type,
        r1_0.transport,
        pd1_0.travel_plan_id 
    from
        plan_days pd1_0 
    left join
        plan_routes r1_0 
            on pd1_0.id=r1_0.plan_day_id 
    left join
        locations fl1_0 
            on fl1_0.id=r1_0.from_location_id 
    left join
        locations tl1_0 
            on tl1_0.id=r1_0.to_location_id 
    where
        pd1_0.travel_plan_id=? 
    order by
        pd1_0.day_number,
        r1_0.sequence
Hibernate: 
    select
        cr1_0.id,
        cr1_0.car_type,
        cr1_0.daily_rate_krw,
        cr1_0.estimated_fuel_krw,
        cr1_0.estimated_toll_krw,
        cr1_0.rental_days,
        cr1_0.travel_plan_id 
    from
        car_rentals cr1_0 
    where
        cr1_0.travel_plan_id=?
Hibernate: 
    select
        cr1_0.id,
        cr1_0.car_type,
        cr1_0.daily_rate_krw,
        cr1_0.estimated_fuel_krw,
        cr1_0.estimated_toll_krw,
        cr1_0.rental_days,
        cr1_0.travel_plan_id 
    from
        car_rentals cr1_0 
    where
        cr1_0.travel_plan_id=?
Hibernate: 
    select
        a1_0.id,
        a1_0.check_in,
        a1_0.check_out,
        a1_0.hotel_name,
        a1_0.price_per_night_krw,
        a1_0.travel_plan_id 
    from
        accommodations a1_0 
    where
        a1_0.travel_plan_id=?
Hibernate: 
    select
        u1_0.id,
        u1_0.deleted_at,
        u1_0.email,
        u1_0.password,
        u1_0.tendency,
        u1_0.username 
    from
        users u1_0 
    where
        u1_0.id=? 
        and (
            u1_0.deleted_at IS NULL
        )
Hibernate: 
    select
        tp1_0.id,
        tp1_0.arrival_at_dest_time,
        tp1_0.budget_total,
        tp1_0.country_code,
        tp1_0.departure_flight_time,
        tp1_0.end_date,
        tp1_0.end_location,
        tp1_0.is_ai_generated,
        tp1_0.keywords,
        tp1_0.member_count,
        tp1_0.owner_id,
        tp1_0.return_flight_time,
        tp1_0.start_date,
        tp1_0.start_location,
        tp1_0.status,
        tp1_0.theme,
        tp1_0.title,
        tp1_0.with_car 
    from
        travel_plans tp1_0 
    where
        tp1_0.id=?
Hibernate: 
    select
        u1_0.id,
        u1_0.deleted_at,
        u1_0.email,
        u1_0.password,
        u1_0.tendency,
        u1_0.username 
    from
        users u1_0 
    where
        u1_0.id=? 
        and (
            u1_0.deleted_at IS NULL
        )
Hibernate: 
    select
        tm1_0.id 
    from
        travel_members tm1_0 
    where
        tm1_0.travel_plan_id=? 
        and tm1_0.user_id=? 
    fetch
        first ? rows only
Hibernate: 
    select
        u1_0.id,
        u1_0.deleted_at,
        u1_0.email,
        u1_0.password,
        u1_0.tendency,
        u1_0.username 
    from
        users u1_0 
    where
        u1_0.id=? 
        and (
            u1_0.deleted_at IS NULL
        )
Hibernate: 
    select
        tp1_0.id,
        tp1_0.arrival_at_dest_time,
        tp1_0.budget_total,
        tp1_0.country_code,
        tp1_0.departure_flight_time,
        tp1_0.end_date,
        tp1_0.end_location,
        tp1_0.is_ai_generated,
        tp1_0.keywords,
        tp1_0.member_count,
        tp1_0.owner_id,
        tp1_0.return_flight_time,
        tp1_0.start_date,
        tp1_0.start_location,
        tp1_0.status,
        tp1_0.theme,
        tp1_0.title,
        tp1_0.with_car 
    from
        travel_plans tp1_0 
    where
        tp1_0.id=?
Hibernate: 
    select
        u1_0.id,
        u1_0.deleted_at,
        u1_0.email,
        u1_0.password,
        u1_0.tendency,
        u1_0.username 
    from
        users u1_0 
    where
        u1_0.id=? 
        and (
            u1_0.deleted_at IS NULL
        )
Hibernate: 
    select
        tm1_0.id 
    from
        travel_members tm1_0 
    where
        tm1_0.travel_plan_id=? 
        and tm1_0.user_id=? 
    fetch
        first ? rows only
Hibernate: 
    select
        a1_0.id,
        a1_0.check_in,
        a1_0.check_out,
        a1_0.hotel_name,
        a1_0.price_per_night_krw,
        a1_0.travel_plan_id 
    from
        accommodations a1_0 
    where
        a1_0.travel_plan_id=?
Hibernate: 
    select
        u1_0.id,
        u1_0.deleted_at,
        u1_0.email,
        u1_0.password,
        u1_0.tendency,
        u1_0.username 
    from
        users u1_0 
    where
        u1_0.id=? 
        and (
            u1_0.deleted_at IS NULL
        )
Hibernate: 
    select
        tp1_0.id,
        tp1_0.arrival_at_dest_time,
        tp1_0.budget_total,
        tp1_0.country_code,
        tp1_0.departure_flight_time,
        tp1_0.end_date,
        tp1_0.end_location,
        tp1_0.is_ai_generated,
        tp1_0.keywords,
        tp1_0.member_count,
        tp1_0.owner_id,
        tp1_0.return_flight_time,
        tp1_0.start_date,
        tp1_0.start_location,
        tp1_0.status,
        tp1_0.theme,
        tp1_0.title,
        tp1_0.with_car 
    from
        travel_plans tp1_0 
    where
        tp1_0.id=?
Hibernate: 
    select
        u1_0.id,
        u1_0.deleted_at,
        u1_0.email,
        u1_0.password,
        u1_0.tendency,
        u1_0.username 
    from
        users u1_0 
    where
        u1_0.id=? 
        and (
            u1_0.deleted_at IS NULL
        )
Hibernate: 
    select
        u1_0.id,
        u1_0.deleted_at,
        u1_0.email,
        u1_0.password,
        u1_0.tendency,
        u1_0.username 
    from
        users u1_0 
    where
        u1_0.id=? 
        and (
            u1_0.deleted_at IS NULL
        )
Hibernate: 
    select
        tm1_0.id 
    from
        travel_members tm1_0 
    where
        tm1_0.travel_plan_id=? 
        and tm1_0.user_id=? 
    fetch
        first ? rows only
Hibernate: 
    select
        tp1_0.id,
        tp1_0.arrival_at_dest_time,
        tp1_0.budget_total,
        tp1_0.country_code,
        tp1_0.departure_flight_time,
        tp1_0.end_date,
        tp1_0.end_location,
        tp1_0.is_ai_generated,
        tp1_0.keywords,
        tp1_0.member_count,
        tp1_0.owner_id,
        tp1_0.return_flight_time,
        tp1_0.start_date,
        tp1_0.start_location,
        tp1_0.status,
        tp1_0.theme,
        tp1_0.title,
        tp1_0.with_car 
    from
        travel_plans tp1_0 
    where
        tp1_0.id=?
Hibernate: 
    select
        cr1_0.id,
        cr1_0.car_type,
        cr1_0.daily_rate_krw,
        cr1_0.estimated_fuel_krw,
        cr1_0.estimated_toll_krw,
        cr1_0.rental_days,
        cr1_0.travel_plan_id 
    from
        car_rentals cr1_0 
    where
        cr1_0.travel_plan_id=?
Hibernate: 
    select
        u1_0.id,
        u1_0.deleted_at,
        u1_0.email,
        u1_0.password,
        u1_0.tendency,
        u1_0.username 
    from
        users u1_0 
    where
        u1_0.id=? 
        and (
            u1_0.deleted_at IS NULL
        )
Hibernate: 
    select
        tm1_0.id 
    from
        travel_members tm1_0 
    where
        tm1_0.travel_plan_id=? 
        and tm1_0.user_id=? 
    fetch
        first ? rows only
Hibernate: 
    select
        distinct pd1_0.id,
        pd1_0.date,
        pd1_0.day_number,
        r1_0.plan_day_id,
        r1_0.id,
        r1_0.departure_time,
        r1_0.distance_km,
        r1_0.duration_minutes,
        r1_0.estimated_cost,
        r1_0.from_location_id,
        fl1_0.id,
        fl1_0.address,
        fl1_0.cached_at,
        fl1_0.description,
        fl1_0.external_id,
        fl1_0.is_open_now,
        fl1_0.lat,
        fl1_0.lng,
        fl1_0.name,
        fl1_0.rating,
        fl1_0.review_count,
        fl1_0.source,
        fl1_0.type,
        r1_0.note,
        r1_0.sequence,
        r1_0.to_location_id,
        tl1_0.id,
        tl1_0.address,
        tl1_0.cached_at,
        tl1_0.description,
        tl1_0.external_id,
        tl1_0.is_open_now,
        tl1_0.lat,
        tl1_0.lng,
        tl1_0.name,
        tl1_0.rating,
        tl1_0.review_count,
        tl1_0.source,
        tl1_0.type,
        r1_0.transport,
        pd1_0.travel_plan_id 
    from
        plan_days pd1_0 
    left join
        plan_routes r1_0 
            on pd1_0.id=r1_0.plan_day_id 
    left join
        locations fl1_0 
            on fl1_0.id=r1_0.from_location_id 
    left join
        locations tl1_0 
            on tl1_0.id=r1_0.to_location_id 
    where
        pd1_0.travel_plan_id=? 
    order by
        pd1_0.day_number,
        r1_0.sequence
Hibernate: 
    select
        u1_0.id,
        u1_0.deleted_at,
        u1_0.email,
        u1_0.password,
        u1_0.tendency,
        u1_0.username 
    from
        users u1_0 
    where
        u1_0.id=? 
        and (
            u1_0.deleted_at IS NULL
        )
Hibernate: 
    select
        tp1_0.id,
        tp1_0.arrival_at_dest_time,
        tp1_0.budget_total,
        tp1_0.country_code,
        tp1_0.departure_flight_time,
        tp1_0.end_date,
        tp1_0.end_location,
        tp1_0.is_ai_generated,
        tp1_0.keywords,
        tp1_0.member_count,
        tp1_0.owner_id,
        tp1_0.return_flight_time,
        tp1_0.start_date,
        tp1_0.start_location,
        tp1_0.status,
        tp1_0.theme,
        tp1_0.title,
        tp1_0.with_car 
    from
        travel_plans tp1_0 
    where
        tp1_0.id=?
Hibernate: 
    select
        u1_0.id,
        u1_0.deleted_at,
        u1_0.email,
        u1_0.password,
        u1_0.tendency,
        u1_0.username 
    from
        users u1_0 
    where
        u1_0.id=? 
        and (
            u1_0.deleted_at IS NULL
        )
Hibernate: 
    select
        cr1_0.id,
        cr1_0.car_type,
        cr1_0.daily_rate_krw,
        cr1_0.estimated_fuel_krw,
        cr1_0.estimated_toll_krw,
        cr1_0.rental_days,
        cr1_0.travel_plan_id 
    from
        car_rentals cr1_0 
    where
        cr1_0.travel_plan_id=?
Hibernate: 
    select
        tm1_0.id 
    from
        travel_members tm1_0 
    where
        tm1_0.travel_plan_id=? 
        and tm1_0.user_id=? 
    fetch
        first ? rows only
Hibernate: 
    select
        a1_0.id,
        a1_0.check_in,
        a1_0.check_out,
        a1_0.hotel_name,
        a1_0.price_per_night_krw,
        a1_0.travel_plan_id 
    from
        accommodations a1_0 
    where
        a1_0.travel_plan_id=?
Hibernate: 
    select
        distinct pd1_0.id,
        pd1_0.date,
        pd1_0.day_number,
        r1_0.plan_day_id,
        r1_0.id,
        r1_0.departure_time,
        r1_0.distance_km,
        r1_0.duration_minutes,
        r1_0.estimated_cost,
        r1_0.from_location_id,
        fl1_0.id,
        fl1_0.address,
        fl1_0.cached_at,
        fl1_0.description,
        fl1_0.external_id,
        fl1_0.is_open_now,
        fl1_0.lat,
        fl1_0.lng,
        fl1_0.name,
        fl1_0.rating,
        fl1_0.review_count,
        fl1_0.source,
        fl1_0.type,
        r1_0.note,
        r1_0.sequence,
        r1_0.to_location_id,
        tl1_0.id,
        tl1_0.address,
        tl1_0.cached_at,
        tl1_0.description,
        tl1_0.external_id,
        tl1_0.is_open_now,
        tl1_0.lat,
        tl1_0.lng,
        tl1_0.name,
        tl1_0.rating,
        tl1_0.review_count,
        tl1_0.source,
        tl1_0.type,
        r1_0.transport,
        pd1_0.travel_plan_id 
    from
        plan_days pd1_0 
    left join
        plan_routes r1_0 
            on pd1_0.id=r1_0.plan_day_id 
    left join
        locations fl1_0 
            on fl1_0.id=r1_0.from_location_id 
    left join
        locations tl1_0 
            on tl1_0.id=r1_0.to_location_id 
    where
        pd1_0.travel_plan_id=? 
    order by
        pd1_0.day_number,
        r1_0.sequence
2026-05-22T11:48:51.087+09:00  WARN 45894 --- [dagalle] [l-1:housekeeper] com.zaxxer.hikari.pool.HikariPool        : HikariPool-1 - Thread starvation or clock leap detected (housekeeper delta=2m52s636ms).
Hibernate: 
    select
        u1_0.id,
        u1_0.deleted_at,
        u1_0.email,
        u1_0.password,
        u1_0.tendency,
        u1_0.username 
    from
        users u1_0 
    where
        u1_0.id=? 
        and (
            u1_0.deleted_at IS NULL
        )
Hibernate: 
    select
        u1_0.id,
        u1_0.deleted_at,
        u1_0.email,
        u1_0.password,
        u1_0.tendency,
        u1_0.username 
    from
        users u1_0 
    where
        u1_0.id=? 
        and (
            u1_0.deleted_at IS NULL
        )
Hibernate: 
    select
        u1_0.id,
        u1_0.deleted_at,
        u1_0.email,
        u1_0.password,
        u1_0.tendency,
        u1_0.username 
    from
        users u1_0 
    where
        u1_0.id=? 
        and (
            u1_0.deleted_at IS NULL
        )
Hibernate: 
    select
        u1_0.id,
        u1_0.deleted_at,
        u1_0.email,
        u1_0.password,
        u1_0.tendency,
        u1_0.username 
    from
        users u1_0 
    where
        u1_0.id=? 
        and (
            u1_0.deleted_at IS NULL
        )
Hibernate: 
    select
        u1_0.id,
        u1_0.deleted_at,
        u1_0.email,
        u1_0.password,
        u1_0.tendency,
        u1_0.username 
    from
        users u1_0 
    where
        u1_0.id=? 
        and (
            u1_0.deleted_at IS NULL
        )
Hibernate: 
    select
        tp1_0.id,
        tp1_0.arrival_at_dest_time,
        tp1_0.budget_total,
        tp1_0.country_code,
        tp1_0.departure_flight_time,
        tp1_0.end_date,
        tp1_0.end_location,
        tp1_0.is_ai_generated,
        tp1_0.keywords,
        tp1_0.member_count,
        tp1_0.owner_id,
        tp1_0.return_flight_time,
        tp1_0.start_date,
        tp1_0.start_location,
        tp1_0.status,
        tp1_0.theme,
        tp1_0.title,
        tp1_0.with_car 
    from
        travel_plans tp1_0 
    where
        tp1_0.id=?
Hibernate: 
    select
        tp1_0.id,
        tp1_0.arrival_at_dest_time,
        tp1_0.budget_total,
        tp1_0.country_code,
        tp1_0.departure_flight_time,
        tp1_0.end_date,
        tp1_0.end_location,
        tp1_0.is_ai_generated,
        tp1_0.keywords,
        tp1_0.member_count,
        tp1_0.owner_id,
        tp1_0.return_flight_time,
        tp1_0.start_date,
        tp1_0.start_location,
        tp1_0.status,
        tp1_0.theme,
        tp1_0.title,
        tp1_0.with_car 
    from
        travel_plans tp1_0 
    where
        tp1_0.id=?
Hibernate: 
    select
        tp1_0.id,
        tp1_0.arrival_at_dest_time,
        tp1_0.budget_total,
        tp1_0.country_code,
        tp1_0.departure_flight_time,
        tp1_0.end_date,
        tp1_0.end_location,
        tp1_0.is_ai_generated,
        tp1_0.keywords,
        tp1_0.member_count,
        tp1_0.owner_id,
        tp1_0.return_flight_time,
        tp1_0.start_date,
        tp1_0.start_location,
        tp1_0.status,
        tp1_0.theme,
        tp1_0.title,
        tp1_0.with_car 
    from
        travel_plans tp1_0 
    where
        tp1_0.id=?
Hibernate: 
    select
        tp1_0.id,
        tp1_0.arrival_at_dest_time,
        tp1_0.budget_total,
        tp1_0.country_code,
        tp1_0.departure_flight_time,
        tp1_0.end_date,
        tp1_0.end_location,
        tp1_0.is_ai_generated,
        tp1_0.keywords,
        tp1_0.member_count,
        tp1_0.owner_id,
        tp1_0.return_flight_time,
        tp1_0.start_date,
        tp1_0.start_location,
        tp1_0.status,
        tp1_0.theme,
        tp1_0.title,
        tp1_0.with_car 
    from
        travel_plans tp1_0 
    where
        tp1_0.id=?
Hibernate: 
    select
        tp1_0.id,
        tp1_0.arrival_at_dest_time,
        tp1_0.budget_total,
        tp1_0.country_code,
        tp1_0.departure_flight_time,
        tp1_0.end_date,
        tp1_0.end_location,
        tp1_0.is_ai_generated,
        tp1_0.keywords,
        tp1_0.member_count,
        tp1_0.owner_id,
        tp1_0.return_flight_time,
        tp1_0.start_date,
        tp1_0.start_location,
        tp1_0.status,
        tp1_0.theme,
        tp1_0.title,
        tp1_0.with_car 
    from
        travel_plans tp1_0 
    where
        tp1_0.id=?
Hibernate: 
    select
        u1_0.id,
        u1_0.deleted_at,
        u1_0.email,
        u1_0.password,
        u1_0.tendency,
        u1_0.username 
    from
        users u1_0 
    where
        u1_0.id=? 
        and (
            u1_0.deleted_at IS NULL
        )
Hibernate: 
    select
        u1_0.id,
        u1_0.deleted_at,
        u1_0.email,
        u1_0.password,
        u1_0.tendency,
        u1_0.username 
    from
        users u1_0 
    where
        u1_0.id=? 
        and (
            u1_0.deleted_at IS NULL
        )
Hibernate: 
    select
        u1_0.id,
        u1_0.deleted_at,
        u1_0.email,
        u1_0.password,
        u1_0.tendency,
        u1_0.username 
    from
        users u1_0 
    where
        u1_0.id=? 
        and (
            u1_0.deleted_at IS NULL
        )
Hibernate: 
    select
        u1_0.id,
        u1_0.deleted_at,
        u1_0.email,
        u1_0.password,
        u1_0.tendency,
        u1_0.username 
    from
        users u1_0 
    where
        u1_0.id=? 
        and (
            u1_0.deleted_at IS NULL
        )
Hibernate: 
    select
        u1_0.id,
        u1_0.deleted_at,
        u1_0.email,
        u1_0.password,
        u1_0.tendency,
        u1_0.username 
    from
        users u1_0 
    where
        u1_0.id=? 
        and (
            u1_0.deleted_at IS NULL
        )
Hibernate: 
    select
        tm1_0.id 
    from
        travel_members tm1_0 
    where
        tm1_0.travel_plan_id=? 
        and tm1_0.user_id=? 
    fetch
        first ? rows only
Hibernate: 
    select
        tm1_0.id 
    from
        travel_members tm1_0 
    where
        tm1_0.travel_plan_id=? 
        and tm1_0.user_id=? 
    fetch
        first ? rows only
Hibernate: 
    select
        tm1_0.id 
    from
        travel_members tm1_0 
    where
        tm1_0.travel_plan_id=? 
        and tm1_0.user_id=? 
    fetch
        first ? rows only
Hibernate: 
    select
        tm1_0.id 
    from
        travel_members tm1_0 
    where
        tm1_0.travel_plan_id=? 
        and tm1_0.user_id=? 
    fetch
        first ? rows only
Hibernate: 
    select
        tm1_0.id 
    from
        travel_members tm1_0 
    where
        tm1_0.travel_plan_id=? 
        and tm1_0.user_id=? 
    fetch
        first ? rows only
Hibernate: 
    select
        cr1_0.id,
        cr1_0.car_type,
        cr1_0.daily_rate_krw,
        cr1_0.estimated_fuel_krw,
        cr1_0.estimated_toll_krw,
        cr1_0.rental_days,
        cr1_0.travel_plan_id 
    from
        car_rentals cr1_0 
    where
        cr1_0.travel_plan_id=?
Hibernate: 
    select
        a1_0.id,
        a1_0.check_in,
        a1_0.check_out,
        a1_0.hotel_name,
        a1_0.price_per_night_krw,
        a1_0.travel_plan_id 
    from
        accommodations a1_0 
    where
        a1_0.travel_plan_id=?
Hibernate: 
    select
        distinct pd1_0.id,
        pd1_0.date,
        pd1_0.day_number,
        r1_0.plan_day_id,
        r1_0.id,
        r1_0.departure_time,
        r1_0.distance_km,
        r1_0.duration_minutes,
        r1_0.estimated_cost,
        r1_0.from_location_id,
        fl1_0.id,
        fl1_0.address,
        fl1_0.cached_at,
        fl1_0.description,
        fl1_0.external_id,
        fl1_0.is_open_now,
        fl1_0.lat,
        fl1_0.lng,
        fl1_0.name,
        fl1_0.rating,
        fl1_0.review_count,
        fl1_0.source,
        fl1_0.type,
        r1_0.note,
        r1_0.sequence,
        r1_0.to_location_id,
        tl1_0.id,
        tl1_0.address,
        tl1_0.cached_at,
        tl1_0.description,
        tl1_0.external_id,
        tl1_0.is_open_now,
        tl1_0.lat,
        tl1_0.lng,
        tl1_0.name,
        tl1_0.rating,
        tl1_0.review_count,
        tl1_0.source,
        tl1_0.type,
        r1_0.transport,
        pd1_0.travel_plan_id 
    from
        plan_days pd1_0 
    left join
        plan_routes r1_0 
            on pd1_0.id=r1_0.plan_day_id 
    left join
        locations fl1_0 
            on fl1_0.id=r1_0.from_location_id 
    left join
        locations tl1_0 
            on tl1_0.id=r1_0.to_location_id 
    where
        pd1_0.travel_plan_id=? 
    order by
        pd1_0.day_number,
        r1_0.sequence
Hibernate: 
    select
        distinct pd1_0.id,
        pd1_0.date,
        pd1_0.day_number,
        r1_0.plan_day_id,
        r1_0.id,
        r1_0.departure_time,
        r1_0.distance_km,
        r1_0.duration_minutes,
        r1_0.estimated_cost,
        r1_0.from_location_id,
        fl1_0.id,
        fl1_0.address,
        fl1_0.cached_at,
        fl1_0.description,
        fl1_0.external_id,
        fl1_0.is_open_now,
        fl1_0.lat,
        fl1_0.lng,
        fl1_0.name,
        fl1_0.rating,
        fl1_0.review_count,
        fl1_0.source,
        fl1_0.type,
        r1_0.note,
        r1_0.sequence,
        r1_0.to_location_id,
        tl1_0.id,
        tl1_0.address,
        tl1_0.cached_at,
        tl1_0.description,
        tl1_0.external_id,
        tl1_0.is_open_now,
        tl1_0.lat,
        tl1_0.lng,
        tl1_0.name,
        tl1_0.rating,
        tl1_0.review_count,
        tl1_0.source,
        tl1_0.type,
        r1_0.transport,
        pd1_0.travel_plan_id 
    from
        plan_days pd1_0 
    left join
        plan_routes r1_0 
            on pd1_0.id=r1_0.plan_day_id 
    left join
        locations fl1_0 
            on fl1_0.id=r1_0.from_location_id 
    left join
        locations tl1_0 
            on tl1_0.id=r1_0.to_location_id 
    where
        pd1_0.travel_plan_id=? 
    order by
        pd1_0.day_number,
        r1_0.sequence
Hibernate: 
    select
        cr1_0.id,
        cr1_0.car_type,
        cr1_0.daily_rate_krw,
        cr1_0.estimated_fuel_krw,
        cr1_0.estimated_toll_krw,
        cr1_0.rental_days,
        cr1_0.travel_plan_id 
    from
        car_rentals cr1_0 
    where
        cr1_0.travel_plan_id=?
Hibernate: 
    select
        a1_0.id,
        a1_0.check_in,
        a1_0.check_out,
        a1_0.hotel_name,
        a1_0.price_per_night_krw,
        a1_0.travel_plan_id 
    from
        accommodations a1_0 
    where
        a1_0.travel_plan_id=?
Hibernate: 
    select
        u1_0.id,
        u1_0.deleted_at,
        u1_0.email,
        u1_0.password,
        u1_0.tendency,
        u1_0.username 
    from
        users u1_0 
    where
        u1_0.id=? 
        and (
            u1_0.deleted_at IS NULL
        )
Hibernate: 
    select
        u1_0.id,
        u1_0.deleted_at,
        u1_0.email,
        u1_0.password,
        u1_0.tendency,
        u1_0.username 
    from
        users u1_0 
    where
        u1_0.id=? 
        and (
            u1_0.deleted_at IS NULL
        )
Hibernate: 
    select
        u1_0.id,
        u1_0.deleted_at,
        u1_0.email,
        u1_0.password,
        u1_0.tendency,
        u1_0.username 
    from
        users u1_0 
    where
        u1_0.id=? 
        and (
            u1_0.deleted_at IS NULL
        )
Hibernate: 
    select
        tp1_0.id,
        tp1_0.arrival_at_dest_time,
        tp1_0.budget_total,
        tp1_0.country_code,
        tp1_0.departure_flight_time,
        tp1_0.end_date,
        tp1_0.end_location,
        tp1_0.is_ai_generated,
        tp1_0.keywords,
        tp1_0.member_count,
        tp1_0.owner_id,
        tp1_0.return_flight_time,
        tp1_0.start_date,
        tp1_0.start_location,
        tp1_0.status,
        tp1_0.theme,
        tp1_0.title,
        tp1_0.with_car 
    from
        travel_plans tp1_0 
    where
        tp1_0.id=?
Hibernate: 
    select
        tp1_0.id,
        tp1_0.arrival_at_dest_time,
        tp1_0.budget_total,
        tp1_0.country_code,
        tp1_0.departure_flight_time,
        tp1_0.end_date,
        tp1_0.end_location,
        tp1_0.is_ai_generated,
        tp1_0.keywords,
        tp1_0.member_count,
        tp1_0.owner_id,
        tp1_0.return_flight_time,
        tp1_0.start_date,
        tp1_0.start_location,
        tp1_0.status,
        tp1_0.theme,
        tp1_0.title,
        tp1_0.with_car 
    from
        travel_plans tp1_0 
    where
        tp1_0.id=?
Hibernate: 
    select
        u1_0.id,
        u1_0.deleted_at,
        u1_0.email,
        u1_0.password,
        u1_0.tendency,
        u1_0.username 
    from
        users u1_0 
    where
        u1_0.id=? 
        and (
            u1_0.deleted_at IS NULL
        )
Hibernate: 
    select
        tp1_0.id,
        tp1_0.arrival_at_dest_time,
        tp1_0.budget_total,
        tp1_0.country_code,
        tp1_0.departure_flight_time,
        tp1_0.end_date,
        tp1_0.end_location,
        tp1_0.is_ai_generated,
        tp1_0.keywords,
        tp1_0.member_count,
        tp1_0.owner_id,
        tp1_0.return_flight_time,
        tp1_0.start_date,
        tp1_0.start_location,
        tp1_0.status,
        tp1_0.theme,
        tp1_0.title,
        tp1_0.with_car 
    from
        travel_plans tp1_0 
    where
        tp1_0.id=?
Hibernate: 
    select
        u1_0.id,
        u1_0.deleted_at,
        u1_0.email,
        u1_0.password,
        u1_0.tendency,
        u1_0.username 
    from
        users u1_0 
    where
        u1_0.id=? 
        and (
            u1_0.deleted_at IS NULL
        )
Hibernate: 
    select
        tm1_0.id 
    from
        travel_members tm1_0 
    where
        tm1_0.travel_plan_id=? 
        and tm1_0.user_id=? 
    fetch
        first ? rows only
Hibernate: 
    select
        cr1_0.id,
        cr1_0.car_type,
        cr1_0.daily_rate_krw,
        cr1_0.estimated_fuel_krw,
        cr1_0.estimated_toll_krw,
        cr1_0.rental_days,
        cr1_0.travel_plan_id 
    from
        car_rentals cr1_0 
    where
        cr1_0.travel_plan_id=?
Hibernate: 
    select
        tm1_0.id 
    from
        travel_members tm1_0 
    where
        tm1_0.travel_plan_id=? 
        and tm1_0.user_id=? 
    fetch
        first ? rows only
Hibernate: 
    select
        u1_0.id,
        u1_0.deleted_at,
        u1_0.email,
        u1_0.password,
        u1_0.tendency,
        u1_0.username 
    from
        users u1_0 
    where
        u1_0.id=? 
        and (
            u1_0.deleted_at IS NULL
        )
Hibernate: 
    select
        tm1_0.id 
    from
        travel_members tm1_0 
    where
        tm1_0.travel_plan_id=? 
        and tm1_0.user_id=? 
    fetch
        first ? rows only
Hibernate: 
    select
        distinct pd1_0.id,
        pd1_0.date,
        pd1_0.day_number,
        r1_0.plan_day_id,
        r1_0.id,
        r1_0.departure_time,
        r1_0.distance_km,
        r1_0.duration_minutes,
        r1_0.estimated_cost,
        r1_0.from_location_id,
        fl1_0.id,
        fl1_0.address,
        fl1_0.cached_at,
        fl1_0.description,
        fl1_0.external_id,
        fl1_0.is_open_now,
        fl1_0.lat,
        fl1_0.lng,
        fl1_0.name,
        fl1_0.rating,
        fl1_0.review_count,
        fl1_0.source,
        fl1_0.type,
        r1_0.note,
        r1_0.sequence,
        r1_0.to_location_id,
        tl1_0.id,
        tl1_0.address,
        tl1_0.cached_at,
        tl1_0.description,
        tl1_0.external_id,
        tl1_0.is_open_now,
        tl1_0.lat,
        tl1_0.lng,
        tl1_0.name,
        tl1_0.rating,
        tl1_0.review_count,
        tl1_0.source,
        tl1_0.type,
        r1_0.transport,
        pd1_0.travel_plan_id 
    from
        plan_days pd1_0 
    left join
        plan_routes r1_0 
            on pd1_0.id=r1_0.plan_day_id 
    left join
        locations fl1_0 
            on fl1_0.id=r1_0.from_location_id 
    left join
        locations tl1_0 
            on tl1_0.id=r1_0.to_location_id 
    where
        pd1_0.travel_plan_id=? 
    order by
        pd1_0.day_number,
        r1_0.sequence
Hibernate: 
    select
        u1_0.id,
        u1_0.deleted_at,
        u1_0.email,
        u1_0.password,
        u1_0.tendency,
        u1_0.username 
    from
        users u1_0 
    where
        u1_0.id=? 
        and (
            u1_0.deleted_at IS NULL
        )
Hibernate: 
    select
        tp1_0.id,
        tp1_0.arrival_at_dest_time,
        tp1_0.budget_total,
        tp1_0.country_code,
        tp1_0.departure_flight_time,
        tp1_0.end_date,
        tp1_0.end_location,
        tp1_0.is_ai_generated,
        tp1_0.keywords,
        tp1_0.member_count,
        tp1_0.owner_id,
        tp1_0.return_flight_time,
        tp1_0.start_date,
        tp1_0.start_location,
        tp1_0.status,
        tp1_0.theme,
        tp1_0.title,
        tp1_0.with_car 
    from
        travel_plans tp1_0 
    where
        tp1_0.id=?
Hibernate: 
    select
        u1_0.id,
        u1_0.deleted_at,
        u1_0.email,
        u1_0.password,
        u1_0.tendency,
        u1_0.username 
    from
        users u1_0 
    where
        u1_0.id=? 
        and (
            u1_0.deleted_at IS NULL
        )
Hibernate: 
    select
        tm1_0.id 
    from
        travel_members tm1_0 
    where
        tm1_0.travel_plan_id=? 
        and tm1_0.user_id=? 
    fetch
        first ? rows only
Hibernate: 
    select
        a1_0.id,
        a1_0.check_in,
        a1_0.check_out,
        a1_0.hotel_name,
        a1_0.price_per_night_krw,
        a1_0.travel_plan_id 
    from
        accommodations a1_0 
    where
        a1_0.travel_plan_id=?
Hibernate: 
    select
        u1_0.id,
        u1_0.deleted_at,
        u1_0.email,
        u1_0.password,
        u1_0.tendency,
        u1_0.username 
    from
        users u1_0 
    where
        u1_0.id=? 
        and (
            u1_0.deleted_at IS NULL
        )
Hibernate: 
    select
        tp1_0.id,
        tp1_0.arrival_at_dest_time,
        tp1_0.budget_total,
        tp1_0.country_code,
        tp1_0.departure_flight_time,
        tp1_0.end_date,
        tp1_0.end_location,
        tp1_0.is_ai_generated,
        tp1_0.keywords,
        tp1_0.member_count,
        tp1_0.owner_id,
        tp1_0.return_flight_time,
        tp1_0.start_date,
        tp1_0.start_location,
        tp1_0.status,
        tp1_0.theme,
        tp1_0.title,
        tp1_0.with_car 
    from
        travel_plans tp1_0 
    where
        tp1_0.id=?
Hibernate: 
    select
        u1_0.id,
        u1_0.deleted_at,
        u1_0.email,
        u1_0.password,
        u1_0.tendency,
        u1_0.username 
    from
        users u1_0 
    where
        u1_0.id=? 
        and (
            u1_0.deleted_at IS NULL
        )
Hibernate: 
    select
        tm1_0.id 
    from
        travel_members tm1_0 
    where
        tm1_0.travel_plan_id=? 
        and tm1_0.user_id=? 
    fetch
        first ? rows only
Hibernate: 
    select
        distinct pd1_0.id,
        pd1_0.date,
        pd1_0.day_number,
        r1_0.plan_day_id,
        r1_0.id,
        r1_0.departure_time,
        r1_0.distance_km,
        r1_0.duration_minutes,
        r1_0.estimated_cost,
        r1_0.from_location_id,
        fl1_0.id,
        fl1_0.address,
        fl1_0.cached_at,
        fl1_0.description,
        fl1_0.external_id,
        fl1_0.is_open_now,
        fl1_0.lat,
        fl1_0.lng,
        fl1_0.name,
        fl1_0.rating,
        fl1_0.review_count,
        fl1_0.source,
        fl1_0.type,
        r1_0.note,
        r1_0.sequence,
        r1_0.to_location_id,
        tl1_0.id,
        tl1_0.address,
        tl1_0.cached_at,
        tl1_0.description,
        tl1_0.external_id,
        tl1_0.is_open_now,
        tl1_0.lat,
        tl1_0.lng,
        tl1_0.name,
        tl1_0.rating,
        tl1_0.review_count,
        tl1_0.source,
        tl1_0.type,
        r1_0.transport,
        pd1_0.travel_plan_id 
    from
        plan_days pd1_0 
    left join
        plan_routes r1_0 
            on pd1_0.id=r1_0.plan_day_id 
    left join
        locations fl1_0 
            on fl1_0.id=r1_0.from_location_id 
    left join
        locations tl1_0 
            on tl1_0.id=r1_0.to_location_id 
    where
        pd1_0.travel_plan_id=? 
    order by
        pd1_0.day_number,
        r1_0.sequence
Hibernate: 
    select
        cr1_0.id,
        cr1_0.car_type,
        cr1_0.daily_rate_krw,
        cr1_0.estimated_fuel_krw,
        cr1_0.estimated_toll_krw,
        cr1_0.rental_days,
        cr1_0.travel_plan_id 
    from
        car_rentals cr1_0 
    where
        cr1_0.travel_plan_id=?
Hibernate: 
    select
        a1_0.id,
        a1_0.check_in,
        a1_0.check_out,
        a1_0.hotel_name,
        a1_0.price_per_night_krw,
        a1_0.travel_plan_id 
    from
        accommodations a1_0 
    where
        a1_0.travel_plan_id=?
2026-05-22T12:10:54.399+09:00  WARN 45894 --- [dagalle] [l-1:housekeeper] com.zaxxer.hikari.pool.HikariPool        : HikariPool-1 - Thread starvation or clock leap detected (housekeeper delta=16m33s259ms).
Hibernate: 
    select
        u1_0.id 
    from
        users u1_0 
    where
        (
            u1_0.deleted_at IS NULL
        ) 
        and u1_0.email=? 
    fetch
        first ? rows only
Hibernate: 
    select
        u1_0.id,
        u1_0.deleted_at,
        u1_0.email,
        u1_0.password,
        u1_0.tendency,
        u1_0.username 
    from
        users u1_0 
    where
        (
            u1_0.deleted_at IS NULL
        ) 
        and u1_0.email=?
Hibernate: 
    select
        u1_0.id,
        u1_0.deleted_at,
        u1_0.email,
        u1_0.password,
        u1_0.tendency,
        u1_0.username 
    from
        users u1_0 
    where
        u1_0.id=? 
        and (
            u1_0.deleted_at IS NULL
        )
Hibernate: 
    select
        u1_0.id,
        u1_0.deleted_at,
        u1_0.email,
        u1_0.password,
        u1_0.tendency,
        u1_0.username 
    from
        users u1_0 
    where
        u1_0.id=? 
        and (
            u1_0.deleted_at IS NULL
        )
Hibernate: 
    select
        tp1_0.id,
        tp1_0.arrival_at_dest_time,
        tp1_0.budget_total,
        tp1_0.country_code,
        tp1_0.departure_flight_time,
        tp1_0.end_date,
        tp1_0.end_location,
        tp1_0.is_ai_generated,
        tp1_0.keywords,
        tp1_0.member_count,
        tp1_0.owner_id,
        tp1_0.return_flight_time,
        tp1_0.start_date,
        tp1_0.start_location,
        tp1_0.status,
        tp1_0.theme,
        tp1_0.title,
        tp1_0.with_car 
    from
        travel_plans tp1_0 
    join
        travel_members m1_0 
            on tp1_0.id=m1_0.travel_plan_id 
    where
        m1_0.user_id=? 
    order by
        tp1_0.start_date desc
Hibernate: 
    select
        u1_0.id,
        u1_0.deleted_at,
        u1_0.email,
        u1_0.password,
        u1_0.tendency,
        u1_0.username 
    from
        users u1_0 
    where
        u1_0.id=? 
        and (
            u1_0.deleted_at IS NULL
        )
Hibernate: 
    select
        u1_0.id,
        u1_0.deleted_at,
        u1_0.email,
        u1_0.password,
        u1_0.tendency,
        u1_0.username 
    from
        users u1_0 
    where
        u1_0.id=? 
        and (
            u1_0.deleted_at IS NULL
        )
Hibernate: 
    select
        tp1_0.id,
        tp1_0.arrival_at_dest_time,
        tp1_0.budget_total,
        tp1_0.country_code,
        tp1_0.departure_flight_time,
        tp1_0.end_date,
        tp1_0.end_location,
        tp1_0.is_ai_generated,
        tp1_0.keywords,
        tp1_0.member_count,
        tp1_0.owner_id,
        tp1_0.return_flight_time,
        tp1_0.start_date,
        tp1_0.start_location,
        tp1_0.status,
        tp1_0.theme,
        tp1_0.title,
        tp1_0.with_car 
    from
        travel_plans tp1_0 
    join
        travel_members m1_0 
            on tp1_0.id=m1_0.travel_plan_id 
    where
        m1_0.user_id=? 
    order by
        tp1_0.start_date desc
Hibernate: 
    select
        u1_0.id,
        u1_0.deleted_at,
        u1_0.email,
        u1_0.password,
        u1_0.tendency,
        u1_0.username 
    from
        users u1_0 
    where
        u1_0.id=? 
        and (
            u1_0.deleted_at IS NULL
        )
Hibernate: 
    select
        u1_0.id,
        u1_0.deleted_at,
        u1_0.email,
        u1_0.password,
        u1_0.tendency,
        u1_0.username 
    from
        users u1_0 
    where
        u1_0.id=? 
        and (
            u1_0.deleted_at IS NULL
        )
Hibernate: 
    select
        u1_0.id,
        u1_0.deleted_at,
        u1_0.email,
        u1_0.password,
        u1_0.tendency,
        u1_0.username 
    from
        users u1_0 
    where
        u1_0.id=? 
        and (
            u1_0.deleted_at IS NULL
        )
Hibernate: 
    select
        tp1_0.id,
        tp1_0.arrival_at_dest_time,
        tp1_0.budget_total,
        tp1_0.country_code,
        tp1_0.departure_flight_time,
        tp1_0.end_date,
        tp1_0.end_location,
        tp1_0.is_ai_generated,
        tp1_0.keywords,
        tp1_0.member_count,
        tp1_0.owner_id,
        tp1_0.return_flight_time,
        tp1_0.start_date,
        tp1_0.start_location,
        tp1_0.status,
        tp1_0.theme,
        tp1_0.title,
        tp1_0.with_car 
    from
        travel_plans tp1_0 
    where
        tp1_0.id=?
Hibernate: 
    select
        tp1_0.id,
        tp1_0.arrival_at_dest_time,
        tp1_0.budget_total,
        tp1_0.country_code,
        tp1_0.departure_flight_time,
        tp1_0.end_date,
        tp1_0.end_location,
        tp1_0.is_ai_generated,
        tp1_0.keywords,
        tp1_0.member_count,
        tp1_0.owner_id,
        tp1_0.return_flight_time,
        tp1_0.start_date,
        tp1_0.start_location,
        tp1_0.status,
        tp1_0.theme,
        tp1_0.title,
        tp1_0.with_car 
    from
        travel_plans tp1_0 
    where
        tp1_0.id=?
Hibernate: 
    select
        tp1_0.id,
        tp1_0.arrival_at_dest_time,
        tp1_0.budget_total,
        tp1_0.country_code,
        tp1_0.departure_flight_time,
        tp1_0.end_date,
        tp1_0.end_location,
        tp1_0.is_ai_generated,
        tp1_0.keywords,
        tp1_0.member_count,
        tp1_0.owner_id,
        tp1_0.return_flight_time,
        tp1_0.start_date,
        tp1_0.start_location,
        tp1_0.status,
        tp1_0.theme,
        tp1_0.title,
        tp1_0.with_car 
    from
        travel_plans tp1_0 
    where
        tp1_0.id=?
Hibernate: 
    select
        u1_0.id,
        u1_0.deleted_at,
        u1_0.email,
        u1_0.password,
        u1_0.tendency,
        u1_0.username 
    from
        users u1_0 
    where
        u1_0.id=? 
        and (
            u1_0.deleted_at IS NULL
        )
Hibernate: 
    select
        tp1_0.id,
        tp1_0.arrival_at_dest_time,
        tp1_0.budget_total,
        tp1_0.country_code,
        tp1_0.departure_flight_time,
        tp1_0.end_date,
        tp1_0.end_location,
        tp1_0.is_ai_generated,
        tp1_0.keywords,
        tp1_0.member_count,
        tp1_0.owner_id,
        tp1_0.return_flight_time,
        tp1_0.start_date,
        tp1_0.start_location,
        tp1_0.status,
        tp1_0.theme,
        tp1_0.title,
        tp1_0.with_car 
    from
        travel_plans tp1_0 
    where
        tp1_0.id=?
Hibernate: 
    select
        u1_0.id,
        u1_0.deleted_at,
        u1_0.email,
        u1_0.password,
        u1_0.tendency,
        u1_0.username 
    from
        users u1_0 
    where
        u1_0.id=? 
        and (
            u1_0.deleted_at IS NULL
        )
Hibernate: 
    select
        tp1_0.id,
        tp1_0.arrival_at_dest_time,
        tp1_0.budget_total,
        tp1_0.country_code,
        tp1_0.departure_flight_time,
        tp1_0.end_date,
        tp1_0.end_location,
        tp1_0.is_ai_generated,
        tp1_0.keywords,
        tp1_0.member_count,
        tp1_0.owner_id,
        tp1_0.return_flight_time,
        tp1_0.start_date,
        tp1_0.start_location,
        tp1_0.status,
        tp1_0.theme,
        tp1_0.title,
        tp1_0.with_car 
    from
        travel_plans tp1_0 
    where
        tp1_0.id=?
Hibernate: 
    select
        u1_0.id,
        u1_0.deleted_at,
        u1_0.email,
        u1_0.password,
        u1_0.tendency,
        u1_0.username 
    from
        users u1_0 
    where
        u1_0.id=? 
        and (
            u1_0.deleted_at IS NULL
        )
Hibernate: 
    select
        u1_0.id,
        u1_0.deleted_at,
        u1_0.email,
        u1_0.password,
        u1_0.tendency,
        u1_0.username 
    from
        users u1_0 
    where
        u1_0.id=? 
        and (
            u1_0.deleted_at IS NULL
        )
Hibernate: 
    select
        u1_0.id,
        u1_0.deleted_at,
        u1_0.email,
        u1_0.password,
        u1_0.tendency,
        u1_0.username 
    from
        users u1_0 
    where
        u1_0.id=? 
        and (
            u1_0.deleted_at IS NULL
        )
Hibernate: 
    select
        u1_0.id,
        u1_0.deleted_at,
        u1_0.email,
        u1_0.password,
        u1_0.tendency,
        u1_0.username 
    from
        users u1_0 
    where
        u1_0.id=? 
        and (
            u1_0.deleted_at IS NULL
        )
Hibernate: 
    select
        tp1_0.id,
        tp1_0.arrival_at_dest_time,
        tp1_0.budget_total,
        tp1_0.country_code,
        tp1_0.departure_flight_time,
        tp1_0.end_date,
        tp1_0.end_location,
        tp1_0.is_ai_generated,
        tp1_0.keywords,
        tp1_0.member_count,
        tp1_0.owner_id,
        tp1_0.return_flight_time,
        tp1_0.start_date,
        tp1_0.start_location,
        tp1_0.status,
        tp1_0.theme,
        tp1_0.title,
        tp1_0.with_car 
    from
        travel_plans tp1_0 
    where
        tp1_0.id=?
Hibernate: 
    select
        tp1_0.id,
        tp1_0.arrival_at_dest_time,
        tp1_0.budget_total,
        tp1_0.country_code,
        tp1_0.departure_flight_time,
        tp1_0.end_date,
        tp1_0.end_location,
        tp1_0.is_ai_generated,
        tp1_0.keywords,
        tp1_0.member_count,
        tp1_0.owner_id,
        tp1_0.return_flight_time,
        tp1_0.start_date,
        tp1_0.start_location,
        tp1_0.status,
        tp1_0.theme,
        tp1_0.title,
        tp1_0.with_car 
    from
        travel_plans tp1_0 
    where
        tp1_0.id=?
Hibernate: 
    select
        tp1_0.id,
        tp1_0.arrival_at_dest_time,
        tp1_0.budget_total,
        tp1_0.country_code,
        tp1_0.departure_flight_time,
        tp1_0.end_date,
        tp1_0.end_location,
        tp1_0.is_ai_generated,
        tp1_0.keywords,
        tp1_0.member_count,
        tp1_0.owner_id,
        tp1_0.return_flight_time,
        tp1_0.start_date,
        tp1_0.start_location,
        tp1_0.status,
        tp1_0.theme,
        tp1_0.title,
        tp1_0.with_car 
    from
        travel_plans tp1_0 
    where
        tp1_0.id=?
Hibernate: 
    select
        tp1_0.id,
        tp1_0.arrival_at_dest_time,
        tp1_0.budget_total,
        tp1_0.country_code,
        tp1_0.departure_flight_time,
        tp1_0.end_date,
        tp1_0.end_location,
        tp1_0.is_ai_generated,
        tp1_0.keywords,
        tp1_0.member_count,
        tp1_0.owner_id,
        tp1_0.return_flight_time,
        tp1_0.start_date,
        tp1_0.start_location,
        tp1_0.status,
        tp1_0.theme,
        tp1_0.title,
        tp1_0.with_car 
    from
        travel_plans tp1_0 
    where
        tp1_0.id=?
Hibernate: 
    select
        u1_0.id,
        u1_0.deleted_at,
        u1_0.email,
        u1_0.password,
        u1_0.tendency,
        u1_0.username 
    from
        users u1_0 
    where
        u1_0.id=? 
        and (
            u1_0.deleted_at IS NULL
        )
Hibernate: 
    select
        tp1_0.id,
        tp1_0.arrival_at_dest_time,
        tp1_0.budget_total,
        tp1_0.country_code,
        tp1_0.departure_flight_time,
        tp1_0.end_date,
        tp1_0.end_location,
        tp1_0.is_ai_generated,
        tp1_0.keywords,
        tp1_0.member_count,
        tp1_0.owner_id,
        tp1_0.return_flight_time,
        tp1_0.start_date,
        tp1_0.start_location,
        tp1_0.status,
        tp1_0.theme,
        tp1_0.title,
        tp1_0.with_car 
    from
        travel_plans tp1_0 
    where
        tp1_0.id=?
Hibernate: 
    select
        u1_0.id,
        u1_0.deleted_at,
        u1_0.email,
        u1_0.password,
        u1_0.tendency,
        u1_0.username 
    from
        users u1_0 
    where
        u1_0.id=? 
        and (
            u1_0.deleted_at IS NULL
        )
Hibernate: 
    select
        u1_0.id,
        u1_0.deleted_at,
        u1_0.email,
        u1_0.password,
        u1_0.tendency,
        u1_0.username 
    from
        users u1_0 
    where
        u1_0.id=? 
        and (
            u1_0.deleted_at IS NULL
        )
Hibernate: 
    select
        tp1_0.id,
        tp1_0.arrival_at_dest_time,
        tp1_0.budget_total,
        tp1_0.country_code,
        tp1_0.departure_flight_time,
        tp1_0.end_date,
        tp1_0.end_location,
        tp1_0.is_ai_generated,
        tp1_0.keywords,
        tp1_0.member_count,
        tp1_0.owner_id,
        tp1_0.return_flight_time,
        tp1_0.start_date,
        tp1_0.start_location,
        tp1_0.status,
        tp1_0.theme,
        tp1_0.title,
        tp1_0.with_car 
    from
        travel_plans tp1_0 
    join
        travel_members m1_0 
            on tp1_0.id=m1_0.travel_plan_id 
    where
        m1_0.user_id=? 
    order by
        tp1_0.start_date desc
Hibernate: 
    select
        u1_0.id,
        u1_0.deleted_at,
        u1_0.email,
        u1_0.password,
        u1_0.tendency,
        u1_0.username 
    from
        users u1_0 
    where
        u1_0.id=? 
        and (
            u1_0.deleted_at IS NULL
        )
Hibernate: 
    select
        u1_0.id,
        u1_0.deleted_at,
        u1_0.email,
        u1_0.password,
        u1_0.tendency,
        u1_0.username 
    from
        users u1_0 
    where
        u1_0.id=? 
        and (
            u1_0.deleted_at IS NULL
        )
Hibernate: 
    select
        tp1_0.id,
        tp1_0.arrival_at_dest_time,
        tp1_0.budget_total,
        tp1_0.country_code,
        tp1_0.departure_flight_time,
        tp1_0.end_date,
        tp1_0.end_location,
        tp1_0.is_ai_generated,
        tp1_0.keywords,
        tp1_0.member_count,
        tp1_0.owner_id,
        tp1_0.return_flight_time,
        tp1_0.start_date,
        tp1_0.start_location,
        tp1_0.status,
        tp1_0.theme,
        tp1_0.title,
        tp1_0.with_car 
    from
        travel_plans tp1_0 
    join
        travel_members m1_0 
            on tp1_0.id=m1_0.travel_plan_id 
    where
        m1_0.user_id=? 
    order by
        tp1_0.start_date desc
Hibernate: 
    select
        u1_0.id,
        u1_0.deleted_at,
        u1_0.email,
        u1_0.password,
        u1_0.tendency,
        u1_0.username 
    from
        users u1_0 
    where
        u1_0.id=? 
        and (
            u1_0.deleted_at IS NULL
        )
2026-05-22T12:52:10.906+09:00  INFO 45894 --- [dagalle] [nio-8080-exec-5] o.j.c.d.d.ai.service.AiScheduleService   : [AI natural] userId=1, input='어디든 가자.
훗카이도'
2026-05-22T12:52:13.844+09:00  INFO 45894 --- [dagalle] [nio-8080-exec-5] o.j.c.d.d.ai.service.AiScheduleService   : [AI natural → 구조화] 여행지=홋카이도, 렌트카=false, 테마=자유 여행, 키워드=[]
Hibernate: 
    select
        u1_0.id,
        u1_0.deleted_at,
        u1_0.email,
        u1_0.password,
        u1_0.tendency,
        u1_0.username 
    from
        users u1_0 
    where
        u1_0.id=? 
        and (
            u1_0.deleted_at IS NULL
        )
2026-05-22T12:52:13.846+09:00  INFO 45894 --- [dagalle] [nio-8080-exec-5] o.j.c.d.d.ai.service.AiScheduleService   : [AI init] userId=1, 인천국제공항→홋카이도, 2026-05-25~2026-05-28 (4일)
Hibernate: 
    insert 
    into
        travel_plans
        (arrival_at_dest_time, budget_total, country_code, departure_flight_time, end_date, end_location, is_ai_generated, keywords, member_count, owner_id, return_flight_time, start_date, start_location, status, theme, title, with_car, id) 
    values
        (?, ?, ?, ?, ?, ?, ?, ?, ?, ?, ?, ?, ?, ?, ?, ?, ?, default)
Hibernate: 
    insert 
    into
        travel_members
        (role, travel_plan_id, user_id, id) 
    values
        (?, ?, ?, default)
Hibernate: 
    insert 
    into
        accommodations
        (check_in, check_out, hotel_name, price_per_night_krw, travel_plan_id, id) 
    values
        (?, ?, ?, ?, ?, default)
2026-05-22T12:52:17.998+09:00  INFO 45894 --- [dagalle] [nio-8080-exec-5] o.j.c.d.d.ai.service.AiScheduleService   : [AI 숙박 저장] 삿포로 도큐 레이호텔
Hibernate: 
    insert 
    into
        accommodations
        (check_in, check_out, hotel_name, price_per_night_krw, travel_plan_id, id) 
    values
        (?, ?, ?, ?, ?, default)
2026-05-22T12:52:17.999+09:00  INFO 45894 --- [dagalle] [nio-8080-exec-5] o.j.c.d.d.ai.service.AiScheduleService   : [AI 숙박 저장] JR인 삿포로
2026-05-22T12:52:17.999+09:00  INFO 45894 --- [dagalle] [nio-8080-exec-5] o.j.c.d.d.ai.service.AiScheduleService   : [AI init 완료] travelId=2, title=홋카이도 자유여행 4일
Hibernate: 
    select
        u1_0.id,
        u1_0.deleted_at,
        u1_0.email,
        u1_0.password,
        u1_0.tendency,
        u1_0.username 
    from
        users u1_0 
    where
        u1_0.id=? 
        and (
            u1_0.deleted_at IS NULL
        )
Hibernate: 
    select
        u1_0.id,
        u1_0.deleted_at,
        u1_0.email,
        u1_0.password,
        u1_0.tendency,
        u1_0.username 
    from
        users u1_0 
    where
        u1_0.id=? 
        and (
            u1_0.deleted_at IS NULL
        )
Hibernate: 
    select
        u1_0.id,
        u1_0.deleted_at,
        u1_0.email,
        u1_0.password,
        u1_0.tendency,
        u1_0.username 
    from
        users u1_0 
    where
        u1_0.id=? 
        and (
            u1_0.deleted_at IS NULL
        )
Hibernate: 
    select
        u1_0.id,
        u1_0.deleted_at,
        u1_0.email,
        u1_0.password,
        u1_0.tendency,
        u1_0.username 
    from
        users u1_0 
    where
        u1_0.id=? 
        and (
            u1_0.deleted_at IS NULL
        )
Hibernate: 
    select
        u1_0.id,
        u1_0.deleted_at,
        u1_0.email,
        u1_0.password,
        u1_0.tendency,
        u1_0.username 
    from
        users u1_0 
    where
        u1_0.id=? 
        and (
            u1_0.deleted_at IS NULL
        )
Hibernate: 
    select
        tp1_0.id,
        tp1_0.arrival_at_dest_time,
        tp1_0.budget_total,
        tp1_0.country_code,
        tp1_0.departure_flight_time,
        tp1_0.end_date,
        tp1_0.end_location,
        tp1_0.is_ai_generated,
        tp1_0.keywords,
        tp1_0.member_count,
        tp1_0.owner_id,
        tp1_0.return_flight_time,
        tp1_0.start_date,
        tp1_0.start_location,
        tp1_0.status,
        tp1_0.theme,
        tp1_0.title,
        tp1_0.with_car 
    from
        travel_plans tp1_0 
    where
        tp1_0.id=?
Hibernate: 
    select
        tp1_0.id,
        tp1_0.arrival_at_dest_time,
        tp1_0.budget_total,
        tp1_0.country_code,
        tp1_0.departure_flight_time,
        tp1_0.end_date,
        tp1_0.end_location,
        tp1_0.is_ai_generated,
        tp1_0.keywords,
        tp1_0.member_count,
        tp1_0.owner_id,
        tp1_0.return_flight_time,
        tp1_0.start_date,
        tp1_0.start_location,
        tp1_0.status,
        tp1_0.theme,
        tp1_0.title,
        tp1_0.with_car 
    from
        travel_plans tp1_0 
    where
        tp1_0.id=?
Hibernate: 
    select
        tp1_0.id,
        tp1_0.arrival_at_dest_time,
        tp1_0.budget_total,
        tp1_0.country_code,
        tp1_0.departure_flight_time,
        tp1_0.end_date,
        tp1_0.end_location,
        tp1_0.is_ai_generated,
        tp1_0.keywords,
        tp1_0.member_count,
        tp1_0.owner_id,
        tp1_0.return_flight_time,
        tp1_0.start_date,
        tp1_0.start_location,
        tp1_0.status,
        tp1_0.theme,
        tp1_0.title,
        tp1_0.with_car 
    from
        travel_plans tp1_0 
    where
        tp1_0.id=?
Hibernate: 
    select
        tp1_0.id,
        tp1_0.arrival_at_dest_time,
        tp1_0.budget_total,
        tp1_0.country_code,
        tp1_0.departure_flight_time,
        tp1_0.end_date,
        tp1_0.end_location,
        tp1_0.is_ai_generated,
        tp1_0.keywords,
        tp1_0.member_count,
        tp1_0.owner_id,
        tp1_0.return_flight_time,
        tp1_0.start_date,
        tp1_0.start_location,
        tp1_0.status,
        tp1_0.theme,
        tp1_0.title,
        tp1_0.with_car 
    from
        travel_plans tp1_0 
    where
        tp1_0.id=?
Hibernate: 
    select
        u1_0.id,
        u1_0.deleted_at,
        u1_0.email,
        u1_0.password,
        u1_0.tendency,
        u1_0.username 
    from
        users u1_0 
    where
        u1_0.id=? 
        and (
            u1_0.deleted_at IS NULL
        )
Hibernate: 
    select
        u1_0.id,
        u1_0.deleted_at,
        u1_0.email,
        u1_0.password,
        u1_0.tendency,
        u1_0.username 
    from
        users u1_0 
    where
        u1_0.id=? 
        and (
            u1_0.deleted_at IS NULL
        )
Hibernate: 
    select
        u1_0.id,
        u1_0.deleted_at,
        u1_0.email,
        u1_0.password,
        u1_0.tendency,
        u1_0.username 
    from
        users u1_0 
    where
        u1_0.id=? 
        and (
            u1_0.deleted_at IS NULL
        )
Hibernate: 
    select
        u1_0.id,
        u1_0.deleted_at,
        u1_0.email,
        u1_0.password,
        u1_0.tendency,
        u1_0.username 
    from
        users u1_0 
    where
        u1_0.id=? 
        and (
            u1_0.deleted_at IS NULL
        )
Hibernate: 
    select
        tm1_0.id 
    from
        travel_members tm1_0 
    where
        tm1_0.travel_plan_id=? 
        and tm1_0.user_id=? 
    fetch
        first ? rows only
Hibernate: 
    select
        tm1_0.id 
    from
        travel_members tm1_0 
    where
        tm1_0.travel_plan_id=? 
        and tm1_0.user_id=? 
    fetch
        first ? rows only
Hibernate: 
    select
        tm1_0.id 
    from
        travel_members tm1_0 
    where
        tm1_0.travel_plan_id=? 
        and tm1_0.user_id=? 
    fetch
        first ? rows only
Hibernate: 
    select
        tm1_0.id 
    from
        travel_members tm1_0 
    where
        tm1_0.travel_plan_id=? 
        and tm1_0.user_id=? 
    fetch
        first ? rows only
Hibernate: 
    select
        cr1_0.id,
        cr1_0.car_type,
        cr1_0.daily_rate_krw,
        cr1_0.estimated_fuel_krw,
        cr1_0.estimated_toll_krw,
        cr1_0.rental_days,
        cr1_0.travel_plan_id 
    from
        car_rentals cr1_0 
    where
        cr1_0.travel_plan_id=?
Hibernate: 
    select
        distinct pd1_0.id,
        pd1_0.date,
        pd1_0.day_number,
        r1_0.plan_day_id,
        r1_0.id,
        r1_0.departure_time,
        r1_0.distance_km,
        r1_0.duration_minutes,
        r1_0.estimated_cost,
        r1_0.from_location_id,
        fl1_0.id,
        fl1_0.address,
        fl1_0.cached_at,
        fl1_0.description,
        fl1_0.external_id,
        fl1_0.is_open_now,
        fl1_0.lat,
        fl1_0.lng,
        fl1_0.name,
        fl1_0.rating,
        fl1_0.review_count,
        fl1_0.source,
        fl1_0.type,
        r1_0.note,
        r1_0.sequence,
        r1_0.to_location_id,
        tl1_0.id,
        tl1_0.address,
        tl1_0.cached_at,
        tl1_0.description,
        tl1_0.external_id,
        tl1_0.is_open_now,
        tl1_0.lat,
        tl1_0.lng,
        tl1_0.name,
        tl1_0.rating,
        tl1_0.review_count,
        tl1_0.source,
        tl1_0.type,
        r1_0.transport,
        pd1_0.travel_plan_id 
    from
        plan_days pd1_0 
    left join
        plan_routes r1_0 
            on pd1_0.id=r1_0.plan_day_id 
    left join
        locations fl1_0 
            on fl1_0.id=r1_0.from_location_id 
    left join
        locations tl1_0 
            on tl1_0.id=r1_0.to_location_id 
    where
        pd1_0.travel_plan_id=? 
    order by
        pd1_0.day_number,
        r1_0.sequence
Hibernate: 
    select
        distinct pd1_0.id,
        pd1_0.date,
        pd1_0.day_number,
        r1_0.plan_day_id,
        r1_0.id,
        r1_0.departure_time,
        r1_0.distance_km,
        r1_0.duration_minutes,
        r1_0.estimated_cost,
        r1_0.from_location_id,
        fl1_0.id,
        fl1_0.address,
        fl1_0.cached_at,
        fl1_0.description,
        fl1_0.external_id,
        fl1_0.is_open_now,
        fl1_0.lat,
        fl1_0.lng,
        fl1_0.name,
        fl1_0.rating,
        fl1_0.review_count,
        fl1_0.source,
        fl1_0.type,
        r1_0.note,
        r1_0.sequence,
        r1_0.to_location_id,
        tl1_0.id,
        tl1_0.address,
        tl1_0.cached_at,
        tl1_0.description,
        tl1_0.external_id,
        tl1_0.is_open_now,
        tl1_0.lat,
        tl1_0.lng,
        tl1_0.name,
        tl1_0.rating,
        tl1_0.review_count,
        tl1_0.source,
        tl1_0.type,
        r1_0.transport,
        pd1_0.travel_plan_id 
    from
        plan_days pd1_0 
    left join
        plan_routes r1_0 
            on pd1_0.id=r1_0.plan_day_id 
    left join
        locations fl1_0 
            on fl1_0.id=r1_0.from_location_id 
    left join
        locations tl1_0 
            on tl1_0.id=r1_0.to_location_id 
    where
        pd1_0.travel_plan_id=? 
    order by
        pd1_0.day_number,
        r1_0.sequence
Hibernate: 
    select
        tp1_0.id,
        tp1_0.arrival_at_dest_time,
        tp1_0.budget_total,
        tp1_0.country_code,
        tp1_0.departure_flight_time,
        tp1_0.end_date,
        tp1_0.end_location,
        tp1_0.is_ai_generated,
        tp1_0.keywords,
        tp1_0.member_count,
        tp1_0.owner_id,
        tp1_0.return_flight_time,
        tp1_0.start_date,
        tp1_0.start_location,
        tp1_0.status,
        tp1_0.theme,
        tp1_0.title,
        tp1_0.with_car 
    from
        travel_plans tp1_0 
    where
        tp1_0.id=?
Hibernate: 
    select
        u1_0.id,
        u1_0.deleted_at,
        u1_0.email,
        u1_0.password,
        u1_0.tendency,
        u1_0.username 
    from
        users u1_0 
    where
        u1_0.id=? 
        and (
            u1_0.deleted_at IS NULL
        )
Hibernate: 
    select
        cr1_0.id,
        cr1_0.car_type,
        cr1_0.daily_rate_krw,
        cr1_0.estimated_fuel_krw,
        cr1_0.estimated_toll_krw,
        cr1_0.rental_days,
        cr1_0.travel_plan_id 
    from
        car_rentals cr1_0 
    where
        cr1_0.travel_plan_id=?
Hibernate: 
    select
        tm1_0.id 
    from
        travel_members tm1_0 
    where
        tm1_0.travel_plan_id=? 
        and tm1_0.user_id=? 
    fetch
        first ? rows only
Hibernate: 
    select
        a1_0.id,
        a1_0.check_in,
        a1_0.check_out,
        a1_0.hotel_name,
        a1_0.price_per_night_krw,
        a1_0.travel_plan_id 
    from
        accommodations a1_0 
    where
        a1_0.travel_plan_id=?
Hibernate: 
    select
        a1_0.id,
        a1_0.check_in,
        a1_0.check_out,
        a1_0.hotel_name,
        a1_0.price_per_night_krw,
        a1_0.travel_plan_id 
    from
        accommodations a1_0 
    where
        a1_0.travel_plan_id=?
Hibernate: 
    select
        u1_0.id,
        u1_0.deleted_at,
        u1_0.email,
        u1_0.password,
        u1_0.tendency,
        u1_0.username 
    from
        users u1_0 
    where
        u1_0.id=? 
        and (
            u1_0.deleted_at IS NULL
        )
Hibernate: 
    select
        u1_0.id,
        u1_0.deleted_at,
        u1_0.email,
        u1_0.password,
        u1_0.tendency,
        u1_0.username 
    from
        users u1_0 
    where
        u1_0.id=? 
        and (
            u1_0.deleted_at IS NULL
        )
Hibernate: 
    select
        u1_0.id,
        u1_0.deleted_at,
        u1_0.email,
        u1_0.password,
        u1_0.tendency,
        u1_0.username 
    from
        users u1_0 
    where
        u1_0.id=? 
        and (
            u1_0.deleted_at IS NULL
        )
Hibernate: 
    select
        u1_0.id,
        u1_0.deleted_at,
        u1_0.email,
        u1_0.password,
        u1_0.tendency,
        u1_0.username 
    from
        users u1_0 
    where
        u1_0.id=? 
        and (
            u1_0.deleted_at IS NULL
        )
Hibernate: 
    select
        tp1_0.id,
        tp1_0.arrival_at_dest_time,
        tp1_0.budget_total,
        tp1_0.country_code,
        tp1_0.departure_flight_time,
        tp1_0.end_date,
        tp1_0.end_location,
        tp1_0.is_ai_generated,
        tp1_0.keywords,
        tp1_0.member_count,
        tp1_0.owner_id,
        tp1_0.return_flight_time,
        tp1_0.start_date,
        tp1_0.start_location,
        tp1_0.status,
        tp1_0.theme,
        tp1_0.title,
        tp1_0.with_car 
    from
        travel_plans tp1_0 
    where
        tp1_0.id=?
Hibernate: 
    select
        tp1_0.id,
        tp1_0.arrival_at_dest_time,
        tp1_0.budget_total,
        tp1_0.country_code,
        tp1_0.departure_flight_time,
        tp1_0.end_date,
        tp1_0.end_location,
        tp1_0.is_ai_generated,
        tp1_0.keywords,
        tp1_0.member_count,
        tp1_0.owner_id,
        tp1_0.return_flight_time,
        tp1_0.start_date,
        tp1_0.start_location,
        tp1_0.status,
        tp1_0.theme,
        tp1_0.title,
        tp1_0.with_car 
    from
        travel_plans tp1_0 
    where
        tp1_0.id=?
Hibernate: 
    select
        tp1_0.id,
        tp1_0.arrival_at_dest_time,
        tp1_0.budget_total,
        tp1_0.country_code,
        tp1_0.departure_flight_time,
        tp1_0.end_date,
        tp1_0.end_location,
        tp1_0.is_ai_generated,
        tp1_0.keywords,
        tp1_0.member_count,
        tp1_0.owner_id,
        tp1_0.return_flight_time,
        tp1_0.start_date,
        tp1_0.start_location,
        tp1_0.status,
        tp1_0.theme,
        tp1_0.title,
        tp1_0.with_car 
    from
        travel_plans tp1_0 
    where
        tp1_0.id=?
Hibernate: 
    select
        tp1_0.id,
        tp1_0.arrival_at_dest_time,
        tp1_0.budget_total,
        tp1_0.country_code,
        tp1_0.departure_flight_time,
        tp1_0.end_date,
        tp1_0.end_location,
        tp1_0.is_ai_generated,
        tp1_0.keywords,
        tp1_0.member_count,
        tp1_0.owner_id,
        tp1_0.return_flight_time,
        tp1_0.start_date,
        tp1_0.start_location,
        tp1_0.status,
        tp1_0.theme,
        tp1_0.title,
        tp1_0.with_car 
    from
        travel_plans tp1_0 
    where
        tp1_0.id=?
Hibernate: 
    select
        u1_0.id,
        u1_0.deleted_at,
        u1_0.email,
        u1_0.password,
        u1_0.tendency,
        u1_0.username 
    from
        users u1_0 
    where
        u1_0.id=? 
        and (
            u1_0.deleted_at IS NULL
        )
Hibernate: 
    select
        u1_0.id,
        u1_0.deleted_at,
        u1_0.email,
        u1_0.password,
        u1_0.tendency,
        u1_0.username 
    from
        users u1_0 
    where
        u1_0.id=? 
        and (
            u1_0.deleted_at IS NULL
        )
Hibernate: 
    select
        u1_0.id,
        u1_0.deleted_at,
        u1_0.email,
        u1_0.password,
        u1_0.tendency,
        u1_0.username 
    from
        users u1_0 
    where
        u1_0.id=? 
        and (
            u1_0.deleted_at IS NULL
        )
Hibernate: 
    select
        tm1_0.id 
    from
        travel_members tm1_0 
    where
        tm1_0.travel_plan_id=? 
        and tm1_0.user_id=? 
    fetch
        first ? rows only
Hibernate: 
    select
        tm1_0.id 
    from
        travel_members tm1_0 
    where
        tm1_0.travel_plan_id=? 
        and tm1_0.user_id=? 
    fetch
        first ? rows only
Hibernate: 
    select
        u1_0.id,
        u1_0.deleted_at,
        u1_0.email,
        u1_0.password,
        u1_0.tendency,
        u1_0.username 
    from
        users u1_0 
    where
        u1_0.id=? 
        and (
            u1_0.deleted_at IS NULL
        )
Hibernate: 
    select
        cr1_0.id,
        cr1_0.car_type,
        cr1_0.daily_rate_krw,
        cr1_0.estimated_fuel_krw,
        cr1_0.estimated_toll_krw,
        cr1_0.rental_days,
        cr1_0.travel_plan_id 
    from
        car_rentals cr1_0 
    where
        cr1_0.travel_plan_id=?
Hibernate: 
    select
        tm1_0.id 
    from
        travel_members tm1_0 
    where
        tm1_0.travel_plan_id=? 
        and tm1_0.user_id=? 
    fetch
        first ? rows only
Hibernate: 
    select
        a1_0.id,
        a1_0.check_in,
        a1_0.check_out,
        a1_0.hotel_name,
        a1_0.price_per_night_krw,
        a1_0.travel_plan_id 
    from
        accommodations a1_0 
    where
        a1_0.travel_plan_id=?
Hibernate: 
    select
        tm1_0.id 
    from
        travel_members tm1_0 
    where
        tm1_0.travel_plan_id=? 
        and tm1_0.user_id=? 
    fetch
        first ? rows only
Hibernate: 
    select
        distinct pd1_0.id,
        pd1_0.date,
        pd1_0.day_number,
        r1_0.plan_day_id,
        r1_0.id,
        r1_0.departure_time,
        r1_0.distance_km,
        r1_0.duration_minutes,
        r1_0.estimated_cost,
        r1_0.from_location_id,
        fl1_0.id,
        fl1_0.address,
        fl1_0.cached_at,
        fl1_0.description,
        fl1_0.external_id,
        fl1_0.is_open_now,
        fl1_0.lat,
        fl1_0.lng,
        fl1_0.name,
        fl1_0.rating,
        fl1_0.review_count,
        fl1_0.source,
        fl1_0.type,
        r1_0.note,
        r1_0.sequence,
        r1_0.to_location_id,
        tl1_0.id,
        tl1_0.address,
        tl1_0.cached_at,
        tl1_0.description,
        tl1_0.external_id,
        tl1_0.is_open_now,
        tl1_0.lat,
        tl1_0.lng,
        tl1_0.name,
        tl1_0.rating,
        tl1_0.review_count,
        tl1_0.source,
        tl1_0.type,
        r1_0.transport,
        pd1_0.travel_plan_id 
    from
        plan_days pd1_0 
    left join
        plan_routes r1_0 
            on pd1_0.id=r1_0.plan_day_id 
    left join
        locations fl1_0 
            on fl1_0.id=r1_0.from_location_id 
    left join
        locations tl1_0 
            on tl1_0.id=r1_0.to_location_id 
    where
        pd1_0.travel_plan_id=? 
    order by
        pd1_0.day_number,
        r1_0.sequence
Hibernate: 
    select
        u1_0.id,
        u1_0.deleted_at,
        u1_0.email,
        u1_0.password,
        u1_0.tendency,
        u1_0.username 
    from
        users u1_0 
    where
        u1_0.id=? 
        and (
            u1_0.deleted_at IS NULL
        )
Hibernate: 
    select
        tp1_0.id,
        tp1_0.arrival_at_dest_time,
        tp1_0.budget_total,
        tp1_0.country_code,
        tp1_0.departure_flight_time,
        tp1_0.end_date,
        tp1_0.end_location,
        tp1_0.is_ai_generated,
        tp1_0.keywords,
        tp1_0.member_count,
        tp1_0.owner_id,
        tp1_0.return_flight_time,
        tp1_0.start_date,
        tp1_0.start_location,
        tp1_0.status,
        tp1_0.theme,
        tp1_0.title,
        tp1_0.with_car 
    from
        travel_plans tp1_0 
    where
        tp1_0.id=?
Hibernate: 
    select
        u1_0.id,
        u1_0.deleted_at,
        u1_0.email,
        u1_0.password,
        u1_0.tendency,
        u1_0.username 
    from
        users u1_0 
    where
        u1_0.id=? 
        and (
            u1_0.deleted_at IS NULL
        )
Hibernate: 
    select
        tm1_0.id 
    from
        travel_members tm1_0 
    where
        tm1_0.travel_plan_id=? 
        and tm1_0.user_id=? 
    fetch
        first ? rows only
Hibernate: 
    select
        distinct pd1_0.id,
        pd1_0.date,
        pd1_0.day_number,
        r1_0.plan_day_id,
        r1_0.id,
        r1_0.departure_time,
        r1_0.distance_km,
        r1_0.duration_minutes,
        r1_0.estimated_cost,
        r1_0.from_location_id,
        fl1_0.id,
        fl1_0.address,
        fl1_0.cached_at,
        fl1_0.description,
        fl1_0.external_id,
        fl1_0.is_open_now,
        fl1_0.lat,
        fl1_0.lng,
        fl1_0.name,
        fl1_0.rating,
        fl1_0.review_count,
        fl1_0.source,
        fl1_0.type,
        r1_0.note,
        r1_0.sequence,
        r1_0.to_location_id,
        tl1_0.id,
        tl1_0.address,
        tl1_0.cached_at,
        tl1_0.description,
        tl1_0.external_id,
        tl1_0.is_open_now,
        tl1_0.lat,
        tl1_0.lng,
        tl1_0.name,
        tl1_0.rating,
        tl1_0.review_count,
        tl1_0.source,
        tl1_0.type,
        r1_0.transport,
        pd1_0.travel_plan_id 
    from
        plan_days pd1_0 
    left join
        plan_routes r1_0 
            on pd1_0.id=r1_0.plan_day_id 
    left join
        locations fl1_0 
            on fl1_0.id=r1_0.from_location_id 
    left join
        locations tl1_0 
            on tl1_0.id=r1_0.to_location_id 
    where
        pd1_0.travel_plan_id=? 
    order by
        pd1_0.day_number,
        r1_0.sequence
Hibernate: 
    select
        cr1_0.id,
        cr1_0.car_type,
        cr1_0.daily_rate_krw,
        cr1_0.estimated_fuel_krw,
        cr1_0.estimated_toll_krw,
        cr1_0.rental_days,
        cr1_0.travel_plan_id 
    from
        car_rentals cr1_0 
    where
        cr1_0.travel_plan_id=?
Hibernate: 
    select
        a1_0.id,
        a1_0.check_in,
        a1_0.check_out,
        a1_0.hotel_name,
        a1_0.price_per_night_krw,
        a1_0.travel_plan_id 
    from
        accommodations a1_0 
    where
        a1_0.travel_plan_id=?
Hibernate: 
    select
        u1_0.id,
        u1_0.deleted_at,
        u1_0.email,
        u1_0.password,
        u1_0.tendency,
        u1_0.username 
    from
        users u1_0 
    where
        u1_0.id=? 
        and (
            u1_0.deleted_at IS NULL
        )
Hibernate: 
    select
        tp1_0.id,
        tp1_0.arrival_at_dest_time,
        tp1_0.budget_total,
        tp1_0.country_code,
        tp1_0.departure_flight_time,
        tp1_0.end_date,
        tp1_0.end_location,
        tp1_0.is_ai_generated,
        tp1_0.keywords,
        tp1_0.member_count,
        tp1_0.owner_id,
        tp1_0.return_flight_time,
        tp1_0.start_date,
        tp1_0.start_location,
        tp1_0.status,
        tp1_0.theme,
        tp1_0.title,
        tp1_0.with_car 
    from
        travel_plans tp1_0 
    where
        tp1_0.id=?
Hibernate: 
    select
        u1_0.id,
        u1_0.deleted_at,
        u1_0.email,
        u1_0.password,
        u1_0.tendency,
        u1_0.username 
    from
        users u1_0 
    where
        u1_0.id=? 
        and (
            u1_0.deleted_at IS NULL
        )
Hibernate: 
    select
        tm1_0.id 
    from
        travel_members tm1_0 
    where
        tm1_0.travel_plan_id=? 
        and tm1_0.user_id=? 
    fetch
        first ? rows only
Hibernate: 
    select
        pd1_0.id,
        pd1_0.date,
        pd1_0.day_number,
        r1_0.plan_day_id,
        r1_0.id,
        r1_0.departure_time,
        r1_0.distance_km,
        r1_0.duration_minutes,
        r1_0.estimated_cost,
        r1_0.from_location_id,
        fl1_0.id,
        fl1_0.address,
        fl1_0.cached_at,
        fl1_0.description,
        fl1_0.external_id,
        fl1_0.is_open_now,
        fl1_0.lat,
        fl1_0.lng,
        fl1_0.name,
        fl1_0.rating,
        fl1_0.review_count,
        fl1_0.source,
        fl1_0.type,
        r1_0.note,
        r1_0.sequence,
        r1_0.to_location_id,
        tl1_0.id,
        tl1_0.address,
        tl1_0.cached_at,
        tl1_0.description,
        tl1_0.external_id,
        tl1_0.is_open_now,
        tl1_0.lat,
        tl1_0.lng,
        tl1_0.name,
        tl1_0.rating,
        tl1_0.review_count,
        tl1_0.source,
        tl1_0.type,
        r1_0.transport,
        pd1_0.travel_plan_id 
    from
        plan_days pd1_0 
    left join
        plan_routes r1_0 
            on pd1_0.id=r1_0.plan_day_id 
    left join
        locations fl1_0 
            on fl1_0.id=r1_0.from_location_id 
    left join
        locations tl1_0 
            on tl1_0.id=r1_0.to_location_id 
    where
        pd1_0.travel_plan_id=? 
        and pd1_0.day_number=? 
    order by
        r1_0.sequence
2026-05-22T12:52:25.691+09:00  INFO 45894 --- [dagalle] [nio-8080-exec-6] o.j.c.d.d.ai.service.AiScheduleService   : [AI generateDay] travelId=2, day=1/4
Hibernate: 
    select
        a1_0.id,
        a1_0.check_in,
        a1_0.check_out,
        a1_0.hotel_name,
        a1_0.price_per_night_krw,
        a1_0.travel_plan_id 
    from
        accommodations a1_0 
    where
        a1_0.travel_plan_id=?
Hibernate: 
    insert 
    into
        plan_days
        (date, day_number, travel_plan_id, id) 
    values
        (?, ?, ?, default)
Hibernate: 
    insert 
    into
        locations
        (address, cached_at, description, external_id, is_open_now, lat, lng, name, rating, review_count, source, type, id) 
    values
        (?, ?, ?, ?, ?, ?, ?, ?, ?, ?, ?, ?, default)
Hibernate: 
    insert 
    into
        locations
        (address, cached_at, description, external_id, is_open_now, lat, lng, name, rating, review_count, source, type, id) 
    values
        (?, ?, ?, ?, ?, ?, ?, ?, ?, ?, ?, ?, default)
Hibernate: 
    insert 
    into
        plan_routes
        (departure_time, distance_km, duration_minutes, estimated_cost, from_location_id, note, plan_day_id, sequence, to_location_id, transport, id) 
    values
        (?, ?, ?, ?, ?, ?, ?, ?, ?, ?, default)
Hibernate: 
    insert 
    into
        locations
        (address, cached_at, description, external_id, is_open_now, lat, lng, name, rating, review_count, source, type, id) 
    values
        (?, ?, ?, ?, ?, ?, ?, ?, ?, ?, ?, ?, default)
Hibernate: 
    insert 
    into
        locations
        (address, cached_at, description, external_id, is_open_now, lat, lng, name, rating, review_count, source, type, id) 
    values
        (?, ?, ?, ?, ?, ?, ?, ?, ?, ?, ?, ?, default)
Hibernate: 
    insert 
    into
        plan_routes
        (departure_time, distance_km, duration_minutes, estimated_cost, from_location_id, note, plan_day_id, sequence, to_location_id, transport, id) 
    values
        (?, ?, ?, ?, ?, ?, ?, ?, ?, ?, default)
Hibernate: 
    insert 
    into
        locations
        (address, cached_at, description, external_id, is_open_now, lat, lng, name, rating, review_count, source, type, id) 
    values
        (?, ?, ?, ?, ?, ?, ?, ?, ?, ?, ?, ?, default)
Hibernate: 
    insert 
    into
        locations
        (address, cached_at, description, external_id, is_open_now, lat, lng, name, rating, review_count, source, type, id) 
    values
        (?, ?, ?, ?, ?, ?, ?, ?, ?, ?, ?, ?, default)
Hibernate: 
    insert 
    into
        plan_routes
        (departure_time, distance_km, duration_minutes, estimated_cost, from_location_id, note, plan_day_id, sequence, to_location_id, transport, id) 
    values
        (?, ?, ?, ?, ?, ?, ?, ?, ?, ?, default)
Hibernate: 
    insert 
    into
        locations
        (address, cached_at, description, external_id, is_open_now, lat, lng, name, rating, review_count, source, type, id) 
    values
        (?, ?, ?, ?, ?, ?, ?, ?, ?, ?, ?, ?, default)
Hibernate: 
    insert 
    into
        locations
        (address, cached_at, description, external_id, is_open_now, lat, lng, name, rating, review_count, source, type, id) 
    values
        (?, ?, ?, ?, ?, ?, ?, ?, ?, ?, ?, ?, default)
Hibernate: 
    insert 
    into
        plan_routes
        (departure_time, distance_km, duration_minutes, estimated_cost, from_location_id, note, plan_day_id, sequence, to_location_id, transport, id) 
    values
        (?, ?, ?, ?, ?, ?, ?, ?, ?, ?, default)
Hibernate: 
    insert 
    into
        locations
        (address, cached_at, description, external_id, is_open_now, lat, lng, name, rating, review_count, source, type, id) 
    values
        (?, ?, ?, ?, ?, ?, ?, ?, ?, ?, ?, ?, default)
Hibernate: 
    insert 
    into
        locations
        (address, cached_at, description, external_id, is_open_now, lat, lng, name, rating, review_count, source, type, id) 
    values
        (?, ?, ?, ?, ?, ?, ?, ?, ?, ?, ?, ?, default)
Hibernate: 
    insert 
    into
        plan_routes
        (departure_time, distance_km, duration_minutes, estimated_cost, from_location_id, note, plan_day_id, sequence, to_location_id, transport, id) 
    values
        (?, ?, ?, ?, ?, ?, ?, ?, ?, ?, default)
Hibernate: 
    insert 
    into
        locations
        (address, cached_at, description, external_id, is_open_now, lat, lng, name, rating, review_count, source, type, id) 
    values
        (?, ?, ?, ?, ?, ?, ?, ?, ?, ?, ?, ?, default)
Hibernate: 
    insert 
    into
        locations
        (address, cached_at, description, external_id, is_open_now, lat, lng, name, rating, review_count, source, type, id) 
    values
        (?, ?, ?, ?, ?, ?, ?, ?, ?, ?, ?, ?, default)
Hibernate: 
    insert 
    into
        plan_routes
        (departure_time, distance_km, duration_minutes, estimated_cost, from_location_id, note, plan_day_id, sequence, to_location_id, transport, id) 
    values
        (?, ?, ?, ?, ?, ?, ?, ?, ?, ?, default)
2026-05-22T12:52:57.507+09:00  INFO 45894 --- [dagalle] [nio-8080-exec-6] o.j.c.d.d.ai.service.AiScheduleService   : [AI day1 저장] 6개 route
Hibernate: 
    select
        tp1_0.id,
        tp1_0.arrival_at_dest_time,
        tp1_0.budget_total,
        tp1_0.country_code,
        tp1_0.departure_flight_time,
        tp1_0.end_date,
        tp1_0.end_location,
        tp1_0.is_ai_generated,
        tp1_0.keywords,
        tp1_0.member_count,
        tp1_0.owner_id,
        tp1_0.return_flight_time,
        tp1_0.start_date,
        tp1_0.start_location,
        tp1_0.status,
        tp1_0.theme,
        tp1_0.title,
        tp1_0.with_car 
    from
        travel_plans tp1_0 
    where
        tp1_0.id=?
Hibernate: 
    select
        pd1_0.id,
        pd1_0.date,
        pd1_0.day_number,
        r1_0.plan_day_id,
        r1_0.id,
        r1_0.departure_time,
        r1_0.distance_km,
        r1_0.duration_minutes,
        r1_0.estimated_cost,
        r1_0.from_location_id,
        fl1_0.id,
        fl1_0.address,
        fl1_0.cached_at,
        fl1_0.description,
        fl1_0.external_id,
        fl1_0.is_open_now,
        fl1_0.lat,
        fl1_0.lng,
        fl1_0.name,
        fl1_0.rating,
        fl1_0.review_count,
        fl1_0.source,
        fl1_0.type,
        r1_0.note,
        r1_0.sequence,
        r1_0.to_location_id,
        tl1_0.id,
        tl1_0.address,
        tl1_0.cached_at,
        tl1_0.description,
        tl1_0.external_id,
        tl1_0.is_open_now,
        tl1_0.lat,
        tl1_0.lng,
        tl1_0.name,
        tl1_0.rating,
        tl1_0.review_count,
        tl1_0.source,
        tl1_0.type,
        r1_0.transport,
        pd1_0.travel_plan_id 
    from
        plan_days pd1_0 
    left join
        plan_routes r1_0 
            on pd1_0.id=r1_0.plan_day_id 
    left join
        locations fl1_0 
            on fl1_0.id=r1_0.from_location_id 
    left join
        locations tl1_0 
            on tl1_0.id=r1_0.to_location_id 
    where
        pd1_0.travel_plan_id=? 
        and pd1_0.day_number=? 
    order by
        r1_0.sequence
Hibernate: 
    select
        u1_0.id,
        u1_0.deleted_at,
        u1_0.email,
        u1_0.password,
        u1_0.tendency,
        u1_0.username 
    from
        users u1_0 
    where
        u1_0.id=? 
        and (
            u1_0.deleted_at IS NULL
        )
Hibernate: 
    select
        tp1_0.id,
        tp1_0.arrival_at_dest_time,
        tp1_0.budget_total,
        tp1_0.country_code,
        tp1_0.departure_flight_time,
        tp1_0.end_date,
        tp1_0.end_location,
        tp1_0.is_ai_generated,
        tp1_0.keywords,
        tp1_0.member_count,
        tp1_0.owner_id,
        tp1_0.return_flight_time,
        tp1_0.start_date,
        tp1_0.start_location,
        tp1_0.status,
        tp1_0.theme,
        tp1_0.title,
        tp1_0.with_car 
    from
        travel_plans tp1_0 
    where
        tp1_0.id=?
Hibernate: 
    select
        u1_0.id,
        u1_0.deleted_at,
        u1_0.email,
        u1_0.password,
        u1_0.tendency,
        u1_0.username 
    from
        users u1_0 
    where
        u1_0.id=? 
        and (
            u1_0.deleted_at IS NULL
        )
Hibernate: 
    select
        tm1_0.id 
    from
        travel_members tm1_0 
    where
        tm1_0.travel_plan_id=? 
        and tm1_0.user_id=? 
    fetch
        first ? rows only
Hibernate: 
    select
        distinct pd1_0.id,
        pd1_0.date,
        pd1_0.day_number,
        r1_0.plan_day_id,
        r1_0.id,
        r1_0.departure_time,
        r1_0.distance_km,
        r1_0.duration_minutes,
        r1_0.estimated_cost,
        r1_0.from_location_id,
        fl1_0.id,
        fl1_0.address,
        fl1_0.cached_at,
        fl1_0.description,
        fl1_0.external_id,
        fl1_0.is_open_now,
        fl1_0.lat,
        fl1_0.lng,
        fl1_0.name,
        fl1_0.rating,
        fl1_0.review_count,
        fl1_0.source,
        fl1_0.type,
        r1_0.note,
        r1_0.sequence,
        r1_0.to_location_id,
        tl1_0.id,
        tl1_0.address,
        tl1_0.cached_at,
        tl1_0.description,
        tl1_0.external_id,
        tl1_0.is_open_now,
        tl1_0.lat,
        tl1_0.lng,
        tl1_0.name,
        tl1_0.rating,
        tl1_0.review_count,
        tl1_0.source,
        tl1_0.type,
        r1_0.transport,
        pd1_0.travel_plan_id 
    from
        plan_days pd1_0 
    left join
        plan_routes r1_0 
            on pd1_0.id=r1_0.plan_day_id 
    left join
        locations fl1_0 
            on fl1_0.id=r1_0.from_location_id 
    left join
        locations tl1_0 
            on tl1_0.id=r1_0.to_location_id 
    where
        pd1_0.travel_plan_id=? 
    order by
        pd1_0.day_number,
        r1_0.sequence
Hibernate: 
    select
        cr1_0.id,
        cr1_0.car_type,
        cr1_0.daily_rate_krw,
        cr1_0.estimated_fuel_krw,
        cr1_0.estimated_toll_krw,
        cr1_0.rental_days,
        cr1_0.travel_plan_id 
    from
        car_rentals cr1_0 
    where
        cr1_0.travel_plan_id=?
Hibernate: 
    select
        a1_0.id,
        a1_0.check_in,
        a1_0.check_out,
        a1_0.hotel_name,
        a1_0.price_per_night_krw,
        a1_0.travel_plan_id 
    from
        accommodations a1_0 
    where
        a1_0.travel_plan_id=?
Hibernate: 
    select
        u1_0.id,
        u1_0.deleted_at,
        u1_0.email,
        u1_0.password,
        u1_0.tendency,
        u1_0.username 
    from
        users u1_0 
    where
        u1_0.id=? 
        and (
            u1_0.deleted_at IS NULL
        )
Hibernate: 
    select
        u1_0.id,
        u1_0.deleted_at,
        u1_0.email,
        u1_0.password,
        u1_0.tendency,
        u1_0.username 
    from
        users u1_0 
    where
        u1_0.id=? 
        and (
            u1_0.deleted_at IS NULL
        )
Hibernate: 
    select
        u1_0.id,
        u1_0.deleted_at,
        u1_0.email,
        u1_0.password,
        u1_0.tendency,
        u1_0.username 
    from
        users u1_0 
    where
        u1_0.id=? 
        and (
            u1_0.deleted_at IS NULL
        )
Hibernate: 
    select
        u1_0.id,
        u1_0.deleted_at,
        u1_0.email,
        u1_0.password,
        u1_0.tendency,
        u1_0.username 
    from
        users u1_0 
    where
        u1_0.id=? 
        and (
            u1_0.deleted_at IS NULL
        )
Hibernate: 
    select
        u1_0.id,
        u1_0.deleted_at,
        u1_0.email,
        u1_0.password,
        u1_0.tendency,
        u1_0.username 
    from
        users u1_0 
    where
        u1_0.id=? 
        and (
            u1_0.deleted_at IS NULL
        )
Hibernate: 
    select
        tp1_0.id,
        tp1_0.arrival_at_dest_time,
        tp1_0.budget_total,
        tp1_0.country_code,
        tp1_0.departure_flight_time,
        tp1_0.end_date,
        tp1_0.end_location,
        tp1_0.is_ai_generated,
        tp1_0.keywords,
        tp1_0.member_count,
        tp1_0.owner_id,
        tp1_0.return_flight_time,
        tp1_0.start_date,
        tp1_0.start_location,
        tp1_0.status,
        tp1_0.theme,
        tp1_0.title,
        tp1_0.with_car 
    from
        travel_plans tp1_0 
    where
        tp1_0.id=?
Hibernate: 
    select
        tp1_0.id,
        tp1_0.arrival_at_dest_time,
        tp1_0.budget_total,
        tp1_0.country_code,
        tp1_0.departure_flight_time,
        tp1_0.end_date,
        tp1_0.end_location,
        tp1_0.is_ai_generated,
        tp1_0.keywords,
        tp1_0.member_count,
        tp1_0.owner_id,
        tp1_0.return_flight_time,
        tp1_0.start_date,
        tp1_0.start_location,
        tp1_0.status,
        tp1_0.theme,
        tp1_0.title,
        tp1_0.with_car 
    from
        travel_plans tp1_0 
    where
        tp1_0.id=?
Hibernate: 
    select
        tp1_0.id,
        tp1_0.arrival_at_dest_time,
        tp1_0.budget_total,
        tp1_0.country_code,
        tp1_0.departure_flight_time,
        tp1_0.end_date,
        tp1_0.end_location,
        tp1_0.is_ai_generated,
        tp1_0.keywords,
        tp1_0.member_count,
        tp1_0.owner_id,
        tp1_0.return_flight_time,
        tp1_0.start_date,
        tp1_0.start_location,
        tp1_0.status,
        tp1_0.theme,
        tp1_0.title,
        tp1_0.with_car 
    from
        travel_plans tp1_0 
    where
        tp1_0.id=?
Hibernate: 
    select
        tp1_0.id,
        tp1_0.arrival_at_dest_time,
        tp1_0.budget_total,
        tp1_0.country_code,
        tp1_0.departure_flight_time,
        tp1_0.end_date,
        tp1_0.end_location,
        tp1_0.is_ai_generated,
        tp1_0.keywords,
        tp1_0.member_count,
        tp1_0.owner_id,
        tp1_0.return_flight_time,
        tp1_0.start_date,
        tp1_0.start_location,
        tp1_0.status,
        tp1_0.theme,
        tp1_0.title,
        tp1_0.with_car 
    from
        travel_plans tp1_0 
    where
        tp1_0.id=?
Hibernate: 
    select
        tp1_0.id,
        tp1_0.arrival_at_dest_time,
        tp1_0.budget_total,
        tp1_0.country_code,
        tp1_0.departure_flight_time,
        tp1_0.end_date,
        tp1_0.end_location,
        tp1_0.is_ai_generated,
        tp1_0.keywords,
        tp1_0.member_count,
        tp1_0.owner_id,
        tp1_0.return_flight_time,
        tp1_0.start_date,
        tp1_0.start_location,
        tp1_0.status,
        tp1_0.theme,
        tp1_0.title,
        tp1_0.with_car 
    from
        travel_plans tp1_0 
    where
        tp1_0.id=?
Hibernate: 
    select
        u1_0.id,
        u1_0.deleted_at,
        u1_0.email,
        u1_0.password,
        u1_0.tendency,
        u1_0.username 
    from
        users u1_0 
    where
        u1_0.id=? 
        and (
            u1_0.deleted_at IS NULL
        )
Hibernate: 
    select
        u1_0.id,
        u1_0.deleted_at,
        u1_0.email,
        u1_0.password,
        u1_0.tendency,
        u1_0.username 
    from
        users u1_0 
    where
        u1_0.id=? 
        and (
            u1_0.deleted_at IS NULL
        )
Hibernate: 
    select
        u1_0.id,
        u1_0.deleted_at,
        u1_0.email,
        u1_0.password,
        u1_0.tendency,
        u1_0.username 
    from
        users u1_0 
    where
        u1_0.id=? 
        and (
            u1_0.deleted_at IS NULL
        )
Hibernate: 
    select
        u1_0.id,
        u1_0.deleted_at,
        u1_0.email,
        u1_0.password,
        u1_0.tendency,
        u1_0.username 
    from
        users u1_0 
    where
        u1_0.id=? 
        and (
            u1_0.deleted_at IS NULL
        )
Hibernate: 
    select
        u1_0.id,
        u1_0.deleted_at,
        u1_0.email,
        u1_0.password,
        u1_0.tendency,
        u1_0.username 
    from
        users u1_0 
    where
        u1_0.id=? 
        and (
            u1_0.deleted_at IS NULL
        )
Hibernate: 
    select
        tm1_0.id 
    from
        travel_members tm1_0 
    where
        tm1_0.travel_plan_id=? 
        and tm1_0.user_id=? 
    fetch
        first ? rows only
Hibernate: 
    select
        tm1_0.id 
    from
        travel_members tm1_0 
    where
        tm1_0.travel_plan_id=? 
        and tm1_0.user_id=? 
    fetch
        first ? rows only
Hibernate: 
    select
        tm1_0.id 
    from
        travel_members tm1_0 
    where
        tm1_0.travel_plan_id=? 
        and tm1_0.user_id=? 
    fetch
        first ? rows only
Hibernate: 
    select
        tm1_0.id 
    from
        travel_members tm1_0 
    where
        tm1_0.travel_plan_id=? 
        and tm1_0.user_id=? 
    fetch
        first ? rows only
Hibernate: 
    select
        tm1_0.id 
    from
        travel_members tm1_0 
    where
        tm1_0.travel_plan_id=? 
        and tm1_0.user_id=? 
    fetch
        first ? rows only
Hibernate: 
    select
        a1_0.id,
        a1_0.check_in,
        a1_0.check_out,
        a1_0.hotel_name,
        a1_0.price_per_night_krw,
        a1_0.travel_plan_id 
    from
        accommodations a1_0 
    where
        a1_0.travel_plan_id=?
Hibernate: 
    select
        cr1_0.id,
        cr1_0.car_type,
        cr1_0.daily_rate_krw,
        cr1_0.estimated_fuel_krw,
        cr1_0.estimated_toll_krw,
        cr1_0.rental_days,
        cr1_0.travel_plan_id 
    from
        car_rentals cr1_0 
    where
        cr1_0.travel_plan_id=?
Hibernate: 
    select
        distinct pd1_0.id,
        pd1_0.date,
        pd1_0.day_number,
        r1_0.plan_day_id,
        r1_0.id,
        r1_0.departure_time,
        r1_0.distance_km,
        r1_0.duration_minutes,
        r1_0.estimated_cost,
        r1_0.from_location_id,
        fl1_0.id,
        fl1_0.address,
        fl1_0.cached_at,
        fl1_0.description,
        fl1_0.external_id,
        fl1_0.is_open_now,
        fl1_0.lat,
        fl1_0.lng,
        fl1_0.name,
        fl1_0.rating,
        fl1_0.review_count,
        fl1_0.source,
        fl1_0.type,
        r1_0.note,
        r1_0.sequence,
        r1_0.to_location_id,
        tl1_0.id,
        tl1_0.address,
        tl1_0.cached_at,
        tl1_0.description,
        tl1_0.external_id,
        tl1_0.is_open_now,
        tl1_0.lat,
        tl1_0.lng,
        tl1_0.name,
        tl1_0.rating,
        tl1_0.review_count,
        tl1_0.source,
        tl1_0.type,
        r1_0.transport,
        pd1_0.travel_plan_id 
    from
        plan_days pd1_0 
    left join
        plan_routes r1_0 
            on pd1_0.id=r1_0.plan_day_id 
    left join
        locations fl1_0 
            on fl1_0.id=r1_0.from_location_id 
    left join
        locations tl1_0 
            on tl1_0.id=r1_0.to_location_id 
    where
        pd1_0.travel_plan_id=? 
    order by
        pd1_0.day_number,
        r1_0.sequence
Hibernate: 
    select
        distinct pd1_0.id,
        pd1_0.date,
        pd1_0.day_number,
        r1_0.plan_day_id,
        r1_0.id,
        r1_0.departure_time,
        r1_0.distance_km,
        r1_0.duration_minutes,
        r1_0.estimated_cost,
        r1_0.from_location_id,
        fl1_0.id,
        fl1_0.address,
        fl1_0.cached_at,
        fl1_0.description,
        fl1_0.external_id,
        fl1_0.is_open_now,
        fl1_0.lat,
        fl1_0.lng,
        fl1_0.name,
        fl1_0.rating,
        fl1_0.review_count,
        fl1_0.source,
        fl1_0.type,
        r1_0.note,
        r1_0.sequence,
        r1_0.to_location_id,
        tl1_0.id,
        tl1_0.address,
        tl1_0.cached_at,
        tl1_0.description,
        tl1_0.external_id,
        tl1_0.is_open_now,
        tl1_0.lat,
        tl1_0.lng,
        tl1_0.name,
        tl1_0.rating,
        tl1_0.review_count,
        tl1_0.source,
        tl1_0.type,
        r1_0.transport,
        pd1_0.travel_plan_id 
    from
        plan_days pd1_0 
    left join
        plan_routes r1_0 
            on pd1_0.id=r1_0.plan_day_id 
    left join
        locations fl1_0 
            on fl1_0.id=r1_0.from_location_id 
    left join
        locations tl1_0 
            on tl1_0.id=r1_0.to_location_id 
    where
        pd1_0.travel_plan_id=? 
    order by
        pd1_0.day_number,
        r1_0.sequence
Hibernate: 
    select
        cr1_0.id,
        cr1_0.car_type,
        cr1_0.daily_rate_krw,
        cr1_0.estimated_fuel_krw,
        cr1_0.estimated_toll_krw,
        cr1_0.rental_days,
        cr1_0.travel_plan_id 
    from
        car_rentals cr1_0 
    where
        cr1_0.travel_plan_id=?
Hibernate: 
    select
        a1_0.id,
        a1_0.check_in,
        a1_0.check_out,
        a1_0.hotel_name,
        a1_0.price_per_night_krw,
        a1_0.travel_plan_id 
    from
        accommodations a1_0 
    where
        a1_0.travel_plan_id=?
Hibernate: 
    select
        u1_0.id,
        u1_0.deleted_at,
        u1_0.email,
        u1_0.password,
        u1_0.tendency,
        u1_0.username 
    from
        users u1_0 
    where
        u1_0.id=? 
        and (
            u1_0.deleted_at IS NULL
        )
Hibernate: 
    select
        u1_0.id,
        u1_0.deleted_at,
        u1_0.email,
        u1_0.password,
        u1_0.tendency,
        u1_0.username 
    from
        users u1_0 
    where
        u1_0.id=? 
        and (
            u1_0.deleted_at IS NULL
        )
Hibernate: 
    select
        u1_0.id,
        u1_0.deleted_at,
        u1_0.email,
        u1_0.password,
        u1_0.tendency,
        u1_0.username 
    from
        users u1_0 
    where
        u1_0.id=? 
        and (
            u1_0.deleted_at IS NULL
        )
Hibernate: 
    select
        u1_0.id,
        u1_0.deleted_at,
        u1_0.email,
        u1_0.password,
        u1_0.tendency,
        u1_0.username 
    from
        users u1_0 
    where
        u1_0.id=? 
        and (
            u1_0.deleted_at IS NULL
        )
Hibernate: 
    select
        tp1_0.id,
        tp1_0.arrival_at_dest_time,
        tp1_0.budget_total,
        tp1_0.country_code,
        tp1_0.departure_flight_time,
        tp1_0.end_date,
        tp1_0.end_location,
        tp1_0.is_ai_generated,
        tp1_0.keywords,
        tp1_0.member_count,
        tp1_0.owner_id,
        tp1_0.return_flight_time,
        tp1_0.start_date,
        tp1_0.start_location,
        tp1_0.status,
        tp1_0.theme,
        tp1_0.title,
        tp1_0.with_car 
    from
        travel_plans tp1_0 
    where
        tp1_0.id=?
Hibernate: 
    select
        tp1_0.id,
        tp1_0.arrival_at_dest_time,
        tp1_0.budget_total,
        tp1_0.country_code,
        tp1_0.departure_flight_time,
        tp1_0.end_date,
        tp1_0.end_location,
        tp1_0.is_ai_generated,
        tp1_0.keywords,
        tp1_0.member_count,
        tp1_0.owner_id,
        tp1_0.return_flight_time,
        tp1_0.start_date,
        tp1_0.start_location,
        tp1_0.status,
        tp1_0.theme,
        tp1_0.title,
        tp1_0.with_car 
    from
        travel_plans tp1_0 
    where
        tp1_0.id=?
Hibernate: 
    select
        tp1_0.id,
        tp1_0.arrival_at_dest_time,
        tp1_0.budget_total,
        tp1_0.country_code,
        tp1_0.departure_flight_time,
        tp1_0.end_date,
        tp1_0.end_location,
        tp1_0.is_ai_generated,
        tp1_0.keywords,
        tp1_0.member_count,
        tp1_0.owner_id,
        tp1_0.return_flight_time,
        tp1_0.start_date,
        tp1_0.start_location,
        tp1_0.status,
        tp1_0.theme,
        tp1_0.title,
        tp1_0.with_car 
    from
        travel_plans tp1_0 
    where
        tp1_0.id=?
Hibernate: 
    select
        u1_0.id,
        u1_0.deleted_at,
        u1_0.email,
        u1_0.password,
        u1_0.tendency,
        u1_0.username 
    from
        users u1_0 
    where
        u1_0.id=? 
        and (
            u1_0.deleted_at IS NULL
        )
Hibernate: 
    select
        u1_0.id,
        u1_0.deleted_at,
        u1_0.email,
        u1_0.password,
        u1_0.tendency,
        u1_0.username 
    from
        users u1_0 
    where
        u1_0.id=? 
        and (
            u1_0.deleted_at IS NULL
        )
Hibernate: 
    select
        tp1_0.id,
        tp1_0.arrival_at_dest_time,
        tp1_0.budget_total,
        tp1_0.country_code,
        tp1_0.departure_flight_time,
        tp1_0.end_date,
        tp1_0.end_location,
        tp1_0.is_ai_generated,
        tp1_0.keywords,
        tp1_0.member_count,
        tp1_0.owner_id,
        tp1_0.return_flight_time,
        tp1_0.start_date,
        tp1_0.start_location,
        tp1_0.status,
        tp1_0.theme,
        tp1_0.title,
        tp1_0.with_car 
    from
        travel_plans tp1_0 
    where
        tp1_0.id=?
Hibernate: 
    select
        u1_0.id,
        u1_0.deleted_at,
        u1_0.email,
        u1_0.password,
        u1_0.tendency,
        u1_0.username 
    from
        users u1_0 
    where
        u1_0.id=? 
        and (
            u1_0.deleted_at IS NULL
        )
Hibernate: 
    select
        u1_0.id,
        u1_0.deleted_at,
        u1_0.email,
        u1_0.password,
        u1_0.tendency,
        u1_0.username 
    from
        users u1_0 
    where
        u1_0.id=? 
        and (
            u1_0.deleted_at IS NULL
        )
Hibernate: 
    select
        tm1_0.id 
    from
        travel_members tm1_0 
    where
        tm1_0.travel_plan_id=? 
        and tm1_0.user_id=? 
    fetch
        first ? rows only
Hibernate: 
    select
        tm1_0.id 
    from
        travel_members tm1_0 
    where
        tm1_0.travel_plan_id=? 
        and tm1_0.user_id=? 
    fetch
        first ? rows only
Hibernate: 
    select
        tm1_0.id 
    from
        travel_members tm1_0 
    where
        tm1_0.travel_plan_id=? 
        and tm1_0.user_id=? 
    fetch
        first ? rows only
Hibernate: 
    select
        u1_0.id,
        u1_0.deleted_at,
        u1_0.email,
        u1_0.password,
        u1_0.tendency,
        u1_0.username 
    from
        users u1_0 
    where
        u1_0.id=? 
        and (
            u1_0.deleted_at IS NULL
        )
Hibernate: 
    select
        tm1_0.id 
    from
        travel_members tm1_0 
    where
        tm1_0.travel_plan_id=? 
        and tm1_0.user_id=? 
    fetch
        first ? rows only
Hibernate: 
    select
        cr1_0.id,
        cr1_0.car_type,
        cr1_0.daily_rate_krw,
        cr1_0.estimated_fuel_krw,
        cr1_0.estimated_toll_krw,
        cr1_0.rental_days,
        cr1_0.travel_plan_id 
    from
        car_rentals cr1_0 
    where
        cr1_0.travel_plan_id=?
Hibernate: 
    select
        a1_0.id,
        a1_0.check_in,
        a1_0.check_out,
        a1_0.hotel_name,
        a1_0.price_per_night_krw,
        a1_0.travel_plan_id 
    from
        accommodations a1_0 
    where
        a1_0.travel_plan_id=?
Hibernate: 
    select
        distinct pd1_0.id,
        pd1_0.date,
        pd1_0.day_number,
        r1_0.plan_day_id,
        r1_0.id,
        r1_0.departure_time,
        r1_0.distance_km,
        r1_0.duration_minutes,
        r1_0.estimated_cost,
        r1_0.from_location_id,
        fl1_0.id,
        fl1_0.address,
        fl1_0.cached_at,
        fl1_0.description,
        fl1_0.external_id,
        fl1_0.is_open_now,
        fl1_0.lat,
        fl1_0.lng,
        fl1_0.name,
        fl1_0.rating,
        fl1_0.review_count,
        fl1_0.source,
        fl1_0.type,
        r1_0.note,
        r1_0.sequence,
        r1_0.to_location_id,
        tl1_0.id,
        tl1_0.address,
        tl1_0.cached_at,
        tl1_0.description,
        tl1_0.external_id,
        tl1_0.is_open_now,
        tl1_0.lat,
        tl1_0.lng,
        tl1_0.name,
        tl1_0.rating,
        tl1_0.review_count,
        tl1_0.source,
        tl1_0.type,
        r1_0.transport,
        pd1_0.travel_plan_id 
    from
        plan_days pd1_0 
    left join
        plan_routes r1_0 
            on pd1_0.id=r1_0.plan_day_id 
    left join
        locations fl1_0 
            on fl1_0.id=r1_0.from_location_id 
    left join
        locations tl1_0 
            on tl1_0.id=r1_0.to_location_id 
    where
        pd1_0.travel_plan_id=? 
    order by
        pd1_0.day_number,
        r1_0.sequence
Hibernate: 
    select
        tp1_0.id,
        tp1_0.arrival_at_dest_time,
        tp1_0.budget_total,
        tp1_0.country_code,
        tp1_0.departure_flight_time,
        tp1_0.end_date,
        tp1_0.end_location,
        tp1_0.is_ai_generated,
        tp1_0.keywords,
        tp1_0.member_count,
        tp1_0.owner_id,
        tp1_0.return_flight_time,
        tp1_0.start_date,
        tp1_0.start_location,
        tp1_0.status,
        tp1_0.theme,
        tp1_0.title,
        tp1_0.with_car 
    from
        travel_plans tp1_0 
    where
        tp1_0.id=?
Hibernate: 
    select
        u1_0.id,
        u1_0.deleted_at,
        u1_0.email,
        u1_0.password,
        u1_0.tendency,
        u1_0.username 
    from
        users u1_0 
    where
        u1_0.id=? 
        and (
            u1_0.deleted_at IS NULL
        )
Hibernate: 
    select
        tm1_0.id 
    from
        travel_members tm1_0 
    where
        tm1_0.travel_plan_id=? 
        and tm1_0.user_id=? 
    fetch
        first ? rows only
Hibernate: 
    select
        distinct pd1_0.id,
        pd1_0.date,
        pd1_0.day_number,
        r1_0.plan_day_id,
        r1_0.id,
        r1_0.departure_time,
        r1_0.distance_km,
        r1_0.duration_minutes,
        r1_0.estimated_cost,
        r1_0.from_location_id,
        fl1_0.id,
        fl1_0.address,
        fl1_0.cached_at,
        fl1_0.description,
        fl1_0.external_id,
        fl1_0.is_open_now,
        fl1_0.lat,
        fl1_0.lng,
        fl1_0.name,
        fl1_0.rating,
        fl1_0.review_count,
        fl1_0.source,
        fl1_0.type,
        r1_0.note,
        r1_0.sequence,
        r1_0.to_location_id,
        tl1_0.id,
        tl1_0.address,
        tl1_0.cached_at,
        tl1_0.description,
        tl1_0.external_id,
        tl1_0.is_open_now,
        tl1_0.lat,
        tl1_0.lng,
        tl1_0.name,
        tl1_0.rating,
        tl1_0.review_count,
        tl1_0.source,
        tl1_0.type,
        r1_0.transport,
        pd1_0.travel_plan_id 
    from
        plan_days pd1_0 
    left join
        plan_routes r1_0 
            on pd1_0.id=r1_0.plan_day_id 
    left join
        locations fl1_0 
            on fl1_0.id=r1_0.from_location_id 
    left join
        locations tl1_0 
            on tl1_0.id=r1_0.to_location_id 
    where
        pd1_0.travel_plan_id=? 
    order by
        pd1_0.day_number,
        r1_0.sequence
Hibernate: 
    select
        cr1_0.id,
        cr1_0.car_type,
        cr1_0.daily_rate_krw,
        cr1_0.estimated_fuel_krw,
        cr1_0.estimated_toll_krw,
        cr1_0.rental_days,
        cr1_0.travel_plan_id 
    from
        car_rentals cr1_0 
    where
        cr1_0.travel_plan_id=?
Hibernate: 
    select
        a1_0.id,
        a1_0.check_in,
        a1_0.check_out,
        a1_0.hotel_name,
        a1_0.price_per_night_krw,
        a1_0.travel_plan_id 
    from
        accommodations a1_0 
    where
        a1_0.travel_plan_id=?
Hibernate: 
    select
        u1_0.id,
        u1_0.deleted_at,
        u1_0.email,
        u1_0.password,
        u1_0.tendency,
        u1_0.username 
    from
        users u1_0 
    where
        u1_0.id=? 
        and (
            u1_0.deleted_at IS NULL
        )
Hibernate: 
    select
        u1_0.id,
        u1_0.deleted_at,
        u1_0.email,
        u1_0.password,
        u1_0.tendency,
        u1_0.username 
    from
        users u1_0 
    where
        u1_0.id=? 
        and (
            u1_0.deleted_at IS NULL
        )
Hibernate: 
    select
        u1_0.id,
        u1_0.deleted_at,
        u1_0.email,
        u1_0.password,
        u1_0.tendency,
        u1_0.username 
    from
        users u1_0 
    where
        u1_0.id=? 
        and (
            u1_0.deleted_at IS NULL
        )
Hibernate: 
    select
        u1_0.id,
        u1_0.deleted_at,
        u1_0.email,
        u1_0.password,
        u1_0.tendency,
        u1_0.username 
    from
        users u1_0 
    where
        u1_0.id=? 
        and (
            u1_0.deleted_at IS NULL
        )
Hibernate: 
    select
        u1_0.id,
        u1_0.deleted_at,
        u1_0.email,
        u1_0.password,
        u1_0.tendency,
        u1_0.username 
    from
        users u1_0 
    where
        u1_0.id=? 
        and (
            u1_0.deleted_at IS NULL
        )
Hibernate: 
    select
        tp1_0.id,
        tp1_0.arrival_at_dest_time,
        tp1_0.budget_total,
        tp1_0.country_code,
        tp1_0.departure_flight_time,
        tp1_0.end_date,
        tp1_0.end_location,
        tp1_0.is_ai_generated,
        tp1_0.keywords,
        tp1_0.member_count,
        tp1_0.owner_id,
        tp1_0.return_flight_time,
        tp1_0.start_date,
        tp1_0.start_location,
        tp1_0.status,
        tp1_0.theme,
        tp1_0.title,
        tp1_0.with_car 
    from
        travel_plans tp1_0 
    where
        tp1_0.id=?
Hibernate: 
    select
        tp1_0.id,
        tp1_0.arrival_at_dest_time,
        tp1_0.budget_total,
        tp1_0.country_code,
        tp1_0.departure_flight_time,
        tp1_0.end_date,
        tp1_0.end_location,
        tp1_0.is_ai_generated,
        tp1_0.keywords,
        tp1_0.member_count,
        tp1_0.owner_id,
        tp1_0.return_flight_time,
        tp1_0.start_date,
        tp1_0.start_location,
        tp1_0.status,
        tp1_0.theme,
        tp1_0.title,
        tp1_0.with_car 
    from
        travel_plans tp1_0 
    where
        tp1_0.id=?
Hibernate: 
    select
        tp1_0.id,
        tp1_0.arrival_at_dest_time,
        tp1_0.budget_total,
        tp1_0.country_code,
        tp1_0.departure_flight_time,
        tp1_0.end_date,
        tp1_0.end_location,
        tp1_0.is_ai_generated,
        tp1_0.keywords,
        tp1_0.member_count,
        tp1_0.owner_id,
        tp1_0.return_flight_time,
        tp1_0.start_date,
        tp1_0.start_location,
        tp1_0.status,
        tp1_0.theme,
        tp1_0.title,
        tp1_0.with_car 
    from
        travel_plans tp1_0 
    where
        tp1_0.id=?
Hibernate: 
    select
        tp1_0.id,
        tp1_0.arrival_at_dest_time,
        tp1_0.budget_total,
        tp1_0.country_code,
        tp1_0.departure_flight_time,
        tp1_0.end_date,
        tp1_0.end_location,
        tp1_0.is_ai_generated,
        tp1_0.keywords,
        tp1_0.member_count,
        tp1_0.owner_id,
        tp1_0.return_flight_time,
        tp1_0.start_date,
        tp1_0.start_location,
        tp1_0.status,
        tp1_0.theme,
        tp1_0.title,
        tp1_0.with_car 
    from
        travel_plans tp1_0 
    where
        tp1_0.id=?
Hibernate: 
    select
        tp1_0.id,
        tp1_0.arrival_at_dest_time,
        tp1_0.budget_total,
        tp1_0.country_code,
        tp1_0.departure_flight_time,
        tp1_0.end_date,
        tp1_0.end_location,
        tp1_0.is_ai_generated,
        tp1_0.keywords,
        tp1_0.member_count,
        tp1_0.owner_id,
        tp1_0.return_flight_time,
        tp1_0.start_date,
        tp1_0.start_location,
        tp1_0.status,
        tp1_0.theme,
        tp1_0.title,
        tp1_0.with_car 
    from
        travel_plans tp1_0 
    where
        tp1_0.id=?
Hibernate: 
    select
        u1_0.id,
        u1_0.deleted_at,
        u1_0.email,
        u1_0.password,
        u1_0.tendency,
        u1_0.username 
    from
        users u1_0 
    where
        u1_0.id=? 
        and (
            u1_0.deleted_at IS NULL
        )
Hibernate: 
    select
        u1_0.id,
        u1_0.deleted_at,
        u1_0.email,
        u1_0.password,
        u1_0.tendency,
        u1_0.username 
    from
        users u1_0 
    where
        u1_0.id=? 
        and (
            u1_0.deleted_at IS NULL
        )
Hibernate: 
    select
        u1_0.id,
        u1_0.deleted_at,
        u1_0.email,
        u1_0.password,
        u1_0.tendency,
        u1_0.username 
    from
        users u1_0 
    where
        u1_0.id=? 
        and (
            u1_0.deleted_at IS NULL
        )
Hibernate: 
    select
        u1_0.id,
        u1_0.deleted_at,
        u1_0.email,
        u1_0.password,
        u1_0.tendency,
        u1_0.username 
    from
        users u1_0 
    where
        u1_0.id=? 
        and (
            u1_0.deleted_at IS NULL
        )
Hibernate: 
    select
        u1_0.id,
        u1_0.deleted_at,
        u1_0.email,
        u1_0.password,
        u1_0.tendency,
        u1_0.username 
    from
        users u1_0 
    where
        u1_0.id=? 
        and (
            u1_0.deleted_at IS NULL
        )
Hibernate: 
    select
        tm1_0.id 
    from
        travel_members tm1_0 
    where
        tm1_0.travel_plan_id=? 
        and tm1_0.user_id=? 
    fetch
        first ? rows only
Hibernate: 
    select
        tm1_0.id 
    from
        travel_members tm1_0 
    where
        tm1_0.travel_plan_id=? 
        and tm1_0.user_id=? 
    fetch
        first ? rows only
Hibernate: 
    select
        tm1_0.id 
    from
        travel_members tm1_0 
    where
        tm1_0.travel_plan_id=? 
        and tm1_0.user_id=? 
    fetch
        first ? rows only
Hibernate: 
    select
        tm1_0.id 
    from
        travel_members tm1_0 
    where
        tm1_0.travel_plan_id=? 
        and tm1_0.user_id=? 
    fetch
        first ? rows only
Hibernate: 
    select
        tm1_0.id 
    from
        travel_members tm1_0 
    where
        tm1_0.travel_plan_id=? 
        and tm1_0.user_id=? 
    fetch
        first ? rows only
Hibernate: 
    select
        cr1_0.id,
        cr1_0.car_type,
        cr1_0.daily_rate_krw,
        cr1_0.estimated_fuel_krw,
        cr1_0.estimated_toll_krw,
        cr1_0.rental_days,
        cr1_0.travel_plan_id 
    from
        car_rentals cr1_0 
    where
        cr1_0.travel_plan_id=?
Hibernate: 
    select
        a1_0.id,
        a1_0.check_in,
        a1_0.check_out,
        a1_0.hotel_name,
        a1_0.price_per_night_krw,
        a1_0.travel_plan_id 
    from
        accommodations a1_0 
    where
        a1_0.travel_plan_id=?
Hibernate: 
    select
        distinct pd1_0.id,
        pd1_0.date,
        pd1_0.day_number,
        r1_0.plan_day_id,
        r1_0.id,
        r1_0.departure_time,
        r1_0.distance_km,
        r1_0.duration_minutes,
        r1_0.estimated_cost,
        r1_0.from_location_id,
        fl1_0.id,
        fl1_0.address,
        fl1_0.cached_at,
        fl1_0.description,
        fl1_0.external_id,
        fl1_0.is_open_now,
        fl1_0.lat,
        fl1_0.lng,
        fl1_0.name,
        fl1_0.rating,
        fl1_0.review_count,
        fl1_0.source,
        fl1_0.type,
        r1_0.note,
        r1_0.sequence,
        r1_0.to_location_id,
        tl1_0.id,
        tl1_0.address,
        tl1_0.cached_at,
        tl1_0.description,
        tl1_0.external_id,
        tl1_0.is_open_now,
        tl1_0.lat,
        tl1_0.lng,
        tl1_0.name,
        tl1_0.rating,
        tl1_0.review_count,
        tl1_0.source,
        tl1_0.type,
        r1_0.transport,
        pd1_0.travel_plan_id 
    from
        plan_days pd1_0 
    left join
        plan_routes r1_0 
            on pd1_0.id=r1_0.plan_day_id 
    left join
        locations fl1_0 
            on fl1_0.id=r1_0.from_location_id 
    left join
        locations tl1_0 
            on tl1_0.id=r1_0.to_location_id 
    where
        pd1_0.travel_plan_id=? 
    order by
        pd1_0.day_number,
        r1_0.sequence
Hibernate: 
    select
        distinct pd1_0.id,
        pd1_0.date,
        pd1_0.day_number,
        r1_0.plan_day_id,
        r1_0.id,
        r1_0.departure_time,
        r1_0.distance_km,
        r1_0.duration_minutes,
        r1_0.estimated_cost,
        r1_0.from_location_id,
        fl1_0.id,
        fl1_0.address,
        fl1_0.cached_at,
        fl1_0.description,
        fl1_0.external_id,
        fl1_0.is_open_now,
        fl1_0.lat,
        fl1_0.lng,
        fl1_0.name,
        fl1_0.rating,
        fl1_0.review_count,
        fl1_0.source,
        fl1_0.type,
        r1_0.note,
        r1_0.sequence,
        r1_0.to_location_id,
        tl1_0.id,
        tl1_0.address,
        tl1_0.cached_at,
        tl1_0.description,
        tl1_0.external_id,
        tl1_0.is_open_now,
        tl1_0.lat,
        tl1_0.lng,
        tl1_0.name,
        tl1_0.rating,
        tl1_0.review_count,
        tl1_0.source,
        tl1_0.type,
        r1_0.transport,
        pd1_0.travel_plan_id 
    from
        plan_days pd1_0 
    left join
        plan_routes r1_0 
            on pd1_0.id=r1_0.plan_day_id 
    left join
        locations fl1_0 
            on fl1_0.id=r1_0.from_location_id 
    left join
        locations tl1_0 
            on tl1_0.id=r1_0.to_location_id 
    where
        pd1_0.travel_plan_id=? 
    order by
        pd1_0.day_number,
        r1_0.sequence
Hibernate: 
    select
        cr1_0.id,
        cr1_0.car_type,
        cr1_0.daily_rate_krw,
        cr1_0.estimated_fuel_krw,
        cr1_0.estimated_toll_krw,
        cr1_0.rental_days,
        cr1_0.travel_plan_id 
    from
        car_rentals cr1_0 
    where
        cr1_0.travel_plan_id=?
Hibernate: 
    select
        a1_0.id,
        a1_0.check_in,
        a1_0.check_out,
        a1_0.hotel_name,
        a1_0.price_per_night_krw,
        a1_0.travel_plan_id 
    from
        accommodations a1_0 
    where
        a1_0.travel_plan_id=?
Hibernate: 
    select
        u1_0.id,
        u1_0.deleted_at,
        u1_0.email,
        u1_0.password,
        u1_0.tendency,
        u1_0.username 
    from
        users u1_0 
    where
        u1_0.id=? 
        and (
            u1_0.deleted_at IS NULL
        )
Hibernate: 
    select
        u1_0.id,
        u1_0.deleted_at,
        u1_0.email,
        u1_0.password,
        u1_0.tendency,
        u1_0.username 
    from
        users u1_0 
    where
        u1_0.id=? 
        and (
            u1_0.deleted_at IS NULL
        )
Hibernate: 
    select
        u1_0.id,
        u1_0.deleted_at,
        u1_0.email,
        u1_0.password,
        u1_0.tendency,
        u1_0.username 
    from
        users u1_0 
    where
        u1_0.id=? 
        and (
            u1_0.deleted_at IS NULL
        )
Hibernate: 
    select
        u1_0.id,
        u1_0.deleted_at,
        u1_0.email,
        u1_0.password,
        u1_0.tendency,
        u1_0.username 
    from
        users u1_0 
    where
        u1_0.id=? 
        and (
            u1_0.deleted_at IS NULL
        )
Hibernate: 
    select
        u1_0.id,
        u1_0.deleted_at,
        u1_0.email,
        u1_0.password,
        u1_0.tendency,
        u1_0.username 
    from
        users u1_0 
    where
        u1_0.id=? 
        and (
            u1_0.deleted_at IS NULL
        )
Hibernate: 
    select
        tp1_0.id,
        tp1_0.arrival_at_dest_time,
        tp1_0.budget_total,
        tp1_0.country_code,
        tp1_0.departure_flight_time,
        tp1_0.end_date,
        tp1_0.end_location,
        tp1_0.is_ai_generated,
        tp1_0.keywords,
        tp1_0.member_count,
        tp1_0.owner_id,
        tp1_0.return_flight_time,
        tp1_0.start_date,
        tp1_0.start_location,
        tp1_0.status,
        tp1_0.theme,
        tp1_0.title,
        tp1_0.with_car 
    from
        travel_plans tp1_0 
    where
        tp1_0.id=?
Hibernate: 
    select
        u1_0.id,
        u1_0.deleted_at,
        u1_0.email,
        u1_0.password,
        u1_0.tendency,
        u1_0.username 
    from
        users u1_0 
    where
        u1_0.id=? 
        and (
            u1_0.deleted_at IS NULL
        )
Hibernate: 
    select
        tp1_0.id,
        tp1_0.arrival_at_dest_time,
        tp1_0.budget_total,
        tp1_0.country_code,
        tp1_0.departure_flight_time,
        tp1_0.end_date,
        tp1_0.end_location,
        tp1_0.is_ai_generated,
        tp1_0.keywords,
        tp1_0.member_count,
        tp1_0.owner_id,
        tp1_0.return_flight_time,
        tp1_0.start_date,
        tp1_0.start_location,
        tp1_0.status,
        tp1_0.theme,
        tp1_0.title,
        tp1_0.with_car 
    from
        travel_plans tp1_0 
    where
        tp1_0.id=?
Hibernate: 
    select
        tm1_0.id 
    from
        travel_members tm1_0 
    where
        tm1_0.travel_plan_id=? 
        and tm1_0.user_id=? 
    fetch
        first ? rows only
Hibernate: 
    select
        u1_0.id,
        u1_0.deleted_at,
        u1_0.email,
        u1_0.password,
        u1_0.tendency,
        u1_0.username 
    from
        users u1_0 
    where
        u1_0.id=? 
        and (
            u1_0.deleted_at IS NULL
        )
Hibernate: 
    select
        tp1_0.id,
        tp1_0.arrival_at_dest_time,
        tp1_0.budget_total,
        tp1_0.country_code,
        tp1_0.departure_flight_time,
        tp1_0.end_date,
        tp1_0.end_location,
        tp1_0.is_ai_generated,
        tp1_0.keywords,
        tp1_0.member_count,
        tp1_0.owner_id,
        tp1_0.return_flight_time,
        tp1_0.start_date,
        tp1_0.start_location,
        tp1_0.status,
        tp1_0.theme,
        tp1_0.title,
        tp1_0.with_car 
    from
        travel_plans tp1_0 
    where
        tp1_0.id=?
Hibernate: 
    select
        tp1_0.id,
        tp1_0.arrival_at_dest_time,
        tp1_0.budget_total,
        tp1_0.country_code,
        tp1_0.departure_flight_time,
        tp1_0.end_date,
        tp1_0.end_location,
        tp1_0.is_ai_generated,
        tp1_0.keywords,
        tp1_0.member_count,
        tp1_0.owner_id,
        tp1_0.return_flight_time,
        tp1_0.start_date,
        tp1_0.start_location,
        tp1_0.status,
        tp1_0.theme,
        tp1_0.title,
        tp1_0.with_car 
    from
        travel_plans tp1_0 
    where
        tp1_0.id=?
Hibernate: 
    select
        tp1_0.id,
        tp1_0.arrival_at_dest_time,
        tp1_0.budget_total,
        tp1_0.country_code,
        tp1_0.departure_flight_time,
        tp1_0.end_date,
        tp1_0.end_location,
        tp1_0.is_ai_generated,
        tp1_0.keywords,
        tp1_0.member_count,
        tp1_0.owner_id,
        tp1_0.return_flight_time,
        tp1_0.start_date,
        tp1_0.start_location,
        tp1_0.status,
        tp1_0.theme,
        tp1_0.title,
        tp1_0.with_car 
    from
        travel_plans tp1_0 
    where
        tp1_0.id=?
Hibernate: 
    select
        tm1_0.id 
    from
        travel_members tm1_0 
    where
        tm1_0.travel_plan_id=? 
        and tm1_0.user_id=? 
    fetch
        first ? rows only
Hibernate: 
    select
        u1_0.id,
        u1_0.deleted_at,
        u1_0.email,
        u1_0.password,
        u1_0.tendency,
        u1_0.username 
    from
        users u1_0 
    where
        u1_0.id=? 
        and (
            u1_0.deleted_at IS NULL
        )
Hibernate: 
    select
        u1_0.id,
        u1_0.deleted_at,
        u1_0.email,
        u1_0.password,
        u1_0.tendency,
        u1_0.username 
    from
        users u1_0 
    where
        u1_0.id=? 
        and (
            u1_0.deleted_at IS NULL
        )
Hibernate: 
    select
        distinct pd1_0.id,
        pd1_0.date,
        pd1_0.day_number,
        r1_0.plan_day_id,
        r1_0.id,
        r1_0.departure_time,
        r1_0.distance_km,
        r1_0.duration_minutes,
        r1_0.estimated_cost,
        r1_0.from_location_id,
        fl1_0.id,
        fl1_0.address,
        fl1_0.cached_at,
        fl1_0.description,
        fl1_0.external_id,
        fl1_0.is_open_now,
        fl1_0.lat,
        fl1_0.lng,
        fl1_0.name,
        fl1_0.rating,
        fl1_0.review_count,
        fl1_0.source,
        fl1_0.type,
        r1_0.note,
        r1_0.sequence,
        r1_0.to_location_id,
        tl1_0.id,
        tl1_0.address,
        tl1_0.cached_at,
        tl1_0.description,
        tl1_0.external_id,
        tl1_0.is_open_now,
        tl1_0.lat,
        tl1_0.lng,
        tl1_0.name,
        tl1_0.rating,
        tl1_0.review_count,
        tl1_0.source,
        tl1_0.type,
        r1_0.transport,
        pd1_0.travel_plan_id 
    from
        plan_days pd1_0 
    left join
        plan_routes r1_0 
            on pd1_0.id=r1_0.plan_day_id 
    left join
        locations fl1_0 
            on fl1_0.id=r1_0.from_location_id 
    left join
        locations tl1_0 
            on tl1_0.id=r1_0.to_location_id 
    where
        pd1_0.travel_plan_id=? 
    order by
        pd1_0.day_number,
        r1_0.sequence
Hibernate: 
    select
        tm1_0.id 
    from
        travel_members tm1_0 
    where
        tm1_0.travel_plan_id=? 
        and tm1_0.user_id=? 
    fetch
        first ? rows only
Hibernate: 
    select
        cr1_0.id,
        cr1_0.car_type,
        cr1_0.daily_rate_krw,
        cr1_0.estimated_fuel_krw,
        cr1_0.estimated_toll_krw,
        cr1_0.rental_days,
        cr1_0.travel_plan_id 
    from
        car_rentals cr1_0 
    where
        cr1_0.travel_plan_id=?
Hibernate: 
    select
        tm1_0.id 
    from
        travel_members tm1_0 
    where
        tm1_0.travel_plan_id=? 
        and tm1_0.user_id=? 
    fetch
        first ? rows only
Hibernate: 
    select
        u1_0.id,
        u1_0.deleted_at,
        u1_0.email,
        u1_0.password,
        u1_0.tendency,
        u1_0.username 
    from
        users u1_0 
    where
        u1_0.id=? 
        and (
            u1_0.deleted_at IS NULL
        )
Hibernate: 
    select
        tm1_0.id 
    from
        travel_members tm1_0 
    where
        tm1_0.travel_plan_id=? 
        and tm1_0.user_id=? 
    fetch
        first ? rows only
Hibernate: 
    select
        a1_0.id,
        a1_0.check_in,
        a1_0.check_out,
        a1_0.hotel_name,
        a1_0.price_per_night_krw,
        a1_0.travel_plan_id 
    from
        accommodations a1_0 
    where
        a1_0.travel_plan_id=?
Hibernate: 
    select
        distinct pd1_0.id,
        pd1_0.date,
        pd1_0.day_number,
        r1_0.plan_day_id,
        r1_0.id,
        r1_0.departure_time,
        r1_0.distance_km,
        r1_0.duration_minutes,
        r1_0.estimated_cost,
        r1_0.from_location_id,
        fl1_0.id,
        fl1_0.address,
        fl1_0.cached_at,
        fl1_0.description,
        fl1_0.external_id,
        fl1_0.is_open_now,
        fl1_0.lat,
        fl1_0.lng,
        fl1_0.name,
        fl1_0.rating,
        fl1_0.review_count,
        fl1_0.source,
        fl1_0.type,
        r1_0.note,
        r1_0.sequence,
        r1_0.to_location_id,
        tl1_0.id,
        tl1_0.address,
        tl1_0.cached_at,
        tl1_0.description,
        tl1_0.external_id,
        tl1_0.is_open_now,
        tl1_0.lat,
        tl1_0.lng,
        tl1_0.name,
        tl1_0.rating,
        tl1_0.review_count,
        tl1_0.source,
        tl1_0.type,
        r1_0.transport,
        pd1_0.travel_plan_id 
    from
        plan_days pd1_0 
    left join
        plan_routes r1_0 
            on pd1_0.id=r1_0.plan_day_id 
    left join
        locations fl1_0 
            on fl1_0.id=r1_0.from_location_id 
    left join
        locations tl1_0 
            on tl1_0.id=r1_0.to_location_id 
    where
        pd1_0.travel_plan_id=? 
    order by
        pd1_0.day_number,
        r1_0.sequence
Hibernate: 
    select
        cr1_0.id,
        cr1_0.car_type,
        cr1_0.daily_rate_krw,
        cr1_0.estimated_fuel_krw,
        cr1_0.estimated_toll_krw,
        cr1_0.rental_days,
        cr1_0.travel_plan_id 
    from
        car_rentals cr1_0 
    where
        cr1_0.travel_plan_id=?
Hibernate: 
    select
        a1_0.id,
        a1_0.check_in,
        a1_0.check_out,
        a1_0.hotel_name,
        a1_0.price_per_night_krw,
        a1_0.travel_plan_id 
    from
        accommodations a1_0 
    where
        a1_0.travel_plan_id=?
Hibernate: 
    select
        u1_0.id,
        u1_0.deleted_at,
        u1_0.email,
        u1_0.password,
        u1_0.tendency,
        u1_0.username 
    from
        users u1_0 
    where
        u1_0.id=? 
        and (
            u1_0.deleted_at IS NULL
        )
Hibernate: 
    select
        u1_0.id,
        u1_0.deleted_at,
        u1_0.email,
        u1_0.password,
        u1_0.tendency,
        u1_0.username 
    from
        users u1_0 
    where
        u1_0.id=? 
        and (
            u1_0.deleted_at IS NULL
        )
Hibernate: 
    select
        u1_0.id,
        u1_0.deleted_at,
        u1_0.email,
        u1_0.password,
        u1_0.tendency,
        u1_0.username 
    from
        users u1_0 
    where
        u1_0.id=? 
        and (
            u1_0.deleted_at IS NULL
        )
Hibernate: 
    select
        u1_0.id,
        u1_0.deleted_at,
        u1_0.email,
        u1_0.password,
        u1_0.tendency,
        u1_0.username 
    from
        users u1_0 
    where
        u1_0.id=? 
        and (
            u1_0.deleted_at IS NULL
        )
Hibernate: 
    select
        u1_0.id,
        u1_0.deleted_at,
        u1_0.email,
        u1_0.password,
        u1_0.tendency,
        u1_0.username 
    from
        users u1_0 
    where
        u1_0.id=? 
        and (
            u1_0.deleted_at IS NULL
        )
Hibernate: 
    select
        tp1_0.id,
        tp1_0.arrival_at_dest_time,
        tp1_0.budget_total,
        tp1_0.country_code,
        tp1_0.departure_flight_time,
        tp1_0.end_date,
        tp1_0.end_location,
        tp1_0.is_ai_generated,
        tp1_0.keywords,
        tp1_0.member_count,
        tp1_0.owner_id,
        tp1_0.return_flight_time,
        tp1_0.start_date,
        tp1_0.start_location,
        tp1_0.status,
        tp1_0.theme,
        tp1_0.title,
        tp1_0.with_car 
    from
        travel_plans tp1_0 
    where
        tp1_0.id=?
Hibernate: 
    select
        tp1_0.id,
        tp1_0.arrival_at_dest_time,
        tp1_0.budget_total,
        tp1_0.country_code,
        tp1_0.departure_flight_time,
        tp1_0.end_date,
        tp1_0.end_location,
        tp1_0.is_ai_generated,
        tp1_0.keywords,
        tp1_0.member_count,
        tp1_0.owner_id,
        tp1_0.return_flight_time,
        tp1_0.start_date,
        tp1_0.start_location,
        tp1_0.status,
        tp1_0.theme,
        tp1_0.title,
        tp1_0.with_car 
    from
        travel_plans tp1_0 
    where
        tp1_0.id=?
Hibernate: 
    select
        tp1_0.id,
        tp1_0.arrival_at_dest_time,
        tp1_0.budget_total,
        tp1_0.country_code,
        tp1_0.departure_flight_time,
        tp1_0.end_date,
        tp1_0.end_location,
        tp1_0.is_ai_generated,
        tp1_0.keywords,
        tp1_0.member_count,
        tp1_0.owner_id,
        tp1_0.return_flight_time,
        tp1_0.start_date,
        tp1_0.start_location,
        tp1_0.status,
        tp1_0.theme,
        tp1_0.title,
        tp1_0.with_car 
    from
        travel_plans tp1_0 
    where
        tp1_0.id=?
Hibernate: 
    select
        tp1_0.id,
        tp1_0.arrival_at_dest_time,
        tp1_0.budget_total,
        tp1_0.country_code,
        tp1_0.departure_flight_time,
        tp1_0.end_date,
        tp1_0.end_location,
        tp1_0.is_ai_generated,
        tp1_0.keywords,
        tp1_0.member_count,
        tp1_0.owner_id,
        tp1_0.return_flight_time,
        tp1_0.start_date,
        tp1_0.start_location,
        tp1_0.status,
        tp1_0.theme,
        tp1_0.title,
        tp1_0.with_car 
    from
        travel_plans tp1_0 
    where
        tp1_0.id=?
Hibernate: 
    select
        tp1_0.id,
        tp1_0.arrival_at_dest_time,
        tp1_0.budget_total,
        tp1_0.country_code,
        tp1_0.departure_flight_time,
        tp1_0.end_date,
        tp1_0.end_location,
        tp1_0.is_ai_generated,
        tp1_0.keywords,
        tp1_0.member_count,
        tp1_0.owner_id,
        tp1_0.return_flight_time,
        tp1_0.start_date,
        tp1_0.start_location,
        tp1_0.status,
        tp1_0.theme,
        tp1_0.title,
        tp1_0.with_car 
    from
        travel_plans tp1_0 
    where
        tp1_0.id=?
Hibernate: 
    select
        u1_0.id,
        u1_0.deleted_at,
        u1_0.email,
        u1_0.password,
        u1_0.tendency,
        u1_0.username 
    from
        users u1_0 
    where
        u1_0.id=? 
        and (
            u1_0.deleted_at IS NULL
        )
Hibernate: 
    select
        u1_0.id,
        u1_0.deleted_at,
        u1_0.email,
        u1_0.password,
        u1_0.tendency,
        u1_0.username 
    from
        users u1_0 
    where
        u1_0.id=? 
        and (
            u1_0.deleted_at IS NULL
        )
Hibernate: 
    select
        u1_0.id,
        u1_0.deleted_at,
        u1_0.email,
        u1_0.password,
        u1_0.tendency,
        u1_0.username 
    from
        users u1_0 
    where
        u1_0.id=? 
        and (
            u1_0.deleted_at IS NULL
        )
Hibernate: 
    select
        u1_0.id,
        u1_0.deleted_at,
        u1_0.email,
        u1_0.password,
        u1_0.tendency,
        u1_0.username 
    from
        users u1_0 
    where
        u1_0.id=? 
        and (
            u1_0.deleted_at IS NULL
        )
Hibernate: 
    select
        u1_0.id,
        u1_0.deleted_at,
        u1_0.email,
        u1_0.password,
        u1_0.tendency,
        u1_0.username 
    from
        users u1_0 
    where
        u1_0.id=? 
        and (
            u1_0.deleted_at IS NULL
        )
Hibernate: 
    select
        tm1_0.id 
    from
        travel_members tm1_0 
    where
        tm1_0.travel_plan_id=? 
        and tm1_0.user_id=? 
    fetch
        first ? rows only
Hibernate: 
    select
        tm1_0.id 
    from
        travel_members tm1_0 
    where
        tm1_0.travel_plan_id=? 
        and tm1_0.user_id=? 
    fetch
        first ? rows only
Hibernate: 
    select
        tm1_0.id 
    from
        travel_members tm1_0 
    where
        tm1_0.travel_plan_id=? 
        and tm1_0.user_id=? 
    fetch
        first ? rows only
Hibernate: 
    select
        tm1_0.id 
    from
        travel_members tm1_0 
    where
        tm1_0.travel_plan_id=? 
        and tm1_0.user_id=? 
    fetch
        first ? rows only
Hibernate: 
    select
        tm1_0.id 
    from
        travel_members tm1_0 
    where
        tm1_0.travel_plan_id=? 
        and tm1_0.user_id=? 
    fetch
        first ? rows only
Hibernate: 
    select
        a1_0.id,
        a1_0.check_in,
        a1_0.check_out,
        a1_0.hotel_name,
        a1_0.price_per_night_krw,
        a1_0.travel_plan_id 
    from
        accommodations a1_0 
    where
        a1_0.travel_plan_id=?
Hibernate: 
    select
        cr1_0.id,
        cr1_0.car_type,
        cr1_0.daily_rate_krw,
        cr1_0.estimated_fuel_krw,
        cr1_0.estimated_toll_krw,
        cr1_0.rental_days,
        cr1_0.travel_plan_id 
    from
        car_rentals cr1_0 
    where
        cr1_0.travel_plan_id=?
Hibernate: 
    select
        distinct pd1_0.id,
        pd1_0.date,
        pd1_0.day_number,
        r1_0.plan_day_id,
        r1_0.id,
        r1_0.departure_time,
        r1_0.distance_km,
        r1_0.duration_minutes,
        r1_0.estimated_cost,
        r1_0.from_location_id,
        fl1_0.id,
        fl1_0.address,
        fl1_0.cached_at,
        fl1_0.description,
        fl1_0.external_id,
        fl1_0.is_open_now,
        fl1_0.lat,
        fl1_0.lng,
        fl1_0.name,
        fl1_0.rating,
        fl1_0.review_count,
        fl1_0.source,
        fl1_0.type,
        r1_0.note,
        r1_0.sequence,
        r1_0.to_location_id,
        tl1_0.id,
        tl1_0.address,
        tl1_0.cached_at,
        tl1_0.description,
        tl1_0.external_id,
        tl1_0.is_open_now,
        tl1_0.lat,
        tl1_0.lng,
        tl1_0.name,
        tl1_0.rating,
        tl1_0.review_count,
        tl1_0.source,
        tl1_0.type,
        r1_0.transport,
        pd1_0.travel_plan_id 
    from
        plan_days pd1_0 
    left join
        plan_routes r1_0 
            on pd1_0.id=r1_0.plan_day_id 
    left join
        locations fl1_0 
            on fl1_0.id=r1_0.from_location_id 
    left join
        locations tl1_0 
            on tl1_0.id=r1_0.to_location_id 
    where
        pd1_0.travel_plan_id=? 
    order by
        pd1_0.day_number,
        r1_0.sequence
Hibernate: 
    select
        distinct pd1_0.id,
        pd1_0.date,
        pd1_0.day_number,
        r1_0.plan_day_id,
        r1_0.id,
        r1_0.departure_time,
        r1_0.distance_km,
        r1_0.duration_minutes,
        r1_0.estimated_cost,
        r1_0.from_location_id,
        fl1_0.id,
        fl1_0.address,
        fl1_0.cached_at,
        fl1_0.description,
        fl1_0.external_id,
        fl1_0.is_open_now,
        fl1_0.lat,
        fl1_0.lng,
        fl1_0.name,
        fl1_0.rating,
        fl1_0.review_count,
        fl1_0.source,
        fl1_0.type,
        r1_0.note,
        r1_0.sequence,
        r1_0.to_location_id,
        tl1_0.id,
        tl1_0.address,
        tl1_0.cached_at,
        tl1_0.description,
        tl1_0.external_id,
        tl1_0.is_open_now,
        tl1_0.lat,
        tl1_0.lng,
        tl1_0.name,
        tl1_0.rating,
        tl1_0.review_count,
        tl1_0.source,
        tl1_0.type,
        r1_0.transport,
        pd1_0.travel_plan_id 
    from
        plan_days pd1_0 
    left join
        plan_routes r1_0 
            on pd1_0.id=r1_0.plan_day_id 
    left join
        locations fl1_0 
            on fl1_0.id=r1_0.from_location_id 
    left join
        locations tl1_0 
            on tl1_0.id=r1_0.to_location_id 
    where
        pd1_0.travel_plan_id=? 
    order by
        pd1_0.day_number,
        r1_0.sequence
Hibernate: 
    select
        cr1_0.id,
        cr1_0.car_type,
        cr1_0.daily_rate_krw,
        cr1_0.estimated_fuel_krw,
        cr1_0.estimated_toll_krw,
        cr1_0.rental_days,
        cr1_0.travel_plan_id 
    from
        car_rentals cr1_0 
    where
        cr1_0.travel_plan_id=?
Hibernate: 
    select
        a1_0.id,
        a1_0.check_in,
        a1_0.check_out,
        a1_0.hotel_name,
        a1_0.price_per_night_krw,
        a1_0.travel_plan_id 
    from
        accommodations a1_0 
    where
        a1_0.travel_plan_id=?
Hibernate: 
    select
        u1_0.id,
        u1_0.deleted_at,
        u1_0.email,
        u1_0.password,
        u1_0.tendency,
        u1_0.username 
    from
        users u1_0 
    where
        u1_0.id=? 
        and (
            u1_0.deleted_at IS NULL
        )
Hibernate: 
    select
        u1_0.id,
        u1_0.deleted_at,
        u1_0.email,
        u1_0.password,
        u1_0.tendency,
        u1_0.username 
    from
        users u1_0 
    where
        u1_0.id=? 
        and (
            u1_0.deleted_at IS NULL
        )
Hibernate: 
    select
        u1_0.id,
        u1_0.deleted_at,
        u1_0.email,
        u1_0.password,
        u1_0.tendency,
        u1_0.username 
    from
        users u1_0 
    where
        u1_0.id=? 
        and (
            u1_0.deleted_at IS NULL
        )
Hibernate: 
    select
        u1_0.id,
        u1_0.deleted_at,
        u1_0.email,
        u1_0.password,
        u1_0.tendency,
        u1_0.username 
    from
        users u1_0 
    where
        u1_0.id=? 
        and (
            u1_0.deleted_at IS NULL
        )
Hibernate: 
    select
        u1_0.id,
        u1_0.deleted_at,
        u1_0.email,
        u1_0.password,
        u1_0.tendency,
        u1_0.username 
    from
        users u1_0 
    where
        u1_0.id=? 
        and (
            u1_0.deleted_at IS NULL
        )
Hibernate: 
    select
        tp1_0.id,
        tp1_0.arrival_at_dest_time,
        tp1_0.budget_total,
        tp1_0.country_code,
        tp1_0.departure_flight_time,
        tp1_0.end_date,
        tp1_0.end_location,
        tp1_0.is_ai_generated,
        tp1_0.keywords,
        tp1_0.member_count,
        tp1_0.owner_id,
        tp1_0.return_flight_time,
        tp1_0.start_date,
        tp1_0.start_location,
        tp1_0.status,
        tp1_0.theme,
        tp1_0.title,
        tp1_0.with_car 
    from
        travel_plans tp1_0 
    where
        tp1_0.id=?
Hibernate: 
    select
        tp1_0.id,
        tp1_0.arrival_at_dest_time,
        tp1_0.budget_total,
        tp1_0.country_code,
        tp1_0.departure_flight_time,
        tp1_0.end_date,
        tp1_0.end_location,
        tp1_0.is_ai_generated,
        tp1_0.keywords,
        tp1_0.member_count,
        tp1_0.owner_id,
        tp1_0.return_flight_time,
        tp1_0.start_date,
        tp1_0.start_location,
        tp1_0.status,
        tp1_0.theme,
        tp1_0.title,
        tp1_0.with_car 
    from
        travel_plans tp1_0 
    where
        tp1_0.id=?
Hibernate: 
    select
        u1_0.id,
        u1_0.deleted_at,
        u1_0.email,
        u1_0.password,
        u1_0.tendency,
        u1_0.username 
    from
        users u1_0 
    where
        u1_0.id=? 
        and (
            u1_0.deleted_at IS NULL
        )
Hibernate: 
    select
        tp1_0.id,
        tp1_0.arrival_at_dest_time,
        tp1_0.budget_total,
        tp1_0.country_code,
        tp1_0.departure_flight_time,
        tp1_0.end_date,
        tp1_0.end_location,
        tp1_0.is_ai_generated,
        tp1_0.keywords,
        tp1_0.member_count,
        tp1_0.owner_id,
        tp1_0.return_flight_time,
        tp1_0.start_date,
        tp1_0.start_location,
        tp1_0.status,
        tp1_0.theme,
        tp1_0.title,
        tp1_0.with_car 
    from
        travel_plans tp1_0 
    where
        tp1_0.id=?
Hibernate: 
    select
        tp1_0.id,
        tp1_0.arrival_at_dest_time,
        tp1_0.budget_total,
        tp1_0.country_code,
        tp1_0.departure_flight_time,
        tp1_0.end_date,
        tp1_0.end_location,
        tp1_0.is_ai_generated,
        tp1_0.keywords,
        tp1_0.member_count,
        tp1_0.owner_id,
        tp1_0.return_flight_time,
        tp1_0.start_date,
        tp1_0.start_location,
        tp1_0.status,
        tp1_0.theme,
        tp1_0.title,
        tp1_0.with_car 
    from
        travel_plans tp1_0 
    where
        tp1_0.id=?
Hibernate: 
    select
        u1_0.id,
        u1_0.deleted_at,
        u1_0.email,
        u1_0.password,
        u1_0.tendency,
        u1_0.username 
    from
        users u1_0 
    where
        u1_0.id=? 
        and (
            u1_0.deleted_at IS NULL
        )
Hibernate: 
    select
        tm1_0.id 
    from
        travel_members tm1_0 
    where
        tm1_0.travel_plan_id=? 
        and tm1_0.user_id=? 
    fetch
        first ? rows only
Hibernate: 
    select
        tm1_0.id 
    from
        travel_members tm1_0 
    where
        tm1_0.travel_plan_id=? 
        and tm1_0.user_id=? 
    fetch
        first ? rows only
Hibernate: 
    select
        u1_0.id,
        u1_0.deleted_at,
        u1_0.email,
        u1_0.password,
        u1_0.tendency,
        u1_0.username 
    from
        users u1_0 
    where
        u1_0.id=? 
        and (
            u1_0.deleted_at IS NULL
        )
Hibernate: 
    select
        tp1_0.id,
        tp1_0.arrival_at_dest_time,
        tp1_0.budget_total,
        tp1_0.country_code,
        tp1_0.departure_flight_time,
        tp1_0.end_date,
        tp1_0.end_location,
        tp1_0.is_ai_generated,
        tp1_0.keywords,
        tp1_0.member_count,
        tp1_0.owner_id,
        tp1_0.return_flight_time,
        tp1_0.start_date,
        tp1_0.start_location,
        tp1_0.status,
        tp1_0.theme,
        tp1_0.title,
        tp1_0.with_car 
    from
        travel_plans tp1_0 
    where
        tp1_0.id=?
Hibernate: 
    select
        u1_0.id,
        u1_0.deleted_at,
        u1_0.email,
        u1_0.password,
        u1_0.tendency,
        u1_0.username 
    from
        users u1_0 
    where
        u1_0.id=? 
        and (
            u1_0.deleted_at IS NULL
        )
Hibernate: 
    select
        tm1_0.id 
    from
        travel_members tm1_0 
    where
        tm1_0.travel_plan_id=? 
        and tm1_0.user_id=? 
    fetch
        first ? rows only
Hibernate: 
    select
        u1_0.id,
        u1_0.deleted_at,
        u1_0.email,
        u1_0.password,
        u1_0.tendency,
        u1_0.username 
    from
        users u1_0 
    where
        u1_0.id=? 
        and (
            u1_0.deleted_at IS NULL
        )
Hibernate: 
    select
        a1_0.id,
        a1_0.check_in,
        a1_0.check_out,
        a1_0.hotel_name,
        a1_0.price_per_night_krw,
        a1_0.travel_plan_id 
    from
        accommodations a1_0 
    where
        a1_0.travel_plan_id=?
Hibernate: 
    select
        tm1_0.id 
    from
        travel_members tm1_0 
    where
        tm1_0.travel_plan_id=? 
        and tm1_0.user_id=? 
    fetch
        first ? rows only
Hibernate: 
    select
        cr1_0.id,
        cr1_0.car_type,
        cr1_0.daily_rate_krw,
        cr1_0.estimated_fuel_krw,
        cr1_0.estimated_toll_krw,
        cr1_0.rental_days,
        cr1_0.travel_plan_id 
    from
        car_rentals cr1_0 
    where
        cr1_0.travel_plan_id=?
Hibernate: 
    select
        tm1_0.id 
    from
        travel_members tm1_0 
    where
        tm1_0.travel_plan_id=? 
        and tm1_0.user_id=? 
    fetch
        first ? rows only
Hibernate: 
    select
        distinct pd1_0.id,
        pd1_0.date,
        pd1_0.day_number,
        r1_0.plan_day_id,
        r1_0.id,
        r1_0.departure_time,
        r1_0.distance_km,
        r1_0.duration_minutes,
        r1_0.estimated_cost,
        r1_0.from_location_id,
        fl1_0.id,
        fl1_0.address,
        fl1_0.cached_at,
        fl1_0.description,
        fl1_0.external_id,
        fl1_0.is_open_now,
        fl1_0.lat,
        fl1_0.lng,
        fl1_0.name,
        fl1_0.rating,
        fl1_0.review_count,
        fl1_0.source,
        fl1_0.type,
        r1_0.note,
        r1_0.sequence,
        r1_0.to_location_id,
        tl1_0.id,
        tl1_0.address,
        tl1_0.cached_at,
        tl1_0.description,
        tl1_0.external_id,
        tl1_0.is_open_now,
        tl1_0.lat,
        tl1_0.lng,
        tl1_0.name,
        tl1_0.rating,
        tl1_0.review_count,
        tl1_0.source,
        tl1_0.type,
        r1_0.transport,
        pd1_0.travel_plan_id 
    from
        plan_days pd1_0 
    left join
        plan_routes r1_0 
            on pd1_0.id=r1_0.plan_day_id 
    left join
        locations fl1_0 
            on fl1_0.id=r1_0.from_location_id 
    left join
        locations tl1_0 
            on tl1_0.id=r1_0.to_location_id 
    where
        pd1_0.travel_plan_id=? 
    order by
        pd1_0.day_number,
        r1_0.sequence
Hibernate: 
    select
        distinct pd1_0.id,
        pd1_0.date,
        pd1_0.day_number,
        r1_0.plan_day_id,
        r1_0.id,
        r1_0.departure_time,
        r1_0.distance_km,
        r1_0.duration_minutes,
        r1_0.estimated_cost,
        r1_0.from_location_id,
        fl1_0.id,
        fl1_0.address,
        fl1_0.cached_at,
        fl1_0.description,
        fl1_0.external_id,
        fl1_0.is_open_now,
        fl1_0.lat,
        fl1_0.lng,
        fl1_0.name,
        fl1_0.rating,
        fl1_0.review_count,
        fl1_0.source,
        fl1_0.type,
        r1_0.note,
        r1_0.sequence,
        r1_0.to_location_id,
        tl1_0.id,
        tl1_0.address,
        tl1_0.cached_at,
        tl1_0.description,
        tl1_0.external_id,
        tl1_0.is_open_now,
        tl1_0.lat,
        tl1_0.lng,
        tl1_0.name,
        tl1_0.rating,
        tl1_0.review_count,
        tl1_0.source,
        tl1_0.type,
        r1_0.transport,
        pd1_0.travel_plan_id 
    from
        plan_days pd1_0 
    left join
        plan_routes r1_0 
            on pd1_0.id=r1_0.plan_day_id 
    left join
        locations fl1_0 
            on fl1_0.id=r1_0.from_location_id 
    left join
        locations tl1_0 
            on tl1_0.id=r1_0.to_location_id 
    where
        pd1_0.travel_plan_id=? 
    order by
        pd1_0.day_number,
        r1_0.sequence
Hibernate: 
    select
        cr1_0.id,
        cr1_0.car_type,
        cr1_0.daily_rate_krw,
        cr1_0.estimated_fuel_krw,
        cr1_0.estimated_toll_krw,
        cr1_0.rental_days,
        cr1_0.travel_plan_id 
    from
        car_rentals cr1_0 
    where
        cr1_0.travel_plan_id=?
Hibernate: 
    select
        a1_0.id,
        a1_0.check_in,
        a1_0.check_out,
        a1_0.hotel_name,
        a1_0.price_per_night_krw,
        a1_0.travel_plan_id 
    from
        accommodations a1_0 
    where
        a1_0.travel_plan_id=?
